2026-06-11T19:03:54.140+08:00  INFO 360749 --- [TaskBountyPlatform] [main] c.f.t.TaskBountyPlatformApplicationTests : Starting TaskBountyPlatformApplicationTests using Java 17.0.15 with PID 360749 (started by gr in /home/gr/cxy/code/Micro-task-Bounty-Platform/backend)
2026-06-11T19:03:54.142+08:00 DEBUG 360749 --- [TaskBountyPlatform] [main] c.f.t.TaskBountyPlatformApplicationTests : Running with Spring Boot v3.5.14, Spring v6.2.18
2026-06-11T19:03:54.142+08:00  INFO 360749 --- [TaskBountyPlatform] [main] c.f.t.TaskBountyPlatformApplicationTests : The following 1 profile is active: "test"
2026-06-11T19:03:55.104+08:00  INFO 360749 --- [TaskBountyPlatform] [main] .s.d.r.c.RepositoryConfigurationDelegate : Bootstrapping Spring Data JPA repositories in DEFAULT mode.
2026-06-11T19:03:55.193+08:00  INFO 360749 --- [TaskBountyPlatform] [main] .s.d.r.c.RepositoryConfigurationDelegate : Finished Spring Data repository scanning in 79 ms. Found 18 JPA repository interfaces.
2026-06-11T19:03:55.769+08:00  INFO 360749 --- [TaskBountyPlatform] [main] o.hibernate.jpa.internal.util.LogHelper  : HHH000204: Processing PersistenceUnitInfo [name: default]
2026-06-11T19:03:55.820+08:00  INFO 360749 --- [TaskBountyPlatform] [main] org.hibernate.Version                    : HHH000412: Hibernate ORM core version 6.6.49.Final
2026-06-11T19:03:55.852+08:00  INFO 360749 --- [TaskBountyPlatform] [main] o.h.c.internal.RegionFactoryInitiator    : HHH000026: Second-level cache disabled
2026-06-11T19:03:56.079+08:00  INFO 360749 --- [TaskBountyPlatform] [main] o.s.o.j.p.SpringPersistenceUnitInfo      : No LoadTimeWeaver setup: ignoring JPA class transformer
2026-06-11T19:03:56.104+08:00  INFO 360749 --- [TaskBountyPlatform] [main] com.zaxxer.hikari.HikariDataSource       : HikariPool-1 - Starting...
2026-06-11T19:03:56.232+08:00  INFO 360749 --- [TaskBountyPlatform] [main] com.zaxxer.hikari.pool.HikariPool        : HikariPool-1 - Added connection conn0: url=jdbc:h2:mem:testdb user=SA
2026-06-11T19:03:56.233+08:00  INFO 360749 --- [TaskBountyPlatform] [main] com.zaxxer.hikari.HikariDataSource       : HikariPool-1 - Start completed.
2026-06-11T19:03:56.255+08:00  WARN 360749 --- [TaskBountyPlatform] [main] org.hibernate.dialect.Dialect            : HHH000511: The 2.3.232 version for [org.hibernate.dialect.MySQLDialect] is no longer supported, hence certain features may not work properly. The minimum supported version is 8.0.0. Check the community dialects project for available legacy versions.
2026-06-11T19:03:56.258+08:00  WARN 360749 --- [TaskBountyPlatform] [main] org.hibernate.orm.deprecation            : HHH90000025: MySQLDialect does not need to be specified explicitly using 'hibernate.dialect' (remove the property setting and it will be selected by default)
2026-06-11T19:03:56.270+08:00  INFO 360749 --- [TaskBountyPlatform] [main] org.hibernate.orm.connections.pooling    : HHH10001005: Database info:
	Database JDBC URL [Connecting through datasource 'HikariDataSource (HikariPool-1)']
	Database driver: undefined/unknown
	Database version: 2.3.232
	Autocommit mode: undefined/unknown
	Isolation level: undefined/unknown
	Minimum pool size: undefined/unknown
	Maximum pool size: undefined/unknown
2026-06-11T19:03:57.216+08:00  INFO 360749 --- [TaskBountyPlatform] [main] o.h.e.t.j.p.i.JtaPlatformInitiator       : HHH000489: No JTA platform available (set 'hibernate.transaction.jta.platform' to enable JTA platform integration)
2026-06-11T19:03:57.273+08:00  INFO 360749 --- [TaskBountyPlatform] [main] j.LocalContainerEntityManagerFactoryBean : Initialized JPA EntityManagerFactory for persistence unit 'default'
2026-06-11T19:03:57.538+08:00  INFO 360749 --- [TaskBountyPlatform] [main] o.s.d.j.r.query.QueryEnhancerFactory     : Hibernate is in classpath; If applicable, HQL parser will be used.
2026-06-11T19:03:58.687+08:00  WARN 360749 --- [TaskBountyPlatform] [main] JpaBaseConfiguration$JpaWebConfiguration : spring.jpa.open-in-view is enabled by default. Therefore, database queries may be performed during view rendering. Explicitly configure spring.jpa.open-in-view to disable this warning
2026-06-11T19:03:58.711+08:00  INFO 360749 --- [TaskBountyPlatform] [main] o.s.b.a.w.s.WelcomePageHandlerMapping    : Adding welcome page: class path resource [static/index.html]
2026-06-11T19:03:59.087+08:00  INFO 360749 --- [TaskBountyPlatform] [main] o.s.b.a.e.web.EndpointLinksResolver      : Exposing 3 endpoints beneath base path '/actuator'
2026-06-11T19:03:59.115+08:00  WARN 360749 --- [TaskBountyPlatform] [main] .s.s.UserDetailsServiceAutoConfiguration : 

Using generated security password: c81aea2f-fe01-4234-a8c7-351f2d995782

This generated password is for development use only. Your security configuration must be updated before running your application in production.

2026-06-11T19:03:59.122+08:00  INFO 360749 --- [TaskBountyPlatform] [main] r$InitializeUserDetailsManagerConfigurer : Global AuthenticationManager configured with UserDetailsService bean with name inMemoryUserDetailsManager
2026-06-11T19:03:59.615+08:00  INFO 360749 --- [TaskBountyPlatform] [main] c.f.t.TaskBountyPlatformApplicationTests : Started TaskBountyPlatformApplicationTests in 5.745 seconds (process running for 6.539)
2026-06-11T19:04:00.021+08:00  INFO 360749 --- [TaskBountyPlatform] [SpringApplicationShutdownHook] j.LocalContainerEntityManagerFactoryBean : Closing JPA EntityManagerFactory for persistence unit 'default'
2026-06-11T19:04:00.033+08:00  INFO 360749 --- [TaskBountyPlatform] [SpringApplicationShutdownHook] com.zaxxer.hikari.HikariDataSource       : HikariPool-1 - Shutdown initiated...
2026-06-11T19:04:00.035+08:00  INFO 360749 --- [TaskBountyPlatform] [SpringApplicationShutdownHook] com.zaxxer.hikari.HikariDataSource       : HikariPool-1 - Shutdown completed.
2026-06-11T19:36:02.966+08:00  INFO 366224 --- [TaskBountyPlatform] [main] c.f.t.TaskBountyPlatformApplication      : Starting TaskBountyPlatformApplication using Java 21.0.10 with PID 366224 (/home/gr/cxy/code/Micro-task-Bounty-Platform/backend/target/classes started by gr in /home/gr/cxy/code/Micro-task-Bounty-Platform/backend)
2026-06-11T19:36:02.967+08:00 DEBUG 366224 --- [TaskBountyPlatform] [main] c.f.t.TaskBountyPlatformApplication      : Running with Spring Boot v3.5.14, Spring v6.2.18
2026-06-11T19:36:02.967+08:00  INFO 366224 --- [TaskBountyPlatform] [main] c.f.t.TaskBountyPlatformApplication      : No active profile set, falling back to 1 default profile: "default"
2026-06-11T19:36:03.736+08:00  INFO 366224 --- [TaskBountyPlatform] [main] .s.d.r.c.RepositoryConfigurationDelegate : Bootstrapping Spring Data JPA repositories in DEFAULT mode.
2026-06-11T19:36:03.810+08:00  INFO 366224 --- [TaskBountyPlatform] [main] .s.d.r.c.RepositoryConfigurationDelegate : Finished Spring Data repository scanning in 69 ms. Found 18 JPA repository interfaces.
2026-06-11T19:36:04.241+08:00  INFO 366224 --- [TaskBountyPlatform] [main] o.s.b.w.embedded.tomcat.TomcatWebServer  : Tomcat initialized with port 8080 (http)
2026-06-11T19:36:04.250+08:00  INFO 366224 --- [TaskBountyPlatform] [main] o.apache.catalina.core.StandardService   : Starting service [Tomcat]
2026-06-11T19:36:04.250+08:00  INFO 366224 --- [TaskBountyPlatform] [main] o.apache.catalina.core.StandardEngine    : Starting Servlet engine: [Apache Tomcat/10.1.54]
2026-06-11T19:36:04.283+08:00  INFO 366224 --- [TaskBountyPlatform] [main] o.a.c.c.C.[Tomcat].[localhost].[/]       : Initializing Spring embedded WebApplicationContext
2026-06-11T19:36:04.283+08:00  INFO 366224 --- [TaskBountyPlatform] [main] w.s.c.ServletWebServerApplicationContext : Root WebApplicationContext: initialization completed in 1289 ms
2026-06-11T19:36:04.485+08:00  INFO 366224 --- [TaskBountyPlatform] [main] o.hibernate.jpa.internal.util.LogHelper  : HHH000204: Processing PersistenceUnitInfo [name: default]
2026-06-11T19:36:04.528+08:00  INFO 366224 --- [TaskBountyPlatform] [main] org.hibernate.Version                    : HHH000412: Hibernate ORM core version 6.6.49.Final
2026-06-11T19:36:04.558+08:00  INFO 366224 --- [TaskBountyPlatform] [main] o.h.c.internal.RegionFactoryInitiator    : HHH000026: Second-level cache disabled
2026-06-11T19:36:04.755+08:00  INFO 366224 --- [TaskBountyPlatform] [main] o.s.o.j.p.SpringPersistenceUnitInfo      : No LoadTimeWeaver setup: ignoring JPA class transformer
2026-06-11T19:36:04.773+08:00  INFO 366224 --- [TaskBountyPlatform] [main] com.zaxxer.hikari.HikariDataSource       : HikariPool-1 - Starting...
2026-06-11T19:36:05.839+08:00  WARN 366224 --- [TaskBountyPlatform] [main] o.h.engine.jdbc.spi.SqlExceptionHelper   : SQL Error: 0, SQLState: 08S01
2026-06-11T19:36:05.839+08:00 ERROR 366224 --- [TaskBountyPlatform] [main] o.h.engine.jdbc.spi.SqlExceptionHelper   : Communications link failure

The last packet sent successfully to the server was 0 milliseconds ago. The driver has not received any packets from the server.
2026-06-11T19:36:05.840+08:00  WARN 366224 --- [TaskBountyPlatform] [main] o.h.e.j.e.i.JdbcEnvironmentInitiator     : HHH000342: Could not obtain connection to query metadata

org.hibernate.exception.JDBCConnectionException: unable to obtain isolated JDBC connection [Communications link failure

The last packet sent successfully to the server was 0 milliseconds ago. The driver has not received any packets from the server.] [n/a]
	at org.hibernate.exception.internal.SQLStateConversionDelegate.convert(SQLStateConversionDelegate.java:100) ~[hibernate-core-6.6.49.Final.jar:6.6.49.Final]
	at org.hibernate.exception.internal.StandardSQLExceptionConverter.convert(StandardSQLExceptionConverter.java:58) ~[hibernate-core-6.6.49.Final.jar:6.6.49.Final]
	at org.hibernate.engine.jdbc.spi.SqlExceptionHelper.convert(SqlExceptionHelper.java:108) ~[hibernate-core-6.6.49.Final.jar:6.6.49.Final]
	at org.hibernate.engine.jdbc.spi.SqlExceptionHelper.convert(SqlExceptionHelper.java:94) ~[hibernate-core-6.6.49.Final.jar:6.6.49.Final]
	at org.hibernate.resource.transaction.backend.jdbc.internal.JdbcIsolationDelegate.delegateWork(JdbcIsolationDelegate.java:116) ~[hibernate-core-6.6.49.Final.jar:6.6.49.Final]
	at org.hibernate.engine.jdbc.env.internal.JdbcEnvironmentInitiator.getJdbcEnvironmentUsingJdbcMetadata(JdbcEnvironmentInitiator.java:334) ~[hibernate-core-6.6.49.Final.jar:6.6.49.Final]
	at org.hibernate.engine.jdbc.env.internal.JdbcEnvironmentInitiator.initiateService(JdbcEnvironmentInitiator.java:129) ~[hibernate-core-6.6.49.Final.jar:6.6.49.Final]
	at org.hibernate.engine.jdbc.env.internal.JdbcEnvironmentInitiator.initiateService(JdbcEnvironmentInitiator.java:81) ~[hibernate-core-6.6.49.Final.jar:6.6.49.Final]
	at org.hibernate.boot.registry.internal.StandardServiceRegistryImpl.initiateService(StandardServiceRegistryImpl.java:130) ~[hibernate-core-6.6.49.Final.jar:6.6.49.Final]
	at org.hibernate.service.internal.AbstractServiceRegistryImpl.createService(AbstractServiceRegistryImpl.java:263) ~[hibernate-core-6.6.49.Final.jar:6.6.49.Final]
	at org.hibernate.service.internal.AbstractServiceRegistryImpl.initializeService(AbstractServiceRegistryImpl.java:238) ~[hibernate-core-6.6.49.Final.jar:6.6.49.Final]
	at org.hibernate.service.internal.AbstractServiceRegistryImpl.getService(AbstractServiceRegistryImpl.java:215) ~[hibernate-core-6.6.49.Final.jar:6.6.49.Final]
	at org.hibernate.boot.model.relational.Database.<init>(Database.java:45) ~[hibernate-core-6.6.49.Final.jar:6.6.49.Final]
	at org.hibernate.boot.internal.InFlightMetadataCollectorImpl.getDatabase(InFlightMetadataCollectorImpl.java:226) ~[hibernate-core-6.6.49.Final.jar:6.6.49.Final]
	at org.hibernate.boot.internal.InFlightMetadataCollectorImpl.<init>(InFlightMetadataCollectorImpl.java:194) ~[hibernate-core-6.6.49.Final.jar:6.6.49.Final]
	at org.hibernate.boot.model.process.spi.MetadataBuildingProcess.complete(MetadataBuildingProcess.java:171) ~[hibernate-core-6.6.49.Final.jar:6.6.49.Final]
	at org.hibernate.jpa.boot.internal.EntityManagerFactoryBuilderImpl.metadata(EntityManagerFactoryBuilderImpl.java:1442) ~[hibernate-core-6.6.49.Final.jar:6.6.49.Final]
	at org.hibernate.jpa.boot.internal.EntityManagerFactoryBuilderImpl.build(EntityManagerFactoryBuilderImpl.java:1513) ~[hibernate-core-6.6.49.Final.jar:6.6.49.Final]
	at org.springframework.orm.jpa.vendor.SpringHibernateJpaPersistenceProvider.createContainerEntityManagerFactory(SpringHibernateJpaPersistenceProvider.java:66) ~[spring-orm-6.2.18.jar:6.2.18]
	at org.springframework.orm.jpa.LocalContainerEntityManagerFactoryBean.createNativeEntityManagerFactory(LocalContainerEntityManagerFactoryBean.java:388) ~[spring-orm-6.2.18.jar:6.2.18]
	at org.springframework.orm.jpa.AbstractEntityManagerFactoryBean.buildNativeEntityManagerFactory(AbstractEntityManagerFactoryBean.java:419) ~[spring-orm-6.2.18.jar:6.2.18]
	at org.springframework.orm.jpa.AbstractEntityManagerFactoryBean.afterPropertiesSet(AbstractEntityManagerFactoryBean.java:400) ~[spring-orm-6.2.18.jar:6.2.18]
	at org.springframework.orm.jpa.LocalContainerEntityManagerFactoryBean.afterPropertiesSet(LocalContainerEntityManagerFactoryBean.java:364) ~[spring-orm-6.2.18.jar:6.2.18]
	at org.springframework.beans.factory.support.AbstractAutowireCapableBeanFactory.invokeInitMethods(AbstractAutowireCapableBeanFactory.java:1873) ~[spring-beans-6.2.18.jar:6.2.18]
	at org.springframework.beans.factory.support.AbstractAutowireCapableBeanFactory.initializeBean(AbstractAutowireCapableBeanFactory.java:1822) ~[spring-beans-6.2.18.jar:6.2.18]
	at org.springframework.beans.factory.support.AbstractAutowireCapableBeanFactory.doCreateBean(AbstractAutowireCapableBeanFactory.java:607) ~[spring-beans-6.2.18.jar:6.2.18]
	at org.springframework.beans.factory.support.AbstractAutowireCapableBeanFactory.createBean(AbstractAutowireCapableBeanFactory.java:529) ~[spring-beans-6.2.18.jar:6.2.18]
	at org.springframework.beans.factory.support.AbstractBeanFactory.lambda$doGetBean$0(AbstractBeanFactory.java:339) ~[spring-beans-6.2.18.jar:6.2.18]
	at org.springframework.beans.factory.support.DefaultSingletonBeanRegistry.getSingleton(DefaultSingletonBeanRegistry.java:373) ~[spring-beans-6.2.18.jar:6.2.18]
	at org.springframework.beans.factory.support.AbstractBeanFactory.doGetBean(AbstractBeanFactory.java:337) ~[spring-beans-6.2.18.jar:6.2.18]
	at org.springframework.beans.factory.support.AbstractBeanFactory.getBean(AbstractBeanFactory.java:202) ~[spring-beans-6.2.18.jar:6.2.18]
	at org.springframework.beans.factory.support.BeanDefinitionValueResolver.resolveReference(BeanDefinitionValueResolver.java:365) ~[spring-beans-6.2.18.jar:6.2.18]
	at org.springframework.beans.factory.support.BeanDefinitionValueResolver.resolveValueIfNecessary(BeanDefinitionValueResolver.java:135) ~[spring-beans-6.2.18.jar:6.2.18]
	at org.springframework.beans.factory.support.ConstructorResolver.resolveConstructorArguments(ConstructorResolver.java:691) ~[spring-beans-6.2.18.jar:6.2.18]
	at org.springframework.beans.factory.support.ConstructorResolver.instantiateUsingFactoryMethod(ConstructorResolver.java:513) ~[spring-beans-6.2.18.jar:6.2.18]
	at org.springframework.beans.factory.support.AbstractAutowireCapableBeanFactory.instantiateUsingFactoryMethod(AbstractAutowireCapableBeanFactory.java:1375) ~[spring-beans-6.2.18.jar:6.2.18]
	at org.springframework.beans.factory.support.AbstractAutowireCapableBeanFactory.createBeanInstance(AbstractAutowireCapableBeanFactory.java:1205) ~[spring-beans-6.2.18.jar:6.2.18]
	at org.springframework.beans.factory.support.AbstractAutowireCapableBeanFactory.doCreateBean(AbstractAutowireCapableBeanFactory.java:569) ~[spring-beans-6.2.18.jar:6.2.18]
	at org.springframework.beans.factory.support.AbstractAutowireCapableBeanFactory.createBean(AbstractAutowireCapableBeanFactory.java:529) ~[spring-beans-6.2.18.jar:6.2.18]
	at org.springframework.beans.factory.support.AbstractBeanFactory.lambda$doGetBean$0(AbstractBeanFactory.java:339) ~[spring-beans-6.2.18.jar:6.2.18]
	at org.springframework.beans.factory.support.DefaultSingletonBeanRegistry.getSingleton(DefaultSingletonBeanRegistry.java:373) ~[spring-beans-6.2.18.jar:6.2.18]
	at org.springframework.beans.factory.support.AbstractBeanFactory.doGetBean(AbstractBeanFactory.java:337) ~[spring-beans-6.2.18.jar:6.2.18]
	at org.springframework.beans.factory.support.AbstractBeanFactory.getBean(AbstractBeanFactory.java:202) ~[spring-beans-6.2.18.jar:6.2.18]
	at org.springframework.beans.factory.support.BeanDefinitionValueResolver.resolveReference(BeanDefinitionValueResolver.java:365) ~[spring-beans-6.2.18.jar:6.2.18]
	at org.springframework.beans.factory.support.BeanDefinitionValueResolver.resolveValueIfNecessary(BeanDefinitionValueResolver.java:135) ~[spring-beans-6.2.18.jar:6.2.18]
	at org.springframework.beans.factory.support.AbstractAutowireCapableBeanFactory.applyPropertyValues(AbstractAutowireCapableBeanFactory.java:1725) ~[spring-beans-6.2.18.jar:6.2.18]
	at org.springframework.beans.factory.support.AbstractAutowireCapableBeanFactory.populateBean(AbstractAutowireCapableBeanFactory.java:1474) ~[spring-beans-6.2.18.jar:6.2.18]
	at org.springframework.beans.factory.support.AbstractAutowireCapableBeanFactory.doCreateBean(AbstractAutowireCapableBeanFactory.java:606) ~[spring-beans-6.2.18.jar:6.2.18]
	at org.springframework.beans.factory.support.AbstractAutowireCapableBeanFactory.createBean(AbstractAutowireCapableBeanFactory.java:529) ~[spring-beans-6.2.18.jar:6.2.18]
	at org.springframework.beans.factory.support.AbstractBeanFactory.lambda$doGetBean$0(AbstractBeanFactory.java:339) ~[spring-beans-6.2.18.jar:6.2.18]
	at org.springframework.beans.factory.support.DefaultSingletonBeanRegistry.getSingleton(DefaultSingletonBeanRegistry.java:373) ~[spring-beans-6.2.18.jar:6.2.18]
	at org.springframework.beans.factory.support.AbstractBeanFactory.doGetBean(AbstractBeanFactory.java:337) ~[spring-beans-6.2.18.jar:6.2.18]
	at org.springframework.beans.factory.support.AbstractBeanFactory.getBean(AbstractBeanFactory.java:202) ~[spring-beans-6.2.18.jar:6.2.18]
	at org.springframework.beans.factory.support.DefaultListableBeanFactory.doResolveDependency(DefaultListableBeanFactory.java:1708) ~[spring-beans-6.2.18.jar:6.2.18]
	at org.springframework.beans.factory.support.DefaultListableBeanFactory.resolveDependency(DefaultListableBeanFactory.java:1653) ~[spring-beans-6.2.18.jar:6.2.18]
	at org.springframework.beans.factory.support.ConstructorResolver.resolveAutowiredArgument(ConstructorResolver.java:913) ~[spring-beans-6.2.18.jar:6.2.18]
	at org.springframework.beans.factory.support.ConstructorResolver.createArgumentArray(ConstructorResolver.java:791) ~[spring-beans-6.2.18.jar:6.2.18]
	at org.springframework.beans.factory.support.ConstructorResolver.autowireConstructor(ConstructorResolver.java:240) ~[spring-beans-6.2.18.jar:6.2.18]
	at org.springframework.beans.factory.support.AbstractAutowireCapableBeanFactory.autowireConstructor(AbstractAutowireCapableBeanFactory.java:1395) ~[spring-beans-6.2.18.jar:6.2.18]
	at org.springframework.beans.factory.support.AbstractAutowireCapableBeanFactory.createBeanInstance(AbstractAutowireCapableBeanFactory.java:1232) ~[spring-beans-6.2.18.jar:6.2.18]
	at org.springframework.beans.factory.support.AbstractAutowireCapableBeanFactory.doCreateBean(AbstractAutowireCapableBeanFactory.java:569) ~[spring-beans-6.2.18.jar:6.2.18]
	at org.springframework.beans.factory.support.AbstractAutowireCapableBeanFactory.createBean(AbstractAutowireCapableBeanFactory.java:529) ~[spring-beans-6.2.18.jar:6.2.18]
	at org.springframework.beans.factory.support.AbstractBeanFactory.lambda$doGetBean$0(AbstractBeanFactory.java:339) ~[spring-beans-6.2.18.jar:6.2.18]
	at org.springframework.beans.factory.support.DefaultSingletonBeanRegistry.getSingleton(DefaultSingletonBeanRegistry.java:373) ~[spring-beans-6.2.18.jar:6.2.18]
	at org.springframework.beans.factory.support.AbstractBeanFactory.doGetBean(AbstractBeanFactory.java:337) ~[spring-beans-6.2.18.jar:6.2.18]
	at org.springframework.beans.factory.support.AbstractBeanFactory.getBean(AbstractBeanFactory.java:207) ~[spring-beans-6.2.18.jar:6.2.18]
	at org.springframework.boot.web.servlet.ServletContextInitializerBeans.getOrderedBeansOfType(ServletContextInitializerBeans.java:230) ~[spring-boot-3.5.14.jar:3.5.14]
	at org.springframework.boot.web.servlet.ServletContextInitializerBeans.addAsRegistrationBean(ServletContextInitializerBeans.java:184) ~[spring-boot-3.5.14.jar:3.5.14]
	at org.springframework.boot.web.servlet.ServletContextInitializerBeans.addAsRegistrationBean(ServletContextInitializerBeans.java:179) ~[spring-boot-3.5.14.jar:3.5.14]
	at org.springframework.boot.web.servlet.ServletContextInitializerBeans.addAdaptableBeans(ServletContextInitializerBeans.java:164) ~[spring-boot-3.5.14.jar:3.5.14]
	at org.springframework.boot.web.servlet.ServletContextInitializerBeans.<init>(ServletContextInitializerBeans.java:96) ~[spring-boot-3.5.14.jar:3.5.14]
	at org.springframework.boot.web.servlet.context.ServletWebServerApplicationContext.getServletContextInitializerBeans(ServletWebServerApplicationContext.java:271) ~[spring-boot-3.5.14.jar:3.5.14]
	at org.springframework.boot.web.servlet.context.ServletWebServerApplicationContext.selfInitialize(ServletWebServerApplicationContext.java:245) ~[spring-boot-3.5.14.jar:3.5.14]
	at org.springframework.boot.web.embedded.tomcat.TomcatStarter.onStartup(TomcatStarter.java:52) ~[spring-boot-3.5.14.jar:3.5.14]
	at org.apache.catalina.core.StandardContext.startInternal(StandardContext.java:4452) ~[tomcat-embed-core-10.1.54.jar:10.1.54]
	at org.apache.catalina.util.LifecycleBase.start(LifecycleBase.java:164) ~[tomcat-embed-core-10.1.54.jar:10.1.54]
	at org.apache.catalina.core.ContainerBase$StartChild.call(ContainerBase.java:1201) ~[tomcat-embed-core-10.1.54.jar:10.1.54]
	at org.apache.catalina.core.ContainerBase$StartChild.call(ContainerBase.java:1191) ~[tomcat-embed-core-10.1.54.jar:10.1.54]
	at java.base/java.util.concurrent.FutureTask.run(Unknown Source) ~[na:na]
	at org.apache.tomcat.util.threads.InlineExecutorService.execute(InlineExecutorService.java:81) ~[tomcat-embed-core-10.1.54.jar:10.1.54]
	at java.base/java.util.concurrent.AbstractExecutorService.submit(Unknown Source) ~[na:na]
	at org.apache.catalina.core.ContainerBase.startInternal(ContainerBase.java:747) ~[tomcat-embed-core-10.1.54.jar:10.1.54]
	at org.apache.catalina.core.StandardHost.startInternal(StandardHost.java:783) ~[tomcat-embed-core-10.1.54.jar:10.1.54]
	at org.apache.catalina.util.LifecycleBase.start(LifecycleBase.java:164) ~[tomcat-embed-core-10.1.54.jar:10.1.54]
	at org.apache.catalina.core.ContainerBase$StartChild.call(ContainerBase.java:1201) ~[tomcat-embed-core-10.1.54.jar:10.1.54]
	at org.apache.catalina.core.ContainerBase$StartChild.call(ContainerBase.java:1191) ~[tomcat-embed-core-10.1.54.jar:10.1.54]
	at java.base/java.util.concurrent.FutureTask.run(Unknown Source) ~[na:na]
	at org.apache.tomcat.util.threads.InlineExecutorService.execute(InlineExecutorService.java:81) ~[tomcat-embed-core-10.1.54.jar:10.1.54]
	at java.base/java.util.concurrent.AbstractExecutorService.submit(Unknown Source) ~[na:na]
	at org.apache.catalina.core.ContainerBase.startInternal(ContainerBase.java:747) ~[tomcat-embed-core-10.1.54.jar:10.1.54]
	at org.apache.catalina.core.StandardEngine.startInternal(StandardEngine.java:201) ~[tomcat-embed-core-10.1.54.jar:10.1.54]
	at org.apache.catalina.util.LifecycleBase.start(LifecycleBase.java:164) ~[tomcat-embed-core-10.1.54.jar:10.1.54]
	at org.apache.catalina.core.StandardService.startInternal(StandardService.java:410) ~[tomcat-embed-core-10.1.54.jar:10.1.54]
	at org.apache.catalina.util.LifecycleBase.start(LifecycleBase.java:164) ~[tomcat-embed-core-10.1.54.jar:10.1.54]
	at org.apache.catalina.core.StandardServer.startInternal(StandardServer.java:868) ~[tomcat-embed-core-10.1.54.jar:10.1.54]
	at org.apache.catalina.util.LifecycleBase.start(LifecycleBase.java:164) ~[tomcat-embed-core-10.1.54.jar:10.1.54]
	at org.apache.catalina.startup.Tomcat.start(Tomcat.java:436) ~[tomcat-embed-core-10.1.54.jar:10.1.54]
	at org.springframework.boot.web.embedded.tomcat.TomcatWebServer.initialize(TomcatWebServer.java:128) ~[spring-boot-3.5.14.jar:3.5.14]
	at org.springframework.boot.web.embedded.tomcat.TomcatWebServer.<init>(TomcatWebServer.java:107) ~[spring-boot-3.5.14.jar:3.5.14]
	at org.springframework.boot.web.embedded.tomcat.TomcatServletWebServerFactory.getTomcatWebServer(TomcatServletWebServerFactory.java:517) ~[spring-boot-3.5.14.jar:3.5.14]
	at org.springframework.boot.web.embedded.tomcat.TomcatServletWebServerFactory.getWebServer(TomcatServletWebServerFactory.java:219) ~[spring-boot-3.5.14.jar:3.5.14]
	at org.springframework.boot.web.servlet.context.ServletWebServerApplicationContext.createWebServer(ServletWebServerApplicationContext.java:193) ~[spring-boot-3.5.14.jar:3.5.14]
	at org.springframework.boot.web.servlet.context.ServletWebServerApplicationContext.onRefresh(ServletWebServerApplicationContext.java:167) ~[spring-boot-3.5.14.jar:3.5.14]
	at org.springframework.context.support.AbstractApplicationContext.refresh(AbstractApplicationContext.java:622) ~[spring-context-6.2.18.jar:6.2.18]
	at org.springframework.boot.web.servlet.context.ServletWebServerApplicationContext.refresh(ServletWebServerApplicationContext.java:146) ~[spring-boot-3.5.14.jar:3.5.14]
	at org.springframework.boot.SpringApplication.refresh(SpringApplication.java:752) ~[spring-boot-3.5.14.jar:3.5.14]
	at org.springframework.boot.SpringApplication.refreshContext(SpringApplication.java:439) ~[spring-boot-3.5.14.jar:3.5.14]
	at org.springframework.boot.SpringApplication.run(SpringApplication.java:318) ~[spring-boot-3.5.14.jar:3.5.14]
	at org.springframework.boot.SpringApplication.run(SpringApplication.java:1361) ~[spring-boot-3.5.14.jar:3.5.14]
	at org.springframework.boot.SpringApplication.run(SpringApplication.java:1350) ~[spring-boot-3.5.14.jar:3.5.14]
	at com.firstteam.taskbountyplatform.TaskBountyPlatformApplication.main(TaskBountyPlatformApplication.java:14) ~[classes/:na]
Caused by: com.mysql.cj.jdbc.exceptions.CommunicationsException: Communications link failure

The last packet sent successfully to the server was 0 milliseconds ago. The driver has not received any packets from the server.
	at com.mysql.cj.jdbc.exceptions.SQLError.createCommunicationsException(SQLError.java:165) ~[mysql-connector-j-9.7.0.jar:9.7.0]
	at com.mysql.cj.jdbc.exceptions.SQLExceptionsMapping.translateException(SQLExceptionsMapping.java:55) ~[mysql-connector-j-9.7.0.jar:9.7.0]
	at com.mysql.cj.jdbc.ConnectionImpl.createNewIO(ConnectionImpl.java:840) ~[mysql-connector-j-9.7.0.jar:9.7.0]
	at com.mysql.cj.jdbc.ConnectionImpl.<init>(ConnectionImpl.java:416) ~[mysql-connector-j-9.7.0.jar:9.7.0]
	at com.mysql.cj.jdbc.ConnectionImpl.getInstance(ConnectionImpl.java:237) ~[mysql-connector-j-9.7.0.jar:9.7.0]
	at com.mysql.cj.jdbc.NonRegisteringDriver.connect(NonRegisteringDriver.java:180) ~[mysql-connector-j-9.7.0.jar:9.7.0]
	at com.zaxxer.hikari.util.DriverDataSource.getConnection(DriverDataSource.java:144) ~[HikariCP-6.3.3.jar:na]
	at com.zaxxer.hikari.pool.PoolBase.newConnection(PoolBase.java:370) ~[HikariCP-6.3.3.jar:na]
	at com.zaxxer.hikari.pool.PoolBase.newPoolEntry(PoolBase.java:207) ~[HikariCP-6.3.3.jar:na]
	at com.zaxxer.hikari.pool.HikariPool.createPoolEntry(HikariPool.java:488) ~[HikariCP-6.3.3.jar:na]
	at com.zaxxer.hikari.pool.HikariPool.checkFailFast(HikariPool.java:576) ~[HikariCP-6.3.3.jar:na]
	at com.zaxxer.hikari.pool.HikariPool.<init>(HikariPool.java:97) ~[HikariCP-6.3.3.jar:na]
	at com.zaxxer.hikari.HikariDataSource.getConnection(HikariDataSource.java:111) ~[HikariCP-6.3.3.jar:na]
	at org.hibernate.engine.jdbc.connections.internal.DatasourceConnectionProviderImpl.getConnection(DatasourceConnectionProviderImpl.java:126) ~[hibernate-core-6.6.49.Final.jar:6.6.49.Final]
	at org.hibernate.engine.jdbc.env.internal.JdbcEnvironmentInitiator$ConnectionProviderJdbcConnectionAccess.obtainConnection(JdbcEnvironmentInitiator.java:485) ~[hibernate-core-6.6.49.Final.jar:6.6.49.Final]
	at org.hibernate.resource.transaction.backend.jdbc.internal.JdbcIsolationDelegate.delegateWork(JdbcIsolationDelegate.java:61) ~[hibernate-core-6.6.49.Final.jar:6.6.49.Final]
	... 106 common frames omitted
Caused by: com.mysql.cj.exceptions.CJCommunicationsException: Communications link failure

The last packet sent successfully to the server was 0 milliseconds ago. The driver has not received any packets from the server.
	at java.base/jdk.internal.reflect.DirectConstructorHandleAccessor.newInstance(Unknown Source) ~[na:na]
	at java.base/java.lang.reflect.Constructor.newInstanceWithCaller(Unknown Source) ~[na:na]
	at java.base/java.lang.reflect.Constructor.newInstance(Unknown Source) ~[na:na]
	at com.mysql.cj.exceptions.ExceptionFactory.createException(ExceptionFactory.java:52) ~[mysql-connector-j-9.7.0.jar:9.7.0]
	at com.mysql.cj.exceptions.ExceptionFactory.createException(ExceptionFactory.java:95) ~[mysql-connector-j-9.7.0.jar:9.7.0]
	at com.mysql.cj.exceptions.ExceptionFactory.createException(ExceptionFactory.java:140) ~[mysql-connector-j-9.7.0.jar:9.7.0]
	at com.mysql.cj.exceptions.ExceptionFactory.createCommunicationsException(ExceptionFactory.java:156) ~[mysql-connector-j-9.7.0.jar:9.7.0]
	at com.mysql.cj.protocol.a.NativeSocketConnection.connect(NativeSocketConnection.java:79) ~[mysql-connector-j-9.7.0.jar:9.7.0]
	at com.mysql.cj.NativeSession.connect(NativeSession.java:142) ~[mysql-connector-j-9.7.0.jar:9.7.0]
	at com.mysql.cj.jdbc.ConnectionImpl.connectOneTryOnly(ConnectionImpl.java:964) ~[mysql-connector-j-9.7.0.jar:9.7.0]
	at com.mysql.cj.jdbc.ConnectionImpl.createNewIO(ConnectionImpl.java:828) ~[mysql-connector-j-9.7.0.jar:9.7.0]
	... 119 common frames omitted
Caused by: java.net.ConnectException: Connection refused
	at java.base/sun.nio.ch.Net.pollConnect(Native Method) ~[na:na]
	at java.base/sun.nio.ch.Net.pollConnectNow(Unknown Source) ~[na:na]
	at java.base/sun.nio.ch.NioSocketImpl.timedFinishConnect(Unknown Source) ~[na:na]
	at java.base/sun.nio.ch.NioSocketImpl.connect(Unknown Source) ~[na:na]
	at java.base/java.net.SocksSocketImpl.connect(Unknown Source) ~[na:na]
	at java.base/java.net.Socket.connect(Unknown Source) ~[na:na]
	at com.mysql.cj.protocol.StandardSocketFactory.connect(StandardSocketFactory.java:144) ~[mysql-connector-j-9.7.0.jar:9.7.0]
	at com.mysql.cj.protocol.a.NativeSocketConnection.connect(NativeSocketConnection.java:53) ~[mysql-connector-j-9.7.0.jar:9.7.0]
	... 122 common frames omitted

2026-06-11T19:36:05.859+08:00  WARN 366224 --- [TaskBountyPlatform] [main] org.hibernate.orm.deprecation            : HHH90000025: MySQLDialect does not need to be specified explicitly using 'hibernate.dialect' (remove the property setting and it will be selected by default)
2026-06-11T19:36:05.867+08:00  INFO 366224 --- [TaskBountyPlatform] [main] org.hibernate.orm.connections.pooling    : HHH10001005: Database info:
	Database JDBC URL [Connecting through datasource 'HikariDataSource (null)']
	Database driver: undefined/unknown
	Database version: 8.0
	Autocommit mode: undefined/unknown
	Isolation level: undefined/unknown
	Minimum pool size: undefined/unknown
	Maximum pool size: undefined/unknown
2026-06-11T19:36:06.698+08:00  INFO 366224 --- [TaskBountyPlatform] [main] o.h.e.t.j.p.i.JtaPlatformInitiator       : HHH000489: No JTA platform available (set 'hibernate.transaction.jta.platform' to enable JTA platform integration)
2026-06-11T19:36:06.713+08:00  INFO 366224 --- [TaskBountyPlatform] [main] com.zaxxer.hikari.HikariDataSource       : HikariPool-1 - Starting...
2026-06-11T19:36:07.714+08:00  WARN 366224 --- [TaskBountyPlatform] [main] o.h.engine.jdbc.spi.SqlExceptionHelper   : SQL Error: 0, SQLState: 08S01
2026-06-11T19:36:07.715+08:00 ERROR 366224 --- [TaskBountyPlatform] [main] o.h.engine.jdbc.spi.SqlExceptionHelper   : Communications link failure

The last packet sent successfully to the server was 0 milliseconds ago. The driver has not received any packets from the server.
2026-06-11T19:36:07.720+08:00 ERROR 366224 --- [TaskBountyPlatform] [main] j.LocalContainerEntityManagerFactoryBean : Failed to initialize JPA EntityManagerFactory: [PersistenceUnit: default] Unable to build Hibernate SessionFactory; nested exception is org.hibernate.exception.JDBCConnectionException: Unable to open JDBC Connection for DDL execution [Communications link failure

The last packet sent successfully to the server was 0 milliseconds ago. The driver has not received any packets from the server.] [n/a]
2026-06-11T19:36:07.722+08:00 ERROR 366224 --- [TaskBountyPlatform] [main] o.s.b.web.embedded.tomcat.TomcatStarter  : Error starting Tomcat context. Exception: org.springframework.beans.factory.UnsatisfiedDependencyException. Message: Error creating bean with name 'jwtAuthenticationFilter' defined in file [/home/gr/cxy/code/Micro-task-Bounty-Platform/backend/target/classes/com/firstteam/taskbountyplatform/auth/security/JwtAuthenticationFilter.class]: Unsatisfied dependency expressed through constructor parameter 1: Error creating bean with name 'userRepository' defined in com.firstteam.taskbountyplatform.user.repository.UserRepository defined in @EnableJpaRepositories declared on JpaRepositoriesRegistrar.EnableJpaRepositoriesConfiguration: Cannot resolve reference to bean 'jpaSharedEM_entityManagerFactory' while setting bean property 'entityManager'
2026-06-11T19:36:07.744+08:00  INFO 366224 --- [TaskBountyPlatform] [main] o.apache.catalina.core.StandardService   : Stopping service [Tomcat]
2026-06-11T19:36:07.748+08:00  WARN 366224 --- [TaskBountyPlatform] [main] ConfigServletWebServerApplicationContext : Exception encountered during context initialization - cancelling refresh attempt: org.springframework.context.ApplicationContextException: Unable to start web server
2026-06-11T19:36:07.760+08:00  INFO 366224 --- [TaskBountyPlatform] [main] .s.b.a.l.ConditionEvaluationReportLogger : 

Error starting ApplicationContext. To display the condition evaluation report re-run your application with 'debug' enabled.
2026-06-11T19:36:07.772+08:00 ERROR 366224 --- [TaskBountyPlatform] [main] o.s.boot.SpringApplication               : Application run failed

org.springframework.context.ApplicationContextException: Unable to start web server
	at org.springframework.boot.web.servlet.context.ServletWebServerApplicationContext.onRefresh(ServletWebServerApplicationContext.java:170) ~[spring-boot-3.5.14.jar:3.5.14]
	at org.springframework.context.support.AbstractApplicationContext.refresh(AbstractApplicationContext.java:622) ~[spring-context-6.2.18.jar:6.2.18]
	at org.springframework.boot.web.servlet.context.ServletWebServerApplicationContext.refresh(ServletWebServerApplicationContext.java:146) ~[spring-boot-3.5.14.jar:3.5.14]
	at org.springframework.boot.SpringApplication.refresh(SpringApplication.java:752) ~[spring-boot-3.5.14.jar:3.5.14]
	at org.springframework.boot.SpringApplication.refreshContext(SpringApplication.java:439) ~[spring-boot-3.5.14.jar:3.5.14]
	at org.springframework.boot.SpringApplication.run(SpringApplication.java:318) ~[spring-boot-3.5.14.jar:3.5.14]
	at org.springframework.boot.SpringApplication.run(SpringApplication.java:1361) ~[spring-boot-3.5.14.jar:3.5.14]
	at org.springframework.boot.SpringApplication.run(SpringApplication.java:1350) ~[spring-boot-3.5.14.jar:3.5.14]
	at com.firstteam.taskbountyplatform.TaskBountyPlatformApplication.main(TaskBountyPlatformApplication.java:14) ~[classes/:na]
Caused by: org.springframework.boot.web.server.WebServerException: Unable to start embedded Tomcat
	at org.springframework.boot.web.embedded.tomcat.TomcatWebServer.initialize(TomcatWebServer.java:147) ~[spring-boot-3.5.14.jar:3.5.14]
	at org.springframework.boot.web.embedded.tomcat.TomcatWebServer.<init>(TomcatWebServer.java:107) ~[spring-boot-3.5.14.jar:3.5.14]
	at org.springframework.boot.web.embedded.tomcat.TomcatServletWebServerFactory.getTomcatWebServer(TomcatServletWebServerFactory.java:517) ~[spring-boot-3.5.14.jar:3.5.14]
	at org.springframework.boot.web.embedded.tomcat.TomcatServletWebServerFactory.getWebServer(TomcatServletWebServerFactory.java:219) ~[spring-boot-3.5.14.jar:3.5.14]
	at org.springframework.boot.web.servlet.context.ServletWebServerApplicationContext.createWebServer(ServletWebServerApplicationContext.java:193) ~[spring-boot-3.5.14.jar:3.5.14]
	at org.springframework.boot.web.servlet.context.ServletWebServerApplicationContext.onRefresh(ServletWebServerApplicationContext.java:167) ~[spring-boot-3.5.14.jar:3.5.14]
	... 8 common frames omitted
Caused by: org.springframework.beans.factory.UnsatisfiedDependencyException: Error creating bean with name 'jwtAuthenticationFilter' defined in file [/home/gr/cxy/code/Micro-task-Bounty-Platform/backend/target/classes/com/firstteam/taskbountyplatform/auth/security/JwtAuthenticationFilter.class]: Unsatisfied dependency expressed through constructor parameter 1: Error creating bean with name 'userRepository' defined in com.firstteam.taskbountyplatform.user.repository.UserRepository defined in @EnableJpaRepositories declared on JpaRepositoriesRegistrar.EnableJpaRepositoriesConfiguration: Cannot resolve reference to bean 'jpaSharedEM_entityManagerFactory' while setting bean property 'entityManager'
	at org.springframework.beans.factory.support.ConstructorResolver.createArgumentArray(ConstructorResolver.java:804) ~[spring-beans-6.2.18.jar:6.2.18]
	at org.springframework.beans.factory.support.ConstructorResolver.autowireConstructor(ConstructorResolver.java:240) ~[spring-beans-6.2.18.jar:6.2.18]
	at org.springframework.beans.factory.support.AbstractAutowireCapableBeanFactory.autowireConstructor(AbstractAutowireCapableBeanFactory.java:1395) ~[spring-beans-6.2.18.jar:6.2.18]
	at org.springframework.beans.factory.support.AbstractAutowireCapableBeanFactory.createBeanInstance(AbstractAutowireCapableBeanFactory.java:1232) ~[spring-beans-6.2.18.jar:6.2.18]
	at org.springframework.beans.factory.support.AbstractAutowireCapableBeanFactory.doCreateBean(AbstractAutowireCapableBeanFactory.java:569) ~[spring-beans-6.2.18.jar:6.2.18]
	at org.springframework.beans.factory.support.AbstractAutowireCapableBeanFactory.createBean(AbstractAutowireCapableBeanFactory.java:529) ~[spring-beans-6.2.18.jar:6.2.18]
	at org.springframework.beans.factory.support.AbstractBeanFactory.lambda$doGetBean$0(AbstractBeanFactory.java:339) ~[spring-beans-6.2.18.jar:6.2.18]
	at org.springframework.beans.factory.support.DefaultSingletonBeanRegistry.getSingleton(DefaultSingletonBeanRegistry.java:373) ~[spring-beans-6.2.18.jar:6.2.18]
	at org.springframework.beans.factory.support.AbstractBeanFactory.doGetBean(AbstractBeanFactory.java:337) ~[spring-beans-6.2.18.jar:6.2.18]
	at org.springframework.beans.factory.support.AbstractBeanFactory.getBean(AbstractBeanFactory.java:207) ~[spring-beans-6.2.18.jar:6.2.18]
	at org.springframework.boot.web.servlet.ServletContextInitializerBeans.getOrderedBeansOfType(ServletContextInitializerBeans.java:230) ~[spring-boot-3.5.14.jar:3.5.14]
	at org.springframework.boot.web.servlet.ServletContextInitializerBeans.addAsRegistrationBean(ServletContextInitializerBeans.java:184) ~[spring-boot-3.5.14.jar:3.5.14]
	at org.springframework.boot.web.servlet.ServletContextInitializerBeans.addAsRegistrationBean(ServletContextInitializerBeans.java:179) ~[spring-boot-3.5.14.jar:3.5.14]
	at org.springframework.boot.web.servlet.ServletContextInitializerBeans.addAdaptableBeans(ServletContextInitializerBeans.java:164) ~[spring-boot-3.5.14.jar:3.5.14]
	at org.springframework.boot.web.servlet.ServletContextInitializerBeans.<init>(ServletContextInitializerBeans.java:96) ~[spring-boot-3.5.14.jar:3.5.14]
	at org.springframework.boot.web.servlet.context.ServletWebServerApplicationContext.getServletContextInitializerBeans(ServletWebServerApplicationContext.java:271) ~[spring-boot-3.5.14.jar:3.5.14]
	at org.springframework.boot.web.servlet.context.ServletWebServerApplicationContext.selfInitialize(ServletWebServerApplicationContext.java:245) ~[spring-boot-3.5.14.jar:3.5.14]
	at org.springframework.boot.web.embedded.tomcat.TomcatStarter.onStartup(TomcatStarter.java:52) ~[spring-boot-3.5.14.jar:3.5.14]
	at org.apache.catalina.core.StandardContext.startInternal(StandardContext.java:4452) ~[tomcat-embed-core-10.1.54.jar:10.1.54]
	at org.apache.catalina.util.LifecycleBase.start(LifecycleBase.java:164) ~[tomcat-embed-core-10.1.54.jar:10.1.54]
	at org.apache.catalina.core.ContainerBase$StartChild.call(ContainerBase.java:1201) ~[tomcat-embed-core-10.1.54.jar:10.1.54]
	at org.apache.catalina.core.ContainerBase$StartChild.call(ContainerBase.java:1191) ~[tomcat-embed-core-10.1.54.jar:10.1.54]
	at java.base/java.util.concurrent.FutureTask.run(Unknown Source) ~[na:na]
	at org.apache.tomcat.util.threads.InlineExecutorService.execute(InlineExecutorService.java:81) ~[tomcat-embed-core-10.1.54.jar:10.1.54]
	at java.base/java.util.concurrent.AbstractExecutorService.submit(Unknown Source) ~[na:na]
	at org.apache.catalina.core.ContainerBase.startInternal(ContainerBase.java:747) ~[tomcat-embed-core-10.1.54.jar:10.1.54]
	at org.apache.catalina.core.StandardHost.startInternal(StandardHost.java:783) ~[tomcat-embed-core-10.1.54.jar:10.1.54]
	at org.apache.catalina.util.LifecycleBase.start(LifecycleBase.java:164) ~[tomcat-embed-core-10.1.54.jar:10.1.54]
	at org.apache.catalina.core.ContainerBase$StartChild.call(ContainerBase.java:1201) ~[tomcat-embed-core-10.1.54.jar:10.1.54]
	at org.apache.catalina.core.ContainerBase$StartChild.call(ContainerBase.java:1191) ~[tomcat-embed-core-10.1.54.jar:10.1.54]
	at java.base/java.util.concurrent.FutureTask.run(Unknown Source) ~[na:na]
	at org.apache.tomcat.util.threads.InlineExecutorService.execute(InlineExecutorService.java:81) ~[tomcat-embed-core-10.1.54.jar:10.1.54]
	at java.base/java.util.concurrent.AbstractExecutorService.submit(Unknown Source) ~[na:na]
	at org.apache.catalina.core.ContainerBase.startInternal(ContainerBase.java:747) ~[tomcat-embed-core-10.1.54.jar:10.1.54]
	at org.apache.catalina.core.StandardEngine.startInternal(StandardEngine.java:201) ~[tomcat-embed-core-10.1.54.jar:10.1.54]
	at org.apache.catalina.util.LifecycleBase.start(LifecycleBase.java:164) ~[tomcat-embed-core-10.1.54.jar:10.1.54]
	at org.apache.catalina.core.StandardService.startInternal(StandardService.java:410) ~[tomcat-embed-core-10.1.54.jar:10.1.54]
	at org.apache.catalina.util.LifecycleBase.start(LifecycleBase.java:164) ~[tomcat-embed-core-10.1.54.jar:10.1.54]
	at org.apache.catalina.core.StandardServer.startInternal(StandardServer.java:868) ~[tomcat-embed-core-10.1.54.jar:10.1.54]
	at org.apache.catalina.util.LifecycleBase.start(LifecycleBase.java:164) ~[tomcat-embed-core-10.1.54.jar:10.1.54]
	at org.apache.catalina.startup.Tomcat.start(Tomcat.java:436) ~[tomcat-embed-core-10.1.54.jar:10.1.54]
	at org.springframework.boot.web.embedded.tomcat.TomcatWebServer.initialize(TomcatWebServer.java:128) ~[spring-boot-3.5.14.jar:3.5.14]
	... 13 common frames omitted
Caused by: org.springframework.beans.factory.BeanCreationException: Error creating bean with name 'userRepository' defined in com.firstteam.taskbountyplatform.user.repository.UserRepository defined in @EnableJpaRepositories declared on JpaRepositoriesRegistrar.EnableJpaRepositoriesConfiguration: Cannot resolve reference to bean 'jpaSharedEM_entityManagerFactory' while setting bean property 'entityManager'
	at org.springframework.beans.factory.support.BeanDefinitionValueResolver.resolveReference(BeanDefinitionValueResolver.java:377) ~[spring-beans-6.2.18.jar:6.2.18]
	at org.springframework.beans.factory.support.BeanDefinitionValueResolver.resolveValueIfNecessary(BeanDefinitionValueResolver.java:135) ~[spring-beans-6.2.18.jar:6.2.18]
	at org.springframework.beans.factory.support.AbstractAutowireCapableBeanFactory.applyPropertyValues(AbstractAutowireCapableBeanFactory.java:1725) ~[spring-beans-6.2.18.jar:6.2.18]
	at org.springframework.beans.factory.support.AbstractAutowireCapableBeanFactory.populateBean(AbstractAutowireCapableBeanFactory.java:1474) ~[spring-beans-6.2.18.jar:6.2.18]
	at org.springframework.beans.factory.support.AbstractAutowireCapableBeanFactory.doCreateBean(AbstractAutowireCapableBeanFactory.java:606) ~[spring-beans-6.2.18.jar:6.2.18]
	at org.springframework.beans.factory.support.AbstractAutowireCapableBeanFactory.createBean(AbstractAutowireCapableBeanFactory.java:529) ~[spring-beans-6.2.18.jar:6.2.18]
	at org.springframework.beans.factory.support.AbstractBeanFactory.lambda$doGetBean$0(AbstractBeanFactory.java:339) ~[spring-beans-6.2.18.jar:6.2.18]
	at org.springframework.beans.factory.support.DefaultSingletonBeanRegistry.getSingleton(DefaultSingletonBeanRegistry.java:373) ~[spring-beans-6.2.18.jar:6.2.18]
	at org.springframework.beans.factory.support.AbstractBeanFactory.doGetBean(AbstractBeanFactory.java:337) ~[spring-beans-6.2.18.jar:6.2.18]
	at org.springframework.beans.factory.support.AbstractBeanFactory.getBean(AbstractBeanFactory.java:202) ~[spring-beans-6.2.18.jar:6.2.18]
	at org.springframework.beans.factory.support.DefaultListableBeanFactory.doResolveDependency(DefaultListableBeanFactory.java:1708) ~[spring-beans-6.2.18.jar:6.2.18]
	at org.springframework.beans.factory.support.DefaultListableBeanFactory.resolveDependency(DefaultListableBeanFactory.java:1653) ~[spring-beans-6.2.18.jar:6.2.18]
	at org.springframework.beans.factory.support.ConstructorResolver.resolveAutowiredArgument(ConstructorResolver.java:913) ~[spring-beans-6.2.18.jar:6.2.18]
	at org.springframework.beans.factory.support.ConstructorResolver.createArgumentArray(ConstructorResolver.java:791) ~[spring-beans-6.2.18.jar:6.2.18]
	... 54 common frames omitted
Caused by: org.springframework.beans.factory.BeanCreationException: Error creating bean with name 'jpaSharedEM_entityManagerFactory': Cannot resolve reference to bean 'entityManagerFactory' while setting constructor argument
	at org.springframework.beans.factory.support.BeanDefinitionValueResolver.resolveReference(BeanDefinitionValueResolver.java:377) ~[spring-beans-6.2.18.jar:6.2.18]
	at org.springframework.beans.factory.support.BeanDefinitionValueResolver.resolveValueIfNecessary(BeanDefinitionValueResolver.java:135) ~[spring-beans-6.2.18.jar:6.2.18]
	at org.springframework.beans.factory.support.ConstructorResolver.resolveConstructorArguments(ConstructorResolver.java:691) ~[spring-beans-6.2.18.jar:6.2.18]
	at org.springframework.beans.factory.support.ConstructorResolver.instantiateUsingFactoryMethod(ConstructorResolver.java:513) ~[spring-beans-6.2.18.jar:6.2.18]
	at org.springframework.beans.factory.support.AbstractAutowireCapableBeanFactory.instantiateUsingFactoryMethod(AbstractAutowireCapableBeanFactory.java:1375) ~[spring-beans-6.2.18.jar:6.2.18]
	at org.springframework.beans.factory.support.AbstractAutowireCapableBeanFactory.createBeanInstance(AbstractAutowireCapableBeanFactory.java:1205) ~[spring-beans-6.2.18.jar:6.2.18]
	at org.springframework.beans.factory.support.AbstractAutowireCapableBeanFactory.doCreateBean(AbstractAutowireCapableBeanFactory.java:569) ~[spring-beans-6.2.18.jar:6.2.18]
	at org.springframework.beans.factory.support.AbstractAutowireCapableBeanFactory.createBean(AbstractAutowireCapableBeanFactory.java:529) ~[spring-beans-6.2.18.jar:6.2.18]
	at org.springframework.beans.factory.support.AbstractBeanFactory.lambda$doGetBean$0(AbstractBeanFactory.java:339) ~[spring-beans-6.2.18.jar:6.2.18]
	at org.springframework.beans.factory.support.DefaultSingletonBeanRegistry.getSingleton(DefaultSingletonBeanRegistry.java:373) ~[spring-beans-6.2.18.jar:6.2.18]
	at org.springframework.beans.factory.support.AbstractBeanFactory.doGetBean(AbstractBeanFactory.java:337) ~[spring-beans-6.2.18.jar:6.2.18]
	at org.springframework.beans.factory.support.AbstractBeanFactory.getBean(AbstractBeanFactory.java:202) ~[spring-beans-6.2.18.jar:6.2.18]
	at org.springframework.beans.factory.support.BeanDefinitionValueResolver.resolveReference(BeanDefinitionValueResolver.java:365) ~[spring-beans-6.2.18.jar:6.2.18]
	... 67 common frames omitted
Caused by: org.springframework.beans.factory.BeanCreationException: Error creating bean with name 'entityManagerFactory' defined in class path resource [org/springframework/boot/autoconfigure/orm/jpa/HibernateJpaConfiguration.class]: [PersistenceUnit: default] Unable to build Hibernate SessionFactory; nested exception is org.hibernate.exception.JDBCConnectionException: Unable to open JDBC Connection for DDL execution [Communications link failure

The last packet sent successfully to the server was 0 milliseconds ago. The driver has not received any packets from the server.] [n/a]
	at org.springframework.beans.factory.support.AbstractAutowireCapableBeanFactory.initializeBean(AbstractAutowireCapableBeanFactory.java:1826) ~[spring-beans-6.2.18.jar:6.2.18]
	at org.springframework.beans.factory.support.AbstractAutowireCapableBeanFactory.doCreateBean(AbstractAutowireCapableBeanFactory.java:607) ~[spring-beans-6.2.18.jar:6.2.18]
	at org.springframework.beans.factory.support.AbstractAutowireCapableBeanFactory.createBean(AbstractAutowireCapableBeanFactory.java:529) ~[spring-beans-6.2.18.jar:6.2.18]
	at org.springframework.beans.factory.support.AbstractBeanFactory.lambda$doGetBean$0(AbstractBeanFactory.java:339) ~[spring-beans-6.2.18.jar:6.2.18]
	at org.springframework.beans.factory.support.DefaultSingletonBeanRegistry.getSingleton(DefaultSingletonBeanRegistry.java:373) ~[spring-beans-6.2.18.jar:6.2.18]
	at org.springframework.beans.factory.support.AbstractBeanFactory.doGetBean(AbstractBeanFactory.java:337) ~[spring-beans-6.2.18.jar:6.2.18]
	at org.springframework.beans.factory.support.AbstractBeanFactory.getBean(AbstractBeanFactory.java:202) ~[spring-beans-6.2.18.jar:6.2.18]
	at org.springframework.beans.factory.support.BeanDefinitionValueResolver.resolveReference(BeanDefinitionValueResolver.java:365) ~[spring-beans-6.2.18.jar:6.2.18]
	... 79 common frames omitted
Caused by: jakarta.persistence.PersistenceException: [PersistenceUnit: default] Unable to build Hibernate SessionFactory; nested exception is org.hibernate.exception.JDBCConnectionException: Unable to open JDBC Connection for DDL execution [Communications link failure

The last packet sent successfully to the server was 0 milliseconds ago. The driver has not received any packets from the server.] [n/a]
	at org.springframework.orm.jpa.AbstractEntityManagerFactoryBean.buildNativeEntityManagerFactory(AbstractEntityManagerFactoryBean.java:431) ~[spring-orm-6.2.18.jar:6.2.18]
	at org.springframework.orm.jpa.AbstractEntityManagerFactoryBean.afterPropertiesSet(AbstractEntityManagerFactoryBean.java:400) ~[spring-orm-6.2.18.jar:6.2.18]
	at org.springframework.orm.jpa.LocalContainerEntityManagerFactoryBean.afterPropertiesSet(LocalContainerEntityManagerFactoryBean.java:364) ~[spring-orm-6.2.18.jar:6.2.18]
	at org.springframework.beans.factory.support.AbstractAutowireCapableBeanFactory.invokeInitMethods(AbstractAutowireCapableBeanFactory.java:1873) ~[spring-beans-6.2.18.jar:6.2.18]
	at org.springframework.beans.factory.support.AbstractAutowireCapableBeanFactory.initializeBean(AbstractAutowireCapableBeanFactory.java:1822) ~[spring-beans-6.2.18.jar:6.2.18]
	... 86 common frames omitted
Caused by: org.hibernate.exception.JDBCConnectionException: Unable to open JDBC Connection for DDL execution [Communications link failure

The last packet sent successfully to the server was 0 milliseconds ago. The driver has not received any packets from the server.] [n/a]
	at org.hibernate.exception.internal.SQLStateConversionDelegate.convert(SQLStateConversionDelegate.java:100) ~[hibernate-core-6.6.49.Final.jar:6.6.49.Final]
	at org.hibernate.exception.internal.StandardSQLExceptionConverter.convert(StandardSQLExceptionConverter.java:58) ~[hibernate-core-6.6.49.Final.jar:6.6.49.Final]
	at org.hibernate.engine.jdbc.spi.SqlExceptionHelper.convert(SqlExceptionHelper.java:108) ~[hibernate-core-6.6.49.Final.jar:6.6.49.Final]
	at org.hibernate.engine.jdbc.spi.SqlExceptionHelper.convert(SqlExceptionHelper.java:94) ~[hibernate-core-6.6.49.Final.jar:6.6.49.Final]
	at org.hibernate.resource.transaction.backend.jdbc.internal.DdlTransactionIsolatorNonJtaImpl.getIsolatedConnection(DdlTransactionIsolatorNonJtaImpl.java:74) ~[hibernate-core-6.6.49.Final.jar:6.6.49.Final]
	at org.hibernate.resource.transaction.backend.jdbc.internal.DdlTransactionIsolatorNonJtaImpl.getIsolatedConnection(DdlTransactionIsolatorNonJtaImpl.java:39) ~[hibernate-core-6.6.49.Final.jar:6.6.49.Final]
	at org.hibernate.tool.schema.internal.exec.ImprovedExtractionContextImpl.getJdbcConnection(ImprovedExtractionContextImpl.java:63) ~[hibernate-core-6.6.49.Final.jar:6.6.49.Final]
	at org.hibernate.tool.schema.internal.exec.ImprovedExtractionContextImpl.getJdbcDatabaseMetaData(ImprovedExtractionContextImpl.java:70) ~[hibernate-core-6.6.49.Final.jar:6.6.49.Final]
	at org.hibernate.tool.schema.extract.internal.InformationExtractorJdbcDatabaseMetaDataImpl.processTableResultSet(InformationExtractorJdbcDatabaseMetaDataImpl.java:65) ~[hibernate-core-6.6.49.Final.jar:6.6.49.Final]
	at org.hibernate.tool.schema.extract.internal.AbstractInformationExtractorImpl.getTables(AbstractInformationExtractorImpl.java:570) ~[hibernate-core-6.6.49.Final.jar:6.6.49.Final]
	at org.hibernate.tool.schema.extract.internal.DatabaseInformationImpl.getTablesInformation(DatabaseInformationImpl.java:122) ~[hibernate-core-6.6.49.Final.jar:6.6.49.Final]
	at org.hibernate.tool.schema.internal.GroupedSchemaMigratorImpl.performTablesMigration(GroupedSchemaMigratorImpl.java:72) ~[hibernate-core-6.6.49.Final.jar:6.6.49.Final]
	at org.hibernate.tool.schema.internal.AbstractSchemaMigrator.performMigration(AbstractSchemaMigrator.java:233) ~[hibernate-core-6.6.49.Final.jar:6.6.49.Final]
	at org.hibernate.tool.schema.internal.AbstractSchemaMigrator.doMigration(AbstractSchemaMigrator.java:112) ~[hibernate-core-6.6.49.Final.jar:6.6.49.Final]
	at org.hibernate.tool.schema.spi.SchemaManagementToolCoordinator.performDatabaseAction(SchemaManagementToolCoordinator.java:280) ~[hibernate-core-6.6.49.Final.jar:6.6.49.Final]
	at org.hibernate.tool.schema.spi.SchemaManagementToolCoordinator.lambda$process$5(SchemaManagementToolCoordinator.java:144) ~[hibernate-core-6.6.49.Final.jar:6.6.49.Final]
	at java.base/java.util.HashMap.forEach(Unknown Source) ~[na:na]
	at org.hibernate.tool.schema.spi.SchemaManagementToolCoordinator.process(SchemaManagementToolCoordinator.java:141) ~[hibernate-core-6.6.49.Final.jar:6.6.49.Final]
	at org.hibernate.boot.internal.SessionFactoryObserverForSchemaExport.sessionFactoryCreated(SessionFactoryObserverForSchemaExport.java:37) ~[hibernate-core-6.6.49.Final.jar:6.6.49.Final]
	at org.hibernate.internal.SessionFactoryObserverChain.sessionFactoryCreated(SessionFactoryObserverChain.java:35) ~[hibernate-core-6.6.49.Final.jar:6.6.49.Final]
	at org.hibernate.internal.SessionFactoryImpl.<init>(SessionFactoryImpl.java:324) ~[hibernate-core-6.6.49.Final.jar:6.6.49.Final]
	at org.hibernate.boot.internal.SessionFactoryBuilderImpl.build(SessionFactoryBuilderImpl.java:463) ~[hibernate-core-6.6.49.Final.jar:6.6.49.Final]
	at org.hibernate.jpa.boot.internal.EntityManagerFactoryBuilderImpl.build(EntityManagerFactoryBuilderImpl.java:1517) ~[hibernate-core-6.6.49.Final.jar:6.6.49.Final]
	at org.springframework.orm.jpa.vendor.SpringHibernateJpaPersistenceProvider.createContainerEntityManagerFactory(SpringHibernateJpaPersistenceProvider.java:66) ~[spring-orm-6.2.18.jar:6.2.18]
	at org.springframework.orm.jpa.LocalContainerEntityManagerFactoryBean.createNativeEntityManagerFactory(LocalContainerEntityManagerFactoryBean.java:388) ~[spring-orm-6.2.18.jar:6.2.18]
	at org.springframework.orm.jpa.AbstractEntityManagerFactoryBean.buildNativeEntityManagerFactory(AbstractEntityManagerFactoryBean.java:419) ~[spring-orm-6.2.18.jar:6.2.18]
	... 90 common frames omitted
Caused by: com.mysql.cj.jdbc.exceptions.CommunicationsException: Communications link failure

The last packet sent successfully to the server was 0 milliseconds ago. The driver has not received any packets from the server.
	at com.mysql.cj.jdbc.exceptions.SQLError.createCommunicationsException(SQLError.java:165) ~[mysql-connector-j-9.7.0.jar:9.7.0]
	at com.mysql.cj.jdbc.exceptions.SQLExceptionsMapping.translateException(SQLExceptionsMapping.java:55) ~[mysql-connector-j-9.7.0.jar:9.7.0]
	at com.mysql.cj.jdbc.ConnectionImpl.createNewIO(ConnectionImpl.java:840) ~[mysql-connector-j-9.7.0.jar:9.7.0]
	at com.mysql.cj.jdbc.ConnectionImpl.<init>(ConnectionImpl.java:416) ~[mysql-connector-j-9.7.0.jar:9.7.0]
	at com.mysql.cj.jdbc.ConnectionImpl.getInstance(ConnectionImpl.java:237) ~[mysql-connector-j-9.7.0.jar:9.7.0]
	at com.mysql.cj.jdbc.NonRegisteringDriver.connect(NonRegisteringDriver.java:180) ~[mysql-connector-j-9.7.0.jar:9.7.0]
	at com.zaxxer.hikari.util.DriverDataSource.getConnection(DriverDataSource.java:144) ~[HikariCP-6.3.3.jar:na]
	at com.zaxxer.hikari.pool.PoolBase.newConnection(PoolBase.java:370) ~[HikariCP-6.3.3.jar:na]
	at com.zaxxer.hikari.pool.PoolBase.newPoolEntry(PoolBase.java:207) ~[HikariCP-6.3.3.jar:na]
	at com.zaxxer.hikari.pool.HikariPool.createPoolEntry(HikariPool.java:488) ~[HikariCP-6.3.3.jar:na]
	at com.zaxxer.hikari.pool.HikariPool.checkFailFast(HikariPool.java:576) ~[HikariCP-6.3.3.jar:na]
	at com.zaxxer.hikari.pool.HikariPool.<init>(HikariPool.java:97) ~[HikariCP-6.3.3.jar:na]
	at com.zaxxer.hikari.HikariDataSource.getConnection(HikariDataSource.java:111) ~[HikariCP-6.3.3.jar:na]
	at org.hibernate.engine.jdbc.connections.internal.DatasourceConnectionProviderImpl.getConnection(DatasourceConnectionProviderImpl.java:126) ~[hibernate-core-6.6.49.Final.jar:6.6.49.Final]
	at org.hibernate.engine.jdbc.env.internal.JdbcEnvironmentInitiator$ConnectionProviderJdbcConnectionAccess.obtainConnection(JdbcEnvironmentInitiator.java:485) ~[hibernate-core-6.6.49.Final.jar:6.6.49.Final]
	at org.hibernate.resource.transaction.backend.jdbc.internal.DdlTransactionIsolatorNonJtaImpl.getIsolatedConnection(DdlTransactionIsolatorNonJtaImpl.java:46) ~[hibernate-core-6.6.49.Final.jar:6.6.49.Final]
	... 111 common frames omitted
Caused by: com.mysql.cj.exceptions.CJCommunicationsException: Communications link failure

The last packet sent successfully to the server was 0 milliseconds ago. The driver has not received any packets from the server.
	at java.base/jdk.internal.reflect.DirectConstructorHandleAccessor.newInstance(Unknown Source) ~[na:na]
	at java.base/java.lang.reflect.Constructor.newInstanceWithCaller(Unknown Source) ~[na:na]
	at java.base/java.lang.reflect.Constructor.newInstance(Unknown Source) ~[na:na]
	at com.mysql.cj.exceptions.ExceptionFactory.createException(ExceptionFactory.java:52) ~[mysql-connector-j-9.7.0.jar:9.7.0]
	at com.mysql.cj.exceptions.ExceptionFactory.createException(ExceptionFactory.java:95) ~[mysql-connector-j-9.7.0.jar:9.7.0]
	at com.mysql.cj.exceptions.ExceptionFactory.createException(ExceptionFactory.java:140) ~[mysql-connector-j-9.7.0.jar:9.7.0]
	at com.mysql.cj.exceptions.ExceptionFactory.createCommunicationsException(ExceptionFactory.java:156) ~[mysql-connector-j-9.7.0.jar:9.7.0]
	at com.mysql.cj.protocol.a.NativeSocketConnection.connect(NativeSocketConnection.java:79) ~[mysql-connector-j-9.7.0.jar:9.7.0]
	at com.mysql.cj.NativeSession.connect(NativeSession.java:142) ~[mysql-connector-j-9.7.0.jar:9.7.0]
	at com.mysql.cj.jdbc.ConnectionImpl.connectOneTryOnly(ConnectionImpl.java:964) ~[mysql-connector-j-9.7.0.jar:9.7.0]
	at com.mysql.cj.jdbc.ConnectionImpl.createNewIO(ConnectionImpl.java:828) ~[mysql-connector-j-9.7.0.jar:9.7.0]
	... 124 common frames omitted
Caused by: java.net.ConnectException: Connection refused
	at java.base/sun.nio.ch.Net.pollConnect(Native Method) ~[na:na]
	at java.base/sun.nio.ch.Net.pollConnectNow(Unknown Source) ~[na:na]
	at java.base/sun.nio.ch.NioSocketImpl.timedFinishConnect(Unknown Source) ~[na:na]
	at java.base/sun.nio.ch.NioSocketImpl.connect(Unknown Source) ~[na:na]
	at java.base/java.net.SocksSocketImpl.connect(Unknown Source) ~[na:na]
	at java.base/java.net.Socket.connect(Unknown Source) ~[na:na]
	at com.mysql.cj.protocol.StandardSocketFactory.connect(StandardSocketFactory.java:144) ~[mysql-connector-j-9.7.0.jar:9.7.0]
	at com.mysql.cj.protocol.a.NativeSocketConnection.connect(NativeSocketConnection.java:53) ~[mysql-connector-j-9.7.0.jar:9.7.0]
	... 127 common frames omitted

2026-06-11T19:37:07.951+08:00  INFO 367002 --- [TaskBountyPlatform] [main] c.f.t.TaskBountyPlatformApplication      : Starting TaskBountyPlatformApplication using Java 21.0.10 with PID 367002 (/home/gr/cxy/code/Micro-task-Bounty-Platform/backend/target/classes started by gr in /home/gr/cxy/code/Micro-task-Bounty-Platform/backend)
2026-06-11T19:37:07.952+08:00 DEBUG 367002 --- [TaskBountyPlatform] [main] c.f.t.TaskBountyPlatformApplication      : Running with Spring Boot v3.5.14, Spring v6.2.18
2026-06-11T19:37:07.953+08:00  INFO 367002 --- [TaskBountyPlatform] [main] c.f.t.TaskBountyPlatformApplication      : No active profile set, falling back to 1 default profile: "default"
2026-06-11T19:37:08.791+08:00  INFO 367002 --- [TaskBountyPlatform] [main] .s.d.r.c.RepositoryConfigurationDelegate : Bootstrapping Spring Data JPA repositories in DEFAULT mode.
2026-06-11T19:37:08.856+08:00  INFO 367002 --- [TaskBountyPlatform] [main] .s.d.r.c.RepositoryConfigurationDelegate : Finished Spring Data repository scanning in 59 ms. Found 18 JPA repository interfaces.
2026-06-11T19:37:09.327+08:00  INFO 367002 --- [TaskBountyPlatform] [main] o.s.b.w.embedded.tomcat.TomcatWebServer  : Tomcat initialized with port 8080 (http)
2026-06-11T19:37:09.337+08:00  INFO 367002 --- [TaskBountyPlatform] [main] o.apache.catalina.core.StandardService   : Starting service [Tomcat]
2026-06-11T19:37:09.337+08:00  INFO 367002 --- [TaskBountyPlatform] [main] o.apache.catalina.core.StandardEngine    : Starting Servlet engine: [Apache Tomcat/10.1.54]
2026-06-11T19:37:09.368+08:00  INFO 367002 --- [TaskBountyPlatform] [main] o.a.c.c.C.[Tomcat].[localhost].[/]       : Initializing Spring embedded WebApplicationContext
2026-06-11T19:37:09.369+08:00  INFO 367002 --- [TaskBountyPlatform] [main] w.s.c.ServletWebServerApplicationContext : Root WebApplicationContext: initialization completed in 1377 ms
2026-06-11T19:37:09.567+08:00  INFO 367002 --- [TaskBountyPlatform] [main] o.hibernate.jpa.internal.util.LogHelper  : HHH000204: Processing PersistenceUnitInfo [name: default]
2026-06-11T19:37:09.595+08:00  INFO 367002 --- [TaskBountyPlatform] [main] org.hibernate.Version                    : HHH000412: Hibernate ORM core version 6.6.49.Final
2026-06-11T19:37:09.614+08:00  INFO 367002 --- [TaskBountyPlatform] [main] o.h.c.internal.RegionFactoryInitiator    : HHH000026: Second-level cache disabled
2026-06-11T19:37:09.810+08:00  INFO 367002 --- [TaskBountyPlatform] [main] o.s.o.j.p.SpringPersistenceUnitInfo      : No LoadTimeWeaver setup: ignoring JPA class transformer
2026-06-11T19:37:09.829+08:00  INFO 367002 --- [TaskBountyPlatform] [main] com.zaxxer.hikari.HikariDataSource       : HikariPool-1 - Starting...
2026-06-11T19:37:10.107+08:00  INFO 367002 --- [TaskBountyPlatform] [main] com.zaxxer.hikari.pool.HikariPool        : HikariPool-1 - Added connection com.mysql.cj.jdbc.ConnectionImpl@6c8d638a
2026-06-11T19:37:10.108+08:00  INFO 367002 --- [TaskBountyPlatform] [main] com.zaxxer.hikari.HikariDataSource       : HikariPool-1 - Start completed.
2026-06-11T19:37:10.160+08:00  WARN 367002 --- [TaskBountyPlatform] [main] org.hibernate.orm.deprecation            : HHH90000025: MySQLDialect does not need to be specified explicitly using 'hibernate.dialect' (remove the property setting and it will be selected by default)
2026-06-11T19:37:10.172+08:00  INFO 367002 --- [TaskBountyPlatform] [main] org.hibernate.orm.connections.pooling    : HHH10001005: Database info:
	Database JDBC URL [Connecting through datasource 'HikariDataSource (HikariPool-1)']
	Database driver: undefined/unknown
	Database version: 8.0.42
	Autocommit mode: undefined/unknown
	Isolation level: undefined/unknown
	Minimum pool size: undefined/unknown
	Maximum pool size: undefined/unknown
2026-06-11T19:37:10.976+08:00  INFO 367002 --- [TaskBountyPlatform] [main] o.h.e.t.j.p.i.JtaPlatformInitiator       : HHH000489: No JTA platform available (set 'hibernate.transaction.jta.platform' to enable JTA platform integration)
2026-06-11T19:37:11.195+08:00  WARN 367002 --- [TaskBountyPlatform] [main] o.h.t.s.i.ExceptionHandlerLoggedImpl     : GenerationTarget encountered exception accepting command : Error executing DDL "
    alter table system_configs 
       modify column config_value varchar(500) not null" via JDBC [Data truncation: Data too long for column 'config_value' at row 1]

org.hibernate.tool.schema.spi.CommandAcceptanceException: Error executing DDL "
    alter table system_configs 
       modify column config_value varchar(500) not null" via JDBC [Data truncation: Data too long for column 'config_value' at row 1]
	at org.hibernate.tool.schema.internal.exec.GenerationTargetToDatabase.accept(GenerationTargetToDatabase.java:94) ~[hibernate-core-6.6.49.Final.jar:6.6.49.Final]
	at org.hibernate.tool.schema.internal.AbstractSchemaMigrator.applySqlString(AbstractSchemaMigrator.java:576) ~[hibernate-core-6.6.49.Final.jar:6.6.49.Final]
	at org.hibernate.tool.schema.internal.AbstractSchemaMigrator.applySqlStrings(AbstractSchemaMigrator.java:516) ~[hibernate-core-6.6.49.Final.jar:6.6.49.Final]
	at org.hibernate.tool.schema.internal.AbstractSchemaMigrator.migrateTable(AbstractSchemaMigrator.java:334) ~[hibernate-core-6.6.49.Final.jar:6.6.49.Final]
	at org.hibernate.tool.schema.internal.GroupedSchemaMigratorImpl.performTablesMigration(GroupedSchemaMigratorImpl.java:84) ~[hibernate-core-6.6.49.Final.jar:6.6.49.Final]
	at org.hibernate.tool.schema.internal.AbstractSchemaMigrator.performMigration(AbstractSchemaMigrator.java:233) ~[hibernate-core-6.6.49.Final.jar:6.6.49.Final]
	at org.hibernate.tool.schema.internal.AbstractSchemaMigrator.doMigration(AbstractSchemaMigrator.java:112) ~[hibernate-core-6.6.49.Final.jar:6.6.49.Final]
	at org.hibernate.tool.schema.spi.SchemaManagementToolCoordinator.performDatabaseAction(SchemaManagementToolCoordinator.java:280) ~[hibernate-core-6.6.49.Final.jar:6.6.49.Final]
	at org.hibernate.tool.schema.spi.SchemaManagementToolCoordinator.lambda$process$5(SchemaManagementToolCoordinator.java:144) ~[hibernate-core-6.6.49.Final.jar:6.6.49.Final]
	at java.base/java.util.HashMap.forEach(Unknown Source) ~[na:na]
	at org.hibernate.tool.schema.spi.SchemaManagementToolCoordinator.process(SchemaManagementToolCoordinator.java:141) ~[hibernate-core-6.6.49.Final.jar:6.6.49.Final]
	at org.hibernate.boot.internal.SessionFactoryObserverForSchemaExport.sessionFactoryCreated(SessionFactoryObserverForSchemaExport.java:37) ~[hibernate-core-6.6.49.Final.jar:6.6.49.Final]
	at org.hibernate.internal.SessionFactoryObserverChain.sessionFactoryCreated(SessionFactoryObserverChain.java:35) ~[hibernate-core-6.6.49.Final.jar:6.6.49.Final]
	at org.hibernate.internal.SessionFactoryImpl.<init>(SessionFactoryImpl.java:324) ~[hibernate-core-6.6.49.Final.jar:6.6.49.Final]
	at org.hibernate.boot.internal.SessionFactoryBuilderImpl.build(SessionFactoryBuilderImpl.java:463) ~[hibernate-core-6.6.49.Final.jar:6.6.49.Final]
	at org.hibernate.jpa.boot.internal.EntityManagerFactoryBuilderImpl.build(EntityManagerFactoryBuilderImpl.java:1517) ~[hibernate-core-6.6.49.Final.jar:6.6.49.Final]
	at org.springframework.orm.jpa.vendor.SpringHibernateJpaPersistenceProvider.createContainerEntityManagerFactory(SpringHibernateJpaPersistenceProvider.java:66) ~[spring-orm-6.2.18.jar:6.2.18]
	at org.springframework.orm.jpa.LocalContainerEntityManagerFactoryBean.createNativeEntityManagerFactory(LocalContainerEntityManagerFactoryBean.java:388) ~[spring-orm-6.2.18.jar:6.2.18]
	at org.springframework.orm.jpa.AbstractEntityManagerFactoryBean.buildNativeEntityManagerFactory(AbstractEntityManagerFactoryBean.java:419) ~[spring-orm-6.2.18.jar:6.2.18]
	at org.springframework.orm.jpa.AbstractEntityManagerFactoryBean.afterPropertiesSet(AbstractEntityManagerFactoryBean.java:400) ~[spring-orm-6.2.18.jar:6.2.18]
	at org.springframework.orm.jpa.LocalContainerEntityManagerFactoryBean.afterPropertiesSet(LocalContainerEntityManagerFactoryBean.java:364) ~[spring-orm-6.2.18.jar:6.2.18]
	at org.springframework.beans.factory.support.AbstractAutowireCapableBeanFactory.invokeInitMethods(AbstractAutowireCapableBeanFactory.java:1873) ~[spring-beans-6.2.18.jar:6.2.18]
	at org.springframework.beans.factory.support.AbstractAutowireCapableBeanFactory.initializeBean(AbstractAutowireCapableBeanFactory.java:1822) ~[spring-beans-6.2.18.jar:6.2.18]
	at org.springframework.beans.factory.support.AbstractAutowireCapableBeanFactory.doCreateBean(AbstractAutowireCapableBeanFactory.java:607) ~[spring-beans-6.2.18.jar:6.2.18]
	at org.springframework.beans.factory.support.AbstractAutowireCapableBeanFactory.createBean(AbstractAutowireCapableBeanFactory.java:529) ~[spring-beans-6.2.18.jar:6.2.18]
	at org.springframework.beans.factory.support.AbstractBeanFactory.lambda$doGetBean$0(AbstractBeanFactory.java:339) ~[spring-beans-6.2.18.jar:6.2.18]
	at org.springframework.beans.factory.support.DefaultSingletonBeanRegistry.getSingleton(DefaultSingletonBeanRegistry.java:373) ~[spring-beans-6.2.18.jar:6.2.18]
	at org.springframework.beans.factory.support.AbstractBeanFactory.doGetBean(AbstractBeanFactory.java:337) ~[spring-beans-6.2.18.jar:6.2.18]
	at org.springframework.beans.factory.support.AbstractBeanFactory.getBean(AbstractBeanFactory.java:202) ~[spring-beans-6.2.18.jar:6.2.18]
	at org.springframework.beans.factory.support.BeanDefinitionValueResolver.resolveReference(BeanDefinitionValueResolver.java:365) ~[spring-beans-6.2.18.jar:6.2.18]
	at org.springframework.beans.factory.support.BeanDefinitionValueResolver.resolveValueIfNecessary(BeanDefinitionValueResolver.java:135) ~[spring-beans-6.2.18.jar:6.2.18]
	at org.springframework.beans.factory.support.ConstructorResolver.resolveConstructorArguments(ConstructorResolver.java:691) ~[spring-beans-6.2.18.jar:6.2.18]
	at org.springframework.beans.factory.support.ConstructorResolver.instantiateUsingFactoryMethod(ConstructorResolver.java:513) ~[spring-beans-6.2.18.jar:6.2.18]
	at org.springframework.beans.factory.support.AbstractAutowireCapableBeanFactory.instantiateUsingFactoryMethod(AbstractAutowireCapableBeanFactory.java:1375) ~[spring-beans-6.2.18.jar:6.2.18]
	at org.springframework.beans.factory.support.AbstractAutowireCapableBeanFactory.createBeanInstance(AbstractAutowireCapableBeanFactory.java:1205) ~[spring-beans-6.2.18.jar:6.2.18]
	at org.springframework.beans.factory.support.AbstractAutowireCapableBeanFactory.doCreateBean(AbstractAutowireCapableBeanFactory.java:569) ~[spring-beans-6.2.18.jar:6.2.18]
	at org.springframework.beans.factory.support.AbstractAutowireCapableBeanFactory.createBean(AbstractAutowireCapableBeanFactory.java:529) ~[spring-beans-6.2.18.jar:6.2.18]
	at org.springframework.beans.factory.support.AbstractBeanFactory.lambda$doGetBean$0(AbstractBeanFactory.java:339) ~[spring-beans-6.2.18.jar:6.2.18]
	at org.springframework.beans.factory.support.DefaultSingletonBeanRegistry.getSingleton(DefaultSingletonBeanRegistry.java:373) ~[spring-beans-6.2.18.jar:6.2.18]
	at org.springframework.beans.factory.support.AbstractBeanFactory.doGetBean(AbstractBeanFactory.java:337) ~[spring-beans-6.2.18.jar:6.2.18]
	at org.springframework.beans.factory.support.AbstractBeanFactory.getBean(AbstractBeanFactory.java:202) ~[spring-beans-6.2.18.jar:6.2.18]
	at org.springframework.beans.factory.support.BeanDefinitionValueResolver.resolveReference(BeanDefinitionValueResolver.java:365) ~[spring-beans-6.2.18.jar:6.2.18]
	at org.springframework.beans.factory.support.BeanDefinitionValueResolver.resolveValueIfNecessary(BeanDefinitionValueResolver.java:135) ~[spring-beans-6.2.18.jar:6.2.18]
	at org.springframework.beans.factory.support.AbstractAutowireCapableBeanFactory.applyPropertyValues(AbstractAutowireCapableBeanFactory.java:1725) ~[spring-beans-6.2.18.jar:6.2.18]
	at org.springframework.beans.factory.support.AbstractAutowireCapableBeanFactory.populateBean(AbstractAutowireCapableBeanFactory.java:1474) ~[spring-beans-6.2.18.jar:6.2.18]
	at org.springframework.beans.factory.support.AbstractAutowireCapableBeanFactory.doCreateBean(AbstractAutowireCapableBeanFactory.java:606) ~[spring-beans-6.2.18.jar:6.2.18]
	at org.springframework.beans.factory.support.AbstractAutowireCapableBeanFactory.createBean(AbstractAutowireCapableBeanFactory.java:529) ~[spring-beans-6.2.18.jar:6.2.18]
	at org.springframework.beans.factory.support.AbstractBeanFactory.lambda$doGetBean$0(AbstractBeanFactory.java:339) ~[spring-beans-6.2.18.jar:6.2.18]
	at org.springframework.beans.factory.support.DefaultSingletonBeanRegistry.getSingleton(DefaultSingletonBeanRegistry.java:373) ~[spring-beans-6.2.18.jar:6.2.18]
	at org.springframework.beans.factory.support.AbstractBeanFactory.doGetBean(AbstractBeanFactory.java:337) ~[spring-beans-6.2.18.jar:6.2.18]
	at org.springframework.beans.factory.support.AbstractBeanFactory.getBean(AbstractBeanFactory.java:202) ~[spring-beans-6.2.18.jar:6.2.18]
	at org.springframework.beans.factory.support.DefaultListableBeanFactory.doResolveDependency(DefaultListableBeanFactory.java:1708) ~[spring-beans-6.2.18.jar:6.2.18]
	at org.springframework.beans.factory.support.DefaultListableBeanFactory.resolveDependency(DefaultListableBeanFactory.java:1653) ~[spring-beans-6.2.18.jar:6.2.18]
	at org.springframework.beans.factory.support.ConstructorResolver.resolveAutowiredArgument(ConstructorResolver.java:913) ~[spring-beans-6.2.18.jar:6.2.18]
	at org.springframework.beans.factory.support.ConstructorResolver.createArgumentArray(ConstructorResolver.java:791) ~[spring-beans-6.2.18.jar:6.2.18]
	at org.springframework.beans.factory.support.ConstructorResolver.autowireConstructor(ConstructorResolver.java:240) ~[spring-beans-6.2.18.jar:6.2.18]
	at org.springframework.beans.factory.support.AbstractAutowireCapableBeanFactory.autowireConstructor(AbstractAutowireCapableBeanFactory.java:1395) ~[spring-beans-6.2.18.jar:6.2.18]
	at org.springframework.beans.factory.support.AbstractAutowireCapableBeanFactory.createBeanInstance(AbstractAutowireCapableBeanFactory.java:1232) ~[spring-beans-6.2.18.jar:6.2.18]
	at org.springframework.beans.factory.support.AbstractAutowireCapableBeanFactory.doCreateBean(AbstractAutowireCapableBeanFactory.java:569) ~[spring-beans-6.2.18.jar:6.2.18]
	at org.springframework.beans.factory.support.AbstractAutowireCapableBeanFactory.createBean(AbstractAutowireCapableBeanFactory.java:529) ~[spring-beans-6.2.18.jar:6.2.18]
	at org.springframework.beans.factory.support.AbstractBeanFactory.lambda$doGetBean$0(AbstractBeanFactory.java:339) ~[spring-beans-6.2.18.jar:6.2.18]
	at org.springframework.beans.factory.support.DefaultSingletonBeanRegistry.getSingleton(DefaultSingletonBeanRegistry.java:373) ~[spring-beans-6.2.18.jar:6.2.18]
	at org.springframework.beans.factory.support.AbstractBeanFactory.doGetBean(AbstractBeanFactory.java:337) ~[spring-beans-6.2.18.jar:6.2.18]
	at org.springframework.beans.factory.support.AbstractBeanFactory.getBean(AbstractBeanFactory.java:207) ~[spring-beans-6.2.18.jar:6.2.18]
	at org.springframework.boot.web.servlet.ServletContextInitializerBeans.getOrderedBeansOfType(ServletContextInitializerBeans.java:230) ~[spring-boot-3.5.14.jar:3.5.14]
	at org.springframework.boot.web.servlet.ServletContextInitializerBeans.addAsRegistrationBean(ServletContextInitializerBeans.java:184) ~[spring-boot-3.5.14.jar:3.5.14]
	at org.springframework.boot.web.servlet.ServletContextInitializerBeans.addAsRegistrationBean(ServletContextInitializerBeans.java:179) ~[spring-boot-3.5.14.jar:3.5.14]
	at org.springframework.boot.web.servlet.ServletContextInitializerBeans.addAdaptableBeans(ServletContextInitializerBeans.java:164) ~[spring-boot-3.5.14.jar:3.5.14]
	at org.springframework.boot.web.servlet.ServletContextInitializerBeans.<init>(ServletContextInitializerBeans.java:96) ~[spring-boot-3.5.14.jar:3.5.14]
	at org.springframework.boot.web.servlet.context.ServletWebServerApplicationContext.getServletContextInitializerBeans(ServletWebServerApplicationContext.java:271) ~[spring-boot-3.5.14.jar:3.5.14]
	at org.springframework.boot.web.servlet.context.ServletWebServerApplicationContext.selfInitialize(ServletWebServerApplicationContext.java:245) ~[spring-boot-3.5.14.jar:3.5.14]
	at org.springframework.boot.web.embedded.tomcat.TomcatStarter.onStartup(TomcatStarter.java:52) ~[spring-boot-3.5.14.jar:3.5.14]
	at org.apache.catalina.core.StandardContext.startInternal(StandardContext.java:4452) ~[tomcat-embed-core-10.1.54.jar:10.1.54]
	at org.apache.catalina.util.LifecycleBase.start(LifecycleBase.java:164) ~[tomcat-embed-core-10.1.54.jar:10.1.54]
	at org.apache.catalina.core.ContainerBase$StartChild.call(ContainerBase.java:1201) ~[tomcat-embed-core-10.1.54.jar:10.1.54]
	at org.apache.catalina.core.ContainerBase$StartChild.call(ContainerBase.java:1191) ~[tomcat-embed-core-10.1.54.jar:10.1.54]
	at java.base/java.util.concurrent.FutureTask.run(Unknown Source) ~[na:na]
	at org.apache.tomcat.util.threads.InlineExecutorService.execute(InlineExecutorService.java:81) ~[tomcat-embed-core-10.1.54.jar:10.1.54]
	at java.base/java.util.concurrent.AbstractExecutorService.submit(Unknown Source) ~[na:na]
	at org.apache.catalina.core.ContainerBase.startInternal(ContainerBase.java:747) ~[tomcat-embed-core-10.1.54.jar:10.1.54]
	at org.apache.catalina.core.StandardHost.startInternal(StandardHost.java:783) ~[tomcat-embed-core-10.1.54.jar:10.1.54]
	at org.apache.catalina.util.LifecycleBase.start(LifecycleBase.java:164) ~[tomcat-embed-core-10.1.54.jar:10.1.54]
	at org.apache.catalina.core.ContainerBase$StartChild.call(ContainerBase.java:1201) ~[tomcat-embed-core-10.1.54.jar:10.1.54]
	at org.apache.catalina.core.ContainerBase$StartChild.call(ContainerBase.java:1191) ~[tomcat-embed-core-10.1.54.jar:10.1.54]
	at java.base/java.util.concurrent.FutureTask.run(Unknown Source) ~[na:na]
	at org.apache.tomcat.util.threads.InlineExecutorService.execute(InlineExecutorService.java:81) ~[tomcat-embed-core-10.1.54.jar:10.1.54]
	at java.base/java.util.concurrent.AbstractExecutorService.submit(Unknown Source) ~[na:na]
	at org.apache.catalina.core.ContainerBase.startInternal(ContainerBase.java:747) ~[tomcat-embed-core-10.1.54.jar:10.1.54]
	at org.apache.catalina.core.StandardEngine.startInternal(StandardEngine.java:201) ~[tomcat-embed-core-10.1.54.jar:10.1.54]
	at org.apache.catalina.util.LifecycleBase.start(LifecycleBase.java:164) ~[tomcat-embed-core-10.1.54.jar:10.1.54]
	at org.apache.catalina.core.StandardService.startInternal(StandardService.java:410) ~[tomcat-embed-core-10.1.54.jar:10.1.54]
	at org.apache.catalina.util.LifecycleBase.start(LifecycleBase.java:164) ~[tomcat-embed-core-10.1.54.jar:10.1.54]
	at org.apache.catalina.core.StandardServer.startInternal(StandardServer.java:868) ~[tomcat-embed-core-10.1.54.jar:10.1.54]
	at org.apache.catalina.util.LifecycleBase.start(LifecycleBase.java:164) ~[tomcat-embed-core-10.1.54.jar:10.1.54]
	at org.apache.catalina.startup.Tomcat.start(Tomcat.java:436) ~[tomcat-embed-core-10.1.54.jar:10.1.54]
	at org.springframework.boot.web.embedded.tomcat.TomcatWebServer.initialize(TomcatWebServer.java:128) ~[spring-boot-3.5.14.jar:3.5.14]
	at org.springframework.boot.web.embedded.tomcat.TomcatWebServer.<init>(TomcatWebServer.java:107) ~[spring-boot-3.5.14.jar:3.5.14]
	at org.springframework.boot.web.embedded.tomcat.TomcatServletWebServerFactory.getTomcatWebServer(TomcatServletWebServerFactory.java:517) ~[spring-boot-3.5.14.jar:3.5.14]
	at org.springframework.boot.web.embedded.tomcat.TomcatServletWebServerFactory.getWebServer(TomcatServletWebServerFactory.java:219) ~[spring-boot-3.5.14.jar:3.5.14]
	at org.springframework.boot.web.servlet.context.ServletWebServerApplicationContext.createWebServer(ServletWebServerApplicationContext.java:193) ~[spring-boot-3.5.14.jar:3.5.14]
	at org.springframework.boot.web.servlet.context.ServletWebServerApplicationContext.onRefresh(ServletWebServerApplicationContext.java:167) ~[spring-boot-3.5.14.jar:3.5.14]
	at org.springframework.context.support.AbstractApplicationContext.refresh(AbstractApplicationContext.java:622) ~[spring-context-6.2.18.jar:6.2.18]
	at org.springframework.boot.web.servlet.context.ServletWebServerApplicationContext.refresh(ServletWebServerApplicationContext.java:146) ~[spring-boot-3.5.14.jar:3.5.14]
	at org.springframework.boot.SpringApplication.refresh(SpringApplication.java:752) ~[spring-boot-3.5.14.jar:3.5.14]
	at org.springframework.boot.SpringApplication.refreshContext(SpringApplication.java:439) ~[spring-boot-3.5.14.jar:3.5.14]
	at org.springframework.boot.SpringApplication.run(SpringApplication.java:318) ~[spring-boot-3.5.14.jar:3.5.14]
	at org.springframework.boot.SpringApplication.run(SpringApplication.java:1361) ~[spring-boot-3.5.14.jar:3.5.14]
	at org.springframework.boot.SpringApplication.run(SpringApplication.java:1350) ~[spring-boot-3.5.14.jar:3.5.14]
	at com.firstteam.taskbountyplatform.TaskBountyPlatformApplication.main(TaskBountyPlatformApplication.java:14) ~[classes/:na]
Caused by: com.mysql.cj.jdbc.exceptions.MysqlDataTruncation: Data truncation: Data too long for column 'config_value' at row 1
	at com.mysql.cj.jdbc.exceptions.SQLExceptionsMapping.translateException(SQLExceptionsMapping.java:96) ~[mysql-connector-j-9.7.0.jar:9.7.0]
	at com.mysql.cj.jdbc.StatementImpl.executeInternal(StatementImpl.java:839) ~[mysql-connector-j-9.7.0.jar:9.7.0]
	at com.mysql.cj.jdbc.StatementImpl.execute(StatementImpl.java:687) ~[mysql-connector-j-9.7.0.jar:9.7.0]
	at com.zaxxer.hikari.pool.ProxyStatement.execute(ProxyStatement.java:95) ~[HikariCP-6.3.3.jar:na]
	at com.zaxxer.hikari.pool.HikariProxyStatement.execute(HikariProxyStatement.java) ~[HikariCP-6.3.3.jar:na]
	at org.hibernate.tool.schema.internal.exec.GenerationTargetToDatabase.accept(GenerationTargetToDatabase.java:80) ~[hibernate-core-6.6.49.Final.jar:6.6.49.Final]
	... 108 common frames omitted

2026-06-11T19:37:11.245+08:00  INFO 367002 --- [TaskBountyPlatform] [main] j.LocalContainerEntityManagerFactoryBean : Initialized JPA EntityManagerFactory for persistence unit 'default'
2026-06-11T19:37:11.486+08:00  INFO 367002 --- [TaskBountyPlatform] [main] o.s.d.j.r.query.QueryEnhancerFactory     : Hibernate is in classpath; If applicable, HQL parser will be used.
2026-06-11T19:37:11.918+08:00 DEBUG 367002 --- [TaskBountyPlatform] [main] c.f.t.a.s.JwtAuthenticationFilter        : Filter 'jwtAuthenticationFilter' configured for use
2026-06-11T19:37:12.749+08:00  WARN 367002 --- [TaskBountyPlatform] [main] JpaBaseConfiguration$JpaWebConfiguration : spring.jpa.open-in-view is enabled by default. Therefore, database queries may be performed during view rendering. Explicitly configure spring.jpa.open-in-view to disable this warning
2026-06-11T19:37:12.778+08:00  INFO 367002 --- [TaskBountyPlatform] [main] o.s.b.a.w.s.WelcomePageHandlerMapping    : Adding welcome page: class path resource [static/index.html]
2026-06-11T19:37:13.065+08:00  INFO 367002 --- [TaskBountyPlatform] [main] o.s.b.a.e.web.EndpointLinksResolver      : Exposing 4 endpoints beneath base path '/actuator'
2026-06-11T19:37:13.109+08:00  WARN 367002 --- [TaskBountyPlatform] [main] .s.s.UserDetailsServiceAutoConfiguration : 

Using generated security password: 75c4eb49-7c2b-4995-b67d-a87b900f8351

This generated password is for development use only. Your security configuration must be updated before running your application in production.

2026-06-11T19:37:13.114+08:00  INFO 367002 --- [TaskBountyPlatform] [main] r$InitializeUserDetailsManagerConfigurer : Global AuthenticationManager configured with UserDetailsService bean with name inMemoryUserDetailsManager
2026-06-11T19:37:13.540+08:00  WARN 367002 --- [TaskBountyPlatform] [main] ConfigServletWebServerApplicationContext : Exception encountered during context initialization - cancelling refresh attempt: org.springframework.context.ApplicationContextException: Failed to start bean 'webServerStartStop'
2026-06-11T19:37:13.547+08:00  INFO 367002 --- [TaskBountyPlatform] [main] j.LocalContainerEntityManagerFactoryBean : Closing JPA EntityManagerFactory for persistence unit 'default'
2026-06-11T19:37:13.549+08:00  INFO 367002 --- [TaskBountyPlatform] [main] com.zaxxer.hikari.HikariDataSource       : HikariPool-1 - Shutdown initiated...
2026-06-11T19:37:13.559+08:00  INFO 367002 --- [TaskBountyPlatform] [main] com.zaxxer.hikari.HikariDataSource       : HikariPool-1 - Shutdown completed.
2026-06-11T19:37:13.580+08:00  INFO 367002 --- [TaskBountyPlatform] [main] .s.b.a.l.ConditionEvaluationReportLogger : 

Error starting ApplicationContext. To display the condition evaluation report re-run your application with 'debug' enabled.
2026-06-11T19:37:13.590+08:00 ERROR 367002 --- [TaskBountyPlatform] [main] o.s.b.d.LoggingFailureAnalysisReporter   : 

***************************
APPLICATION FAILED TO START
***************************

Description:

Web server failed to start. Port 8080 was already in use.

Action:

Identify and stop the process that's listening on port 8080 or configure this application to listen on another port.

2026-06-11T19:38:03.951+08:00  INFO 367719 --- [TaskBountyPlatform] [main] c.f.t.TaskBountyPlatformApplication      : Starting TaskBountyPlatformApplication using Java 21.0.10 with PID 367719 (/home/gr/cxy/code/Micro-task-Bounty-Platform/backend/target/classes started by gr in /home/gr/cxy/code/Micro-task-Bounty-Platform/backend)
2026-06-11T19:38:03.952+08:00 DEBUG 367719 --- [TaskBountyPlatform] [main] c.f.t.TaskBountyPlatformApplication      : Running with Spring Boot v3.5.14, Spring v6.2.18
2026-06-11T19:38:03.952+08:00  INFO 367719 --- [TaskBountyPlatform] [main] c.f.t.TaskBountyPlatformApplication      : No active profile set, falling back to 1 default profile: "default"
2026-06-11T19:38:04.746+08:00  INFO 367719 --- [TaskBountyPlatform] [main] .s.d.r.c.RepositoryConfigurationDelegate : Bootstrapping Spring Data JPA repositories in DEFAULT mode.
2026-06-11T19:38:04.818+08:00  INFO 367719 --- [TaskBountyPlatform] [main] .s.d.r.c.RepositoryConfigurationDelegate : Finished Spring Data repository scanning in 66 ms. Found 18 JPA repository interfaces.
2026-06-11T19:38:05.286+08:00  INFO 367719 --- [TaskBountyPlatform] [main] o.s.b.w.embedded.tomcat.TomcatWebServer  : Tomcat initialized with port 8080 (http)
2026-06-11T19:38:05.296+08:00  INFO 367719 --- [TaskBountyPlatform] [main] o.apache.catalina.core.StandardService   : Starting service [Tomcat]
2026-06-11T19:38:05.296+08:00  INFO 367719 --- [TaskBountyPlatform] [main] o.apache.catalina.core.StandardEngine    : Starting Servlet engine: [Apache Tomcat/10.1.54]
2026-06-11T19:38:05.328+08:00  INFO 367719 --- [TaskBountyPlatform] [main] o.a.c.c.C.[Tomcat].[localhost].[/]       : Initializing Spring embedded WebApplicationContext
2026-06-11T19:38:05.328+08:00  INFO 367719 --- [TaskBountyPlatform] [main] w.s.c.ServletWebServerApplicationContext : Root WebApplicationContext: initialization completed in 1349 ms
2026-06-11T19:38:05.522+08:00  INFO 367719 --- [TaskBountyPlatform] [main] o.hibernate.jpa.internal.util.LogHelper  : HHH000204: Processing PersistenceUnitInfo [name: default]
2026-06-11T19:38:05.567+08:00  INFO 367719 --- [TaskBountyPlatform] [main] org.hibernate.Version                    : HHH000412: Hibernate ORM core version 6.6.49.Final
2026-06-11T19:38:05.604+08:00  INFO 367719 --- [TaskBountyPlatform] [main] o.h.c.internal.RegionFactoryInitiator    : HHH000026: Second-level cache disabled
2026-06-11T19:38:05.759+08:00  INFO 367719 --- [TaskBountyPlatform] [main] o.s.o.j.p.SpringPersistenceUnitInfo      : No LoadTimeWeaver setup: ignoring JPA class transformer
2026-06-11T19:38:05.781+08:00  INFO 367719 --- [TaskBountyPlatform] [main] com.zaxxer.hikari.HikariDataSource       : HikariPool-1 - Starting...
2026-06-11T19:38:06.037+08:00  INFO 367719 --- [TaskBountyPlatform] [main] com.zaxxer.hikari.pool.HikariPool        : HikariPool-1 - Added connection com.mysql.cj.jdbc.ConnectionImpl@51c6e775
2026-06-11T19:38:06.038+08:00  INFO 367719 --- [TaskBountyPlatform] [main] com.zaxxer.hikari.HikariDataSource       : HikariPool-1 - Start completed.
2026-06-11T19:38:06.081+08:00  WARN 367719 --- [TaskBountyPlatform] [main] org.hibernate.orm.deprecation            : HHH90000025: MySQLDialect does not need to be specified explicitly using 'hibernate.dialect' (remove the property setting and it will be selected by default)
2026-06-11T19:38:06.093+08:00  INFO 367719 --- [TaskBountyPlatform] [main] org.hibernate.orm.connections.pooling    : HHH10001005: Database info:
	Database JDBC URL [Connecting through datasource 'HikariDataSource (HikariPool-1)']
	Database driver: undefined/unknown
	Database version: 8.0.42
	Autocommit mode: undefined/unknown
	Isolation level: undefined/unknown
	Minimum pool size: undefined/unknown
	Maximum pool size: undefined/unknown
2026-06-11T19:38:06.892+08:00  INFO 367719 --- [TaskBountyPlatform] [main] o.h.e.t.j.p.i.JtaPlatformInitiator       : HHH000489: No JTA platform available (set 'hibernate.transaction.jta.platform' to enable JTA platform integration)
2026-06-11T19:38:07.090+08:00  WARN 367719 --- [TaskBountyPlatform] [main] o.h.t.s.i.ExceptionHandlerLoggedImpl     : GenerationTarget encountered exception accepting command : Error executing DDL "
    alter table system_configs 
       modify column config_value varchar(500) not null" via JDBC [Data truncation: Data too long for column 'config_value' at row 1]

org.hibernate.tool.schema.spi.CommandAcceptanceException: Error executing DDL "
    alter table system_configs 
       modify column config_value varchar(500) not null" via JDBC [Data truncation: Data too long for column 'config_value' at row 1]
	at org.hibernate.tool.schema.internal.exec.GenerationTargetToDatabase.accept(GenerationTargetToDatabase.java:94) ~[hibernate-core-6.6.49.Final.jar:6.6.49.Final]
	at org.hibernate.tool.schema.internal.AbstractSchemaMigrator.applySqlString(AbstractSchemaMigrator.java:576) ~[hibernate-core-6.6.49.Final.jar:6.6.49.Final]
	at org.hibernate.tool.schema.internal.AbstractSchemaMigrator.applySqlStrings(AbstractSchemaMigrator.java:516) ~[hibernate-core-6.6.49.Final.jar:6.6.49.Final]
	at org.hibernate.tool.schema.internal.AbstractSchemaMigrator.migrateTable(AbstractSchemaMigrator.java:334) ~[hibernate-core-6.6.49.Final.jar:6.6.49.Final]
	at org.hibernate.tool.schema.internal.GroupedSchemaMigratorImpl.performTablesMigration(GroupedSchemaMigratorImpl.java:84) ~[hibernate-core-6.6.49.Final.jar:6.6.49.Final]
	at org.hibernate.tool.schema.internal.AbstractSchemaMigrator.performMigration(AbstractSchemaMigrator.java:233) ~[hibernate-core-6.6.49.Final.jar:6.6.49.Final]
	at org.hibernate.tool.schema.internal.AbstractSchemaMigrator.doMigration(AbstractSchemaMigrator.java:112) ~[hibernate-core-6.6.49.Final.jar:6.6.49.Final]
	at org.hibernate.tool.schema.spi.SchemaManagementToolCoordinator.performDatabaseAction(SchemaManagementToolCoordinator.java:280) ~[hibernate-core-6.6.49.Final.jar:6.6.49.Final]
	at org.hibernate.tool.schema.spi.SchemaManagementToolCoordinator.lambda$process$5(SchemaManagementToolCoordinator.java:144) ~[hibernate-core-6.6.49.Final.jar:6.6.49.Final]
	at java.base/java.util.HashMap.forEach(Unknown Source) ~[na:na]
	at org.hibernate.tool.schema.spi.SchemaManagementToolCoordinator.process(SchemaManagementToolCoordinator.java:141) ~[hibernate-core-6.6.49.Final.jar:6.6.49.Final]
	at org.hibernate.boot.internal.SessionFactoryObserverForSchemaExport.sessionFactoryCreated(SessionFactoryObserverForSchemaExport.java:37) ~[hibernate-core-6.6.49.Final.jar:6.6.49.Final]
	at org.hibernate.internal.SessionFactoryObserverChain.sessionFactoryCreated(SessionFactoryObserverChain.java:35) ~[hibernate-core-6.6.49.Final.jar:6.6.49.Final]
	at org.hibernate.internal.SessionFactoryImpl.<init>(SessionFactoryImpl.java:324) ~[hibernate-core-6.6.49.Final.jar:6.6.49.Final]
	at org.hibernate.boot.internal.SessionFactoryBuilderImpl.build(SessionFactoryBuilderImpl.java:463) ~[hibernate-core-6.6.49.Final.jar:6.6.49.Final]
	at org.hibernate.jpa.boot.internal.EntityManagerFactoryBuilderImpl.build(EntityManagerFactoryBuilderImpl.java:1517) ~[hibernate-core-6.6.49.Final.jar:6.6.49.Final]
	at org.springframework.orm.jpa.vendor.SpringHibernateJpaPersistenceProvider.createContainerEntityManagerFactory(SpringHibernateJpaPersistenceProvider.java:66) ~[spring-orm-6.2.18.jar:6.2.18]
	at org.springframework.orm.jpa.LocalContainerEntityManagerFactoryBean.createNativeEntityManagerFactory(LocalContainerEntityManagerFactoryBean.java:388) ~[spring-orm-6.2.18.jar:6.2.18]
	at org.springframework.orm.jpa.AbstractEntityManagerFactoryBean.buildNativeEntityManagerFactory(AbstractEntityManagerFactoryBean.java:419) ~[spring-orm-6.2.18.jar:6.2.18]
	at org.springframework.orm.jpa.AbstractEntityManagerFactoryBean.afterPropertiesSet(AbstractEntityManagerFactoryBean.java:400) ~[spring-orm-6.2.18.jar:6.2.18]
	at org.springframework.orm.jpa.LocalContainerEntityManagerFactoryBean.afterPropertiesSet(LocalContainerEntityManagerFactoryBean.java:364) ~[spring-orm-6.2.18.jar:6.2.18]
	at org.springframework.beans.factory.support.AbstractAutowireCapableBeanFactory.invokeInitMethods(AbstractAutowireCapableBeanFactory.java:1873) ~[spring-beans-6.2.18.jar:6.2.18]
	at org.springframework.beans.factory.support.AbstractAutowireCapableBeanFactory.initializeBean(AbstractAutowireCapableBeanFactory.java:1822) ~[spring-beans-6.2.18.jar:6.2.18]
	at org.springframework.beans.factory.support.AbstractAutowireCapableBeanFactory.doCreateBean(AbstractAutowireCapableBeanFactory.java:607) ~[spring-beans-6.2.18.jar:6.2.18]
	at org.springframework.beans.factory.support.AbstractAutowireCapableBeanFactory.createBean(AbstractAutowireCapableBeanFactory.java:529) ~[spring-beans-6.2.18.jar:6.2.18]
	at org.springframework.beans.factory.support.AbstractBeanFactory.lambda$doGetBean$0(AbstractBeanFactory.java:339) ~[spring-beans-6.2.18.jar:6.2.18]
	at org.springframework.beans.factory.support.DefaultSingletonBeanRegistry.getSingleton(DefaultSingletonBeanRegistry.java:373) ~[spring-beans-6.2.18.jar:6.2.18]
	at org.springframework.beans.factory.support.AbstractBeanFactory.doGetBean(AbstractBeanFactory.java:337) ~[spring-beans-6.2.18.jar:6.2.18]
	at org.springframework.beans.factory.support.AbstractBeanFactory.getBean(AbstractBeanFactory.java:202) ~[spring-beans-6.2.18.jar:6.2.18]
	at org.springframework.beans.factory.support.BeanDefinitionValueResolver.resolveReference(BeanDefinitionValueResolver.java:365) ~[spring-beans-6.2.18.jar:6.2.18]
	at org.springframework.beans.factory.support.BeanDefinitionValueResolver.resolveValueIfNecessary(BeanDefinitionValueResolver.java:135) ~[spring-beans-6.2.18.jar:6.2.18]
	at org.springframework.beans.factory.support.ConstructorResolver.resolveConstructorArguments(ConstructorResolver.java:691) ~[spring-beans-6.2.18.jar:6.2.18]
	at org.springframework.beans.factory.support.ConstructorResolver.instantiateUsingFactoryMethod(ConstructorResolver.java:513) ~[spring-beans-6.2.18.jar:6.2.18]
	at org.springframework.beans.factory.support.AbstractAutowireCapableBeanFactory.instantiateUsingFactoryMethod(AbstractAutowireCapableBeanFactory.java:1375) ~[spring-beans-6.2.18.jar:6.2.18]
	at org.springframework.beans.factory.support.AbstractAutowireCapableBeanFactory.createBeanInstance(AbstractAutowireCapableBeanFactory.java:1205) ~[spring-beans-6.2.18.jar:6.2.18]
	at org.springframework.beans.factory.support.AbstractAutowireCapableBeanFactory.doCreateBean(AbstractAutowireCapableBeanFactory.java:569) ~[spring-beans-6.2.18.jar:6.2.18]
	at org.springframework.beans.factory.support.AbstractAutowireCapableBeanFactory.createBean(AbstractAutowireCapableBeanFactory.java:529) ~[spring-beans-6.2.18.jar:6.2.18]
	at org.springframework.beans.factory.support.AbstractBeanFactory.lambda$doGetBean$0(AbstractBeanFactory.java:339) ~[spring-beans-6.2.18.jar:6.2.18]
	at org.springframework.beans.factory.support.DefaultSingletonBeanRegistry.getSingleton(DefaultSingletonBeanRegistry.java:373) ~[spring-beans-6.2.18.jar:6.2.18]
	at org.springframework.beans.factory.support.AbstractBeanFactory.doGetBean(AbstractBeanFactory.java:337) ~[spring-beans-6.2.18.jar:6.2.18]
	at org.springframework.beans.factory.support.AbstractBeanFactory.getBean(AbstractBeanFactory.java:202) ~[spring-beans-6.2.18.jar:6.2.18]
	at org.springframework.beans.factory.support.BeanDefinitionValueResolver.resolveReference(BeanDefinitionValueResolver.java:365) ~[spring-beans-6.2.18.jar:6.2.18]
	at org.springframework.beans.factory.support.BeanDefinitionValueResolver.resolveValueIfNecessary(BeanDefinitionValueResolver.java:135) ~[spring-beans-6.2.18.jar:6.2.18]
	at org.springframework.beans.factory.support.AbstractAutowireCapableBeanFactory.applyPropertyValues(AbstractAutowireCapableBeanFactory.java:1725) ~[spring-beans-6.2.18.jar:6.2.18]
	at org.springframework.beans.factory.support.AbstractAutowireCapableBeanFactory.populateBean(AbstractAutowireCapableBeanFactory.java:1474) ~[spring-beans-6.2.18.jar:6.2.18]
	at org.springframework.beans.factory.support.AbstractAutowireCapableBeanFactory.doCreateBean(AbstractAutowireCapableBeanFactory.java:606) ~[spring-beans-6.2.18.jar:6.2.18]
	at org.springframework.beans.factory.support.AbstractAutowireCapableBeanFactory.createBean(AbstractAutowireCapableBeanFactory.java:529) ~[spring-beans-6.2.18.jar:6.2.18]
	at org.springframework.beans.factory.support.AbstractBeanFactory.lambda$doGetBean$0(AbstractBeanFactory.java:339) ~[spring-beans-6.2.18.jar:6.2.18]
	at org.springframework.beans.factory.support.DefaultSingletonBeanRegistry.getSingleton(DefaultSingletonBeanRegistry.java:373) ~[spring-beans-6.2.18.jar:6.2.18]
	at org.springframework.beans.factory.support.AbstractBeanFactory.doGetBean(AbstractBeanFactory.java:337) ~[spring-beans-6.2.18.jar:6.2.18]
	at org.springframework.beans.factory.support.AbstractBeanFactory.getBean(AbstractBeanFactory.java:202) ~[spring-beans-6.2.18.jar:6.2.18]
	at org.springframework.beans.factory.support.DefaultListableBeanFactory.doResolveDependency(DefaultListableBeanFactory.java:1708) ~[spring-beans-6.2.18.jar:6.2.18]
	at org.springframework.beans.factory.support.DefaultListableBeanFactory.resolveDependency(DefaultListableBeanFactory.java:1653) ~[spring-beans-6.2.18.jar:6.2.18]
	at org.springframework.beans.factory.support.ConstructorResolver.resolveAutowiredArgument(ConstructorResolver.java:913) ~[spring-beans-6.2.18.jar:6.2.18]
	at org.springframework.beans.factory.support.ConstructorResolver.createArgumentArray(ConstructorResolver.java:791) ~[spring-beans-6.2.18.jar:6.2.18]
	at org.springframework.beans.factory.support.ConstructorResolver.autowireConstructor(ConstructorResolver.java:240) ~[spring-beans-6.2.18.jar:6.2.18]
	at org.springframework.beans.factory.support.AbstractAutowireCapableBeanFactory.autowireConstructor(AbstractAutowireCapableBeanFactory.java:1395) ~[spring-beans-6.2.18.jar:6.2.18]
	at org.springframework.beans.factory.support.AbstractAutowireCapableBeanFactory.createBeanInstance(AbstractAutowireCapableBeanFactory.java:1232) ~[spring-beans-6.2.18.jar:6.2.18]
	at org.springframework.beans.factory.support.AbstractAutowireCapableBeanFactory.doCreateBean(AbstractAutowireCapableBeanFactory.java:569) ~[spring-beans-6.2.18.jar:6.2.18]
	at org.springframework.beans.factory.support.AbstractAutowireCapableBeanFactory.createBean(AbstractAutowireCapableBeanFactory.java:529) ~[spring-beans-6.2.18.jar:6.2.18]
	at org.springframework.beans.factory.support.AbstractBeanFactory.lambda$doGetBean$0(AbstractBeanFactory.java:339) ~[spring-beans-6.2.18.jar:6.2.18]
	at org.springframework.beans.factory.support.DefaultSingletonBeanRegistry.getSingleton(DefaultSingletonBeanRegistry.java:373) ~[spring-beans-6.2.18.jar:6.2.18]
	at org.springframework.beans.factory.support.AbstractBeanFactory.doGetBean(AbstractBeanFactory.java:337) ~[spring-beans-6.2.18.jar:6.2.18]
	at org.springframework.beans.factory.support.AbstractBeanFactory.getBean(AbstractBeanFactory.java:207) ~[spring-beans-6.2.18.jar:6.2.18]
	at org.springframework.boot.web.servlet.ServletContextInitializerBeans.getOrderedBeansOfType(ServletContextInitializerBeans.java:230) ~[spring-boot-3.5.14.jar:3.5.14]
	at org.springframework.boot.web.servlet.ServletContextInitializerBeans.addAsRegistrationBean(ServletContextInitializerBeans.java:184) ~[spring-boot-3.5.14.jar:3.5.14]
	at org.springframework.boot.web.servlet.ServletContextInitializerBeans.addAsRegistrationBean(ServletContextInitializerBeans.java:179) ~[spring-boot-3.5.14.jar:3.5.14]
	at org.springframework.boot.web.servlet.ServletContextInitializerBeans.addAdaptableBeans(ServletContextInitializerBeans.java:164) ~[spring-boot-3.5.14.jar:3.5.14]
	at org.springframework.boot.web.servlet.ServletContextInitializerBeans.<init>(ServletContextInitializerBeans.java:96) ~[spring-boot-3.5.14.jar:3.5.14]
	at org.springframework.boot.web.servlet.context.ServletWebServerApplicationContext.getServletContextInitializerBeans(ServletWebServerApplicationContext.java:271) ~[spring-boot-3.5.14.jar:3.5.14]
	at org.springframework.boot.web.servlet.context.ServletWebServerApplicationContext.selfInitialize(ServletWebServerApplicationContext.java:245) ~[spring-boot-3.5.14.jar:3.5.14]
	at org.springframework.boot.web.embedded.tomcat.TomcatStarter.onStartup(TomcatStarter.java:52) ~[spring-boot-3.5.14.jar:3.5.14]
	at org.apache.catalina.core.StandardContext.startInternal(StandardContext.java:4452) ~[tomcat-embed-core-10.1.54.jar:10.1.54]
	at org.apache.catalina.util.LifecycleBase.start(LifecycleBase.java:164) ~[tomcat-embed-core-10.1.54.jar:10.1.54]
	at org.apache.catalina.core.ContainerBase$StartChild.call(ContainerBase.java:1201) ~[tomcat-embed-core-10.1.54.jar:10.1.54]
	at org.apache.catalina.core.ContainerBase$StartChild.call(ContainerBase.java:1191) ~[tomcat-embed-core-10.1.54.jar:10.1.54]
	at java.base/java.util.concurrent.FutureTask.run(Unknown Source) ~[na:na]
	at org.apache.tomcat.util.threads.InlineExecutorService.execute(InlineExecutorService.java:81) ~[tomcat-embed-core-10.1.54.jar:10.1.54]
	at java.base/java.util.concurrent.AbstractExecutorService.submit(Unknown Source) ~[na:na]
	at org.apache.catalina.core.ContainerBase.startInternal(ContainerBase.java:747) ~[tomcat-embed-core-10.1.54.jar:10.1.54]
	at org.apache.catalina.core.StandardHost.startInternal(StandardHost.java:783) ~[tomcat-embed-core-10.1.54.jar:10.1.54]
	at org.apache.catalina.util.LifecycleBase.start(LifecycleBase.java:164) ~[tomcat-embed-core-10.1.54.jar:10.1.54]
	at org.apache.catalina.core.ContainerBase$StartChild.call(ContainerBase.java:1201) ~[tomcat-embed-core-10.1.54.jar:10.1.54]
	at org.apache.catalina.core.ContainerBase$StartChild.call(ContainerBase.java:1191) ~[tomcat-embed-core-10.1.54.jar:10.1.54]
	at java.base/java.util.concurrent.FutureTask.run(Unknown Source) ~[na:na]
	at org.apache.tomcat.util.threads.InlineExecutorService.execute(InlineExecutorService.java:81) ~[tomcat-embed-core-10.1.54.jar:10.1.54]
	at java.base/java.util.concurrent.AbstractExecutorService.submit(Unknown Source) ~[na:na]
	at org.apache.catalina.core.ContainerBase.startInternal(ContainerBase.java:747) ~[tomcat-embed-core-10.1.54.jar:10.1.54]
	at org.apache.catalina.core.StandardEngine.startInternal(StandardEngine.java:201) ~[tomcat-embed-core-10.1.54.jar:10.1.54]
	at org.apache.catalina.util.LifecycleBase.start(LifecycleBase.java:164) ~[tomcat-embed-core-10.1.54.jar:10.1.54]
	at org.apache.catalina.core.StandardService.startInternal(StandardService.java:410) ~[tomcat-embed-core-10.1.54.jar:10.1.54]
	at org.apache.catalina.util.LifecycleBase.start(LifecycleBase.java:164) ~[tomcat-embed-core-10.1.54.jar:10.1.54]
	at org.apache.catalina.core.StandardServer.startInternal(StandardServer.java:868) ~[tomcat-embed-core-10.1.54.jar:10.1.54]
	at org.apache.catalina.util.LifecycleBase.start(LifecycleBase.java:164) ~[tomcat-embed-core-10.1.54.jar:10.1.54]
	at org.apache.catalina.startup.Tomcat.start(Tomcat.java:436) ~[tomcat-embed-core-10.1.54.jar:10.1.54]
	at org.springframework.boot.web.embedded.tomcat.TomcatWebServer.initialize(TomcatWebServer.java:128) ~[spring-boot-3.5.14.jar:3.5.14]
	at org.springframework.boot.web.embedded.tomcat.TomcatWebServer.<init>(TomcatWebServer.java:107) ~[spring-boot-3.5.14.jar:3.5.14]
	at org.springframework.boot.web.embedded.tomcat.TomcatServletWebServerFactory.getTomcatWebServer(TomcatServletWebServerFactory.java:517) ~[spring-boot-3.5.14.jar:3.5.14]
	at org.springframework.boot.web.embedded.tomcat.TomcatServletWebServerFactory.getWebServer(TomcatServletWebServerFactory.java:219) ~[spring-boot-3.5.14.jar:3.5.14]
	at org.springframework.boot.web.servlet.context.ServletWebServerApplicationContext.createWebServer(ServletWebServerApplicationContext.java:193) ~[spring-boot-3.5.14.jar:3.5.14]
	at org.springframework.boot.web.servlet.context.ServletWebServerApplicationContext.onRefresh(ServletWebServerApplicationContext.java:167) ~[spring-boot-3.5.14.jar:3.5.14]
	at org.springframework.context.support.AbstractApplicationContext.refresh(AbstractApplicationContext.java:622) ~[spring-context-6.2.18.jar:6.2.18]
	at org.springframework.boot.web.servlet.context.ServletWebServerApplicationContext.refresh(ServletWebServerApplicationContext.java:146) ~[spring-boot-3.5.14.jar:3.5.14]
	at org.springframework.boot.SpringApplication.refresh(SpringApplication.java:752) ~[spring-boot-3.5.14.jar:3.5.14]
	at org.springframework.boot.SpringApplication.refreshContext(SpringApplication.java:439) ~[spring-boot-3.5.14.jar:3.5.14]
	at org.springframework.boot.SpringApplication.run(SpringApplication.java:318) ~[spring-boot-3.5.14.jar:3.5.14]
	at org.springframework.boot.SpringApplication.run(SpringApplication.java:1361) ~[spring-boot-3.5.14.jar:3.5.14]
	at org.springframework.boot.SpringApplication.run(SpringApplication.java:1350) ~[spring-boot-3.5.14.jar:3.5.14]
	at com.firstteam.taskbountyplatform.TaskBountyPlatformApplication.main(TaskBountyPlatformApplication.java:14) ~[classes/:na]
Caused by: com.mysql.cj.jdbc.exceptions.MysqlDataTruncation: Data truncation: Data too long for column 'config_value' at row 1
	at com.mysql.cj.jdbc.exceptions.SQLExceptionsMapping.translateException(SQLExceptionsMapping.java:96) ~[mysql-connector-j-9.7.0.jar:9.7.0]
	at com.mysql.cj.jdbc.StatementImpl.executeInternal(StatementImpl.java:839) ~[mysql-connector-j-9.7.0.jar:9.7.0]
	at com.mysql.cj.jdbc.StatementImpl.execute(StatementImpl.java:687) ~[mysql-connector-j-9.7.0.jar:9.7.0]
	at com.zaxxer.hikari.pool.ProxyStatement.execute(ProxyStatement.java:95) ~[HikariCP-6.3.3.jar:na]
	at com.zaxxer.hikari.pool.HikariProxyStatement.execute(HikariProxyStatement.java) ~[HikariCP-6.3.3.jar:na]
	at org.hibernate.tool.schema.internal.exec.GenerationTargetToDatabase.accept(GenerationTargetToDatabase.java:80) ~[hibernate-core-6.6.49.Final.jar:6.6.49.Final]
	... 108 common frames omitted

2026-06-11T19:38:07.135+08:00  INFO 367719 --- [TaskBountyPlatform] [main] j.LocalContainerEntityManagerFactoryBean : Initialized JPA EntityManagerFactory for persistence unit 'default'
2026-06-11T19:38:07.326+08:00  INFO 367719 --- [TaskBountyPlatform] [main] o.s.d.j.r.query.QueryEnhancerFactory     : Hibernate is in classpath; If applicable, HQL parser will be used.
2026-06-11T19:38:07.722+08:00 DEBUG 367719 --- [TaskBountyPlatform] [main] c.f.t.a.s.JwtAuthenticationFilter        : Filter 'jwtAuthenticationFilter' configured for use
2026-06-11T19:38:08.520+08:00  WARN 367719 --- [TaskBountyPlatform] [main] JpaBaseConfiguration$JpaWebConfiguration : spring.jpa.open-in-view is enabled by default. Therefore, database queries may be performed during view rendering. Explicitly configure spring.jpa.open-in-view to disable this warning
2026-06-11T19:38:08.550+08:00  INFO 367719 --- [TaskBountyPlatform] [main] o.s.b.a.w.s.WelcomePageHandlerMapping    : Adding welcome page: class path resource [static/index.html]
2026-06-11T19:38:08.840+08:00  INFO 367719 --- [TaskBountyPlatform] [main] o.s.b.a.e.web.EndpointLinksResolver      : Exposing 4 endpoints beneath base path '/actuator'
2026-06-11T19:38:08.882+08:00  WARN 367719 --- [TaskBountyPlatform] [main] .s.s.UserDetailsServiceAutoConfiguration : 

Using generated security password: 9b224b9b-e2f9-458b-87db-0b8d841c2d5f

This generated password is for development use only. Your security configuration must be updated before running your application in production.

2026-06-11T19:38:08.888+08:00  INFO 367719 --- [TaskBountyPlatform] [main] r$InitializeUserDetailsManagerConfigurer : Global AuthenticationManager configured with UserDetailsService bean with name inMemoryUserDetailsManager
2026-06-11T19:38:09.328+08:00  INFO 367719 --- [TaskBountyPlatform] [main] o.s.b.w.embedded.tomcat.TomcatWebServer  : Tomcat started on port 8080 (http) with context path '/'
2026-06-11T19:38:09.343+08:00  INFO 367719 --- [TaskBountyPlatform] [main] c.f.t.TaskBountyPlatformApplication      : Started TaskBountyPlatformApplication in 5.771 seconds (process running for 6.0)
2026-06-11T19:38:18.001+08:00  INFO 367719 --- [TaskBountyPlatform] [http-nio-8080-exec-1] o.a.c.c.C.[Tomcat].[localhost].[/]       : Initializing Spring DispatcherServlet 'dispatcherServlet'
2026-06-11T19:38:18.001+08:00  INFO 367719 --- [TaskBountyPlatform] [http-nio-8080-exec-1] o.s.web.servlet.DispatcherServlet        : Initializing Servlet 'dispatcherServlet'
2026-06-11T19:38:18.003+08:00  INFO 367719 --- [TaskBountyPlatform] [http-nio-8080-exec-1] o.s.web.servlet.DispatcherServlet        : Completed initialization in 2 ms
2026-06-11T19:38:22.228+08:00  INFO 367719 --- [TaskBountyPlatform] [http-nio-8080-exec-9] o.springdoc.api.AbstractOpenApiResource  : Init duration for springdoc-openapi is: 854 ms
2026-06-11T19:38:43.196+08:00 DEBUG 367719 --- [TaskBountyPlatform] [http-nio-8080-exec-1] c.f.t.c.e.GlobalExceptionHandler         : SPA fallback: /favicon.ico -> /index.html
2026-06-11T19:38:50.200+08:00 DEBUG 367719 --- [TaskBountyPlatform] [http-nio-8080-exec-6] c.f.t.c.e.GlobalExceptionHandler         : SPA fallback: /favicon.ico -> /index.html
2026-06-11T19:40:00.002+08:00  INFO 367719 --- [TaskBountyPlatform] [scheduling-1] c.f.t.scheduler.TaskTimeoutScheduler     : Starting checkPendingConfirmationTimeout...
2026-06-11T19:40:00.091+08:00  INFO 367719 --- [TaskBountyPlatform] [scheduling-1] c.f.t.scheduler.TaskTimeoutScheduler     : Found 0 PENDING_CONFIRMATION tasks
2026-06-11T19:40:00.091+08:00  INFO 367719 --- [TaskBountyPlatform] [scheduling-1] c.f.t.scheduler.TaskTimeoutScheduler     : checkPendingConfirmationTimeout completed. Processed 0 tasks
2026-06-11T19:40:00.092+08:00  INFO 367719 --- [TaskBountyPlatform] [scheduling-1] c.f.t.scheduler.TaskTimeoutScheduler     : Starting checkDeliveryTimeout...
2026-06-11T19:40:00.107+08:00  INFO 367719 --- [TaskBountyPlatform] [scheduling-1] c.f.t.scheduler.TaskTimeoutScheduler     : Found 1 overdue IN_PROGRESS tasks
2026-06-11T19:40:00.139+08:00 DEBUG 367719 --- [TaskBountyPlatform] [scheduling-1] c.f.t.n.service.NotificationService      : Notification created: id=152, receiverId=1, type=TASK_UPDATE
2026-06-11T19:40:00.150+08:00 DEBUG 367719 --- [TaskBountyPlatform] [scheduling-1] c.f.t.n.service.NotificationService      : Notification created: id=153, receiverId=13, type=TASK_UPDATE
2026-06-11T19:40:00.152+08:00  INFO 367719 --- [TaskBountyPlatform] [scheduling-1] c.f.t.scheduler.TaskTimeoutScheduler     : checkDeliveryTimeout completed. Processed 1 tasks
2026-06-11T19:40:00.152+08:00  INFO 367719 --- [TaskBountyPlatform] [scheduling-1] c.f.t.s.ReviewAuditTimeoutScheduler      : Starting checkReviewAuditTimeout...
2026-06-11T19:40:00.169+08:00 DEBUG 367719 --- [TaskBountyPlatform] [scheduling-1] c.f.t.s.ReviewAuditTimeoutScheduler      : No expired review audits found
2026-06-11T19:40:00.171+08:00  INFO 367719 --- [TaskBountyPlatform] [scheduling-1] c.f.t.scheduler.TaskTimeoutScheduler     : Starting checkUnclaimedTaskTimeout...
2026-06-11T19:40:00.175+08:00  INFO 367719 --- [TaskBountyPlatform] [scheduling-1] c.f.t.scheduler.TaskTimeoutScheduler     : Found 0 published tasks past auto-cancel deadline
2026-06-11T19:40:00.175+08:00  INFO 367719 --- [TaskBountyPlatform] [scheduling-1] c.f.t.scheduler.TaskTimeoutScheduler     : checkUnclaimedTaskTimeout completed. Processed 0 tasks
2026-06-11T19:45:00.000+08:00  INFO 367719 --- [TaskBountyPlatform] [scheduling-1] c.f.t.scheduler.ReviewTimeoutScheduler   : Starting createDefaultReviews...
2026-06-11T19:45:00.014+08:00  INFO 367719 --- [TaskBountyPlatform] [scheduling-1] c.f.t.scheduler.ReviewTimeoutScheduler   : Found 0 COMPLETED tasks older than 24 hours
2026-06-11T19:45:00.014+08:00  INFO 367719 --- [TaskBountyPlatform] [scheduling-1] c.f.t.scheduler.ReviewTimeoutScheduler   : createDefaultReviews completed. Created 0 default reviews
2026-06-11T19:45:00.014+08:00  INFO 367719 --- [TaskBountyPlatform] [scheduling-1] c.f.t.scheduler.TaskTimeoutScheduler     : Starting checkUnclaimedTaskTimeout...
2026-06-11T19:45:00.018+08:00  INFO 367719 --- [TaskBountyPlatform] [scheduling-1] c.f.t.scheduler.TaskTimeoutScheduler     : Found 0 published tasks past auto-cancel deadline
2026-06-11T19:45:00.018+08:00  INFO 367719 --- [TaskBountyPlatform] [scheduling-1] c.f.t.scheduler.TaskTimeoutScheduler     : checkUnclaimedTaskTimeout completed. Processed 0 tasks
2026-06-11T19:45:00.018+08:00  INFO 367719 --- [TaskBountyPlatform] [scheduling-1] c.f.t.scheduler.TaskTimeoutScheduler     : Starting checkDeliveryTimeout...
2026-06-11T19:45:00.022+08:00  INFO 367719 --- [TaskBountyPlatform] [scheduling-1] c.f.t.scheduler.TaskTimeoutScheduler     : Found 1 overdue IN_PROGRESS tasks
2026-06-11T19:45:00.026+08:00 DEBUG 367719 --- [TaskBountyPlatform] [scheduling-1] c.f.t.n.service.NotificationService      : Notification created: id=154, receiverId=1, type=TASK_UPDATE
2026-06-11T19:45:00.039+08:00 DEBUG 367719 --- [TaskBountyPlatform] [scheduling-1] c.f.t.n.service.NotificationService      : Notification created: id=155, receiverId=13, type=TASK_UPDATE
2026-06-11T19:45:00.041+08:00  INFO 367719 --- [TaskBountyPlatform] [scheduling-1] c.f.t.scheduler.TaskTimeoutScheduler     : checkDeliveryTimeout completed. Processed 1 tasks
2026-06-11T19:45:00.042+08:00  INFO 367719 --- [TaskBountyPlatform] [scheduling-1] c.f.t.scheduler.TaskTimeoutScheduler     : Starting checkPendingConfirmationTimeout...
2026-06-11T19:45:00.044+08:00  INFO 367719 --- [TaskBountyPlatform] [scheduling-1] c.f.t.scheduler.TaskTimeoutScheduler     : Found 0 PENDING_CONFIRMATION tasks
2026-06-11T19:45:00.044+08:00  INFO 367719 --- [TaskBountyPlatform] [scheduling-1] c.f.t.scheduler.TaskTimeoutScheduler     : checkPendingConfirmationTimeout completed. Processed 0 tasks
2026-06-11T19:50:00.002+08:00  INFO 367719 --- [TaskBountyPlatform] [scheduling-1] c.f.t.scheduler.TaskTimeoutScheduler     : Starting checkUnclaimedTaskTimeout...
2026-06-11T19:50:00.007+08:00  INFO 367719 --- [TaskBountyPlatform] [scheduling-1] c.f.t.scheduler.TaskTimeoutScheduler     : Found 0 published tasks past auto-cancel deadline
2026-06-11T19:50:00.007+08:00  INFO 367719 --- [TaskBountyPlatform] [scheduling-1] c.f.t.scheduler.TaskTimeoutScheduler     : checkUnclaimedTaskTimeout completed. Processed 0 tasks
2026-06-11T19:50:00.008+08:00  INFO 367719 --- [TaskBountyPlatform] [scheduling-1] c.f.t.s.ReviewAuditTimeoutScheduler      : Starting checkReviewAuditTimeout...
2026-06-11T19:50:00.015+08:00 DEBUG 367719 --- [TaskBountyPlatform] [scheduling-1] c.f.t.s.ReviewAuditTimeoutScheduler      : No expired review audits found
2026-06-11T19:50:00.016+08:00  INFO 367719 --- [TaskBountyPlatform] [scheduling-1] c.f.t.scheduler.TaskTimeoutScheduler     : Starting checkPendingConfirmationTimeout...
2026-06-11T19:50:00.017+08:00  INFO 367719 --- [TaskBountyPlatform] [scheduling-1] c.f.t.scheduler.TaskTimeoutScheduler     : Found 0 PENDING_CONFIRMATION tasks
2026-06-11T19:50:00.018+08:00  INFO 367719 --- [TaskBountyPlatform] [scheduling-1] c.f.t.scheduler.TaskTimeoutScheduler     : checkPendingConfirmationTimeout completed. Processed 0 tasks
2026-06-11T19:50:00.018+08:00  INFO 367719 --- [TaskBountyPlatform] [scheduling-1] c.f.t.scheduler.TaskTimeoutScheduler     : Starting checkDeliveryTimeout...
2026-06-11T19:50:00.020+08:00  INFO 367719 --- [TaskBountyPlatform] [scheduling-1] c.f.t.scheduler.TaskTimeoutScheduler     : Found 1 overdue IN_PROGRESS tasks
2026-06-11T19:50:00.023+08:00 DEBUG 367719 --- [TaskBountyPlatform] [scheduling-1] c.f.t.n.service.NotificationService      : Notification created: id=156, receiverId=1, type=TASK_UPDATE
2026-06-11T19:50:00.029+08:00 DEBUG 367719 --- [TaskBountyPlatform] [scheduling-1] c.f.t.n.service.NotificationService      : Notification created: id=157, receiverId=13, type=TASK_UPDATE
2026-06-11T19:50:00.030+08:00  INFO 367719 --- [TaskBountyPlatform] [scheduling-1] c.f.t.scheduler.TaskTimeoutScheduler     : checkDeliveryTimeout completed. Processed 1 tasks
2026-06-11T19:54:26.030+08:00 DEBUG 367719 --- [TaskBountyPlatform] [http-nio-8080-exec-1] c.f.t.c.e.GlobalExceptionHandler         : SPA fallback: /login -> /index.html
2026-06-11T19:55:00.000+08:00  INFO 367719 --- [TaskBountyPlatform] [scheduling-1] c.f.t.scheduler.TaskTimeoutScheduler     : Starting checkPendingConfirmationTimeout...
2026-06-11T19:55:00.005+08:00  INFO 367719 --- [TaskBountyPlatform] [scheduling-1] c.f.t.scheduler.TaskTimeoutScheduler     : Found 0 PENDING_CONFIRMATION tasks
2026-06-11T19:55:00.005+08:00  INFO 367719 --- [TaskBountyPlatform] [scheduling-1] c.f.t.scheduler.TaskTimeoutScheduler     : checkPendingConfirmationTimeout completed. Processed 0 tasks
2026-06-11T19:55:00.005+08:00  INFO 367719 --- [TaskBountyPlatform] [scheduling-1] c.f.t.scheduler.TaskTimeoutScheduler     : Starting checkDeliveryTimeout...
2026-06-11T19:55:00.009+08:00  INFO 367719 --- [TaskBountyPlatform] [scheduling-1] c.f.t.scheduler.TaskTimeoutScheduler     : Found 1 overdue IN_PROGRESS tasks
2026-06-11T19:55:00.014+08:00 DEBUG 367719 --- [TaskBountyPlatform] [scheduling-1] c.f.t.n.service.NotificationService      : Notification created: id=158, receiverId=1, type=TASK_UPDATE
2026-06-11T19:55:00.019+08:00 DEBUG 367719 --- [TaskBountyPlatform] [scheduling-1] c.f.t.n.service.NotificationService      : Notification created: id=159, receiverId=13, type=TASK_UPDATE
2026-06-11T19:55:00.021+08:00  INFO 367719 --- [TaskBountyPlatform] [scheduling-1] c.f.t.scheduler.TaskTimeoutScheduler     : checkDeliveryTimeout completed. Processed 1 tasks
2026-06-11T19:55:00.021+08:00  INFO 367719 --- [TaskBountyPlatform] [scheduling-1] c.f.t.scheduler.TaskTimeoutScheduler     : Starting checkUnclaimedTaskTimeout...
2026-06-11T19:55:00.025+08:00  INFO 367719 --- [TaskBountyPlatform] [scheduling-1] c.f.t.scheduler.TaskTimeoutScheduler     : Found 0 published tasks past auto-cancel deadline
2026-06-11T19:55:00.025+08:00  INFO 367719 --- [TaskBountyPlatform] [scheduling-1] c.f.t.scheduler.TaskTimeoutScheduler     : checkUnclaimedTaskTimeout completed. Processed 0 tasks
2026-06-11T19:56:03.310+08:00 DEBUG 367719 --- [TaskBountyPlatform] [http-nio-8080-exec-3] c.f.t.c.e.GlobalExceptionHandler         : SPA fallback: /login -> /index.html
2026-06-11T19:56:04.129+08:00 DEBUG 367719 --- [TaskBountyPlatform] [http-nio-8080-exec-5] c.f.t.c.e.GlobalExceptionHandler         : SPA fallback: /login -> /index.html
2026-06-11T19:57:17.783+08:00 DEBUG 367719 --- [TaskBountyPlatform] [http-nio-8080-exec-10] c.f.t.c.e.GlobalExceptionHandler         : SPA fallback: /avatars/default.png -> /index.html
2026-06-11T19:57:36.750+08:00  WARN 367719 --- [TaskBountyPlatform] [http-nio-8080-exec-6] c.f.t.c.e.GlobalExceptionHandler         : Business exception: code=400, message=账号或密码错误
2026-06-11T19:58:11.998+08:00 DEBUG 367719 --- [TaskBountyPlatform] [http-nio-8080-exec-9] c.f.t.c.e.GlobalExceptionHandler         : SPA fallback: /avatars/default.png -> /index.html
2026-06-11T19:58:15.609+08:00 DEBUG 367719 --- [TaskBountyPlatform] [http-nio-8080-exec-2] c.f.t.c.e.GlobalExceptionHandler         : SPA fallback: /avatars/default.png -> /index.html
2026-06-11T19:58:36.121+08:00 DEBUG 367719 --- [TaskBountyPlatform] [http-nio-8080-exec-1] c.f.t.c.e.GlobalExceptionHandler         : SPA fallback: /avatars/default.png -> /index.html
2026-06-11T20:00:00.001+08:00  INFO 367719 --- [TaskBountyPlatform] [scheduling-1] c.f.t.scheduler.TaskTimeoutScheduler     : Starting sendPreDeadlineReminders...
2026-06-11T20:00:00.011+08:00  INFO 367719 --- [TaskBountyPlatform] [scheduling-1] c.f.t.scheduler.TaskTimeoutScheduler     : sendPreDeadlineReminders completed. Sent 0 urgent reminders
2026-06-11T20:00:00.012+08:00  INFO 367719 --- [TaskBountyPlatform] [scheduling-1] c.f.t.s.ReviewAuditTimeoutScheduler      : Starting checkReviewAuditTimeout...
2026-06-11T20:00:00.016+08:00 DEBUG 367719 --- [TaskBountyPlatform] [scheduling-1] c.f.t.s.ReviewAuditTimeoutScheduler      : No expired review audits found
2026-06-11T20:00:00.017+08:00  INFO 367719 --- [TaskBountyPlatform] [scheduling-1] c.f.t.scheduler.TaskTimeoutScheduler     : Starting checkPendingConfirmationTimeout...
2026-06-11T20:00:00.019+08:00  INFO 367719 --- [TaskBountyPlatform] [scheduling-1] c.f.t.scheduler.TaskTimeoutScheduler     : Found 0 PENDING_CONFIRMATION tasks
2026-06-11T20:00:00.019+08:00  INFO 367719 --- [TaskBountyPlatform] [scheduling-1] c.f.t.scheduler.TaskTimeoutScheduler     : checkPendingConfirmationTimeout completed. Processed 0 tasks
2026-06-11T20:00:00.020+08:00  INFO 367719 --- [TaskBountyPlatform] [scheduling-1] c.f.t.scheduler.ReviewTimeoutScheduler   : Starting createDefaultReviews...
2026-06-11T20:00:00.024+08:00  INFO 367719 --- [TaskBountyPlatform] [scheduling-1] c.f.t.scheduler.ReviewTimeoutScheduler   : Found 0 COMPLETED tasks older than 24 hours
2026-06-11T20:00:00.024+08:00  INFO 367719 --- [TaskBountyPlatform] [scheduling-1] c.f.t.scheduler.ReviewTimeoutScheduler   : createDefaultReviews completed. Created 0 default reviews
2026-06-11T20:00:00.025+08:00  INFO 367719 --- [TaskBountyPlatform] [scheduling-1] c.f.t.scheduler.TaskTimeoutScheduler     : Starting checkDeliveryTimeout...
2026-06-11T20:00:00.028+08:00  INFO 367719 --- [TaskBountyPlatform] [scheduling-1] c.f.t.scheduler.TaskTimeoutScheduler     : Found 1 overdue IN_PROGRESS tasks
2026-06-11T20:00:00.034+08:00 DEBUG 367719 --- [TaskBountyPlatform] [scheduling-1] c.f.t.n.service.NotificationService      : Notification created: id=160, receiverId=1, type=TASK_UPDATE
2026-06-11T20:00:00.040+08:00 DEBUG 367719 --- [TaskBountyPlatform] [scheduling-1] c.f.t.n.service.NotificationService      : Notification created: id=161, receiverId=13, type=TASK_UPDATE
2026-06-11T20:00:00.041+08:00  INFO 367719 --- [TaskBountyPlatform] [scheduling-1] c.f.t.scheduler.TaskTimeoutScheduler     : checkDeliveryTimeout completed. Processed 1 tasks
2026-06-11T20:00:00.041+08:00  INFO 367719 --- [TaskBountyPlatform] [scheduling-1] c.f.t.scheduler.TaskTimeoutScheduler     : Starting checkUnclaimedTaskTimeout...
2026-06-11T20:00:00.043+08:00  INFO 367719 --- [TaskBountyPlatform] [scheduling-1] c.f.t.scheduler.TaskTimeoutScheduler     : Found 0 published tasks past auto-cancel deadline
2026-06-11T20:00:00.043+08:00  INFO 367719 --- [TaskBountyPlatform] [scheduling-1] c.f.t.scheduler.TaskTimeoutScheduler     : checkUnclaimedTaskTimeout completed. Processed 0 tasks
2026-06-11T20:01:16.047+08:00 DEBUG 367719 --- [TaskBountyPlatform] [http-nio-8080-exec-1] c.f.t.audit.service.AuditLogService      : Audit log created: id=22, operatorId=14, actionType=ADMIN_FORCE_CANCEL_TASK, targetType=TASK, targetId=14
2026-06-11T20:01:16.052+08:00 DEBUG 367719 --- [TaskBountyPlatform] [http-nio-8080-exec-1] c.f.t.n.service.NotificationService      : Notification created: id=162, receiverId=1, type=TASK_CANCELLED
2026-06-11T20:01:16.056+08:00 DEBUG 367719 --- [TaskBountyPlatform] [http-nio-8080-exec-1] c.f.t.n.service.NotificationService      : Notification created: id=163, receiverId=13, type=TASK_CANCELLED
2026-06-11T20:01:33.016+08:00 DEBUG 367719 --- [TaskBountyPlatform] [http-nio-8080-exec-10] c.f.t.audit.service.AuditLogService      : Audit log created: id=23, operatorId=14, actionType=ADMIN_UPDATE_CONFIG, targetType=SYSTEM_CONFIG, targetId=1
2026-06-11T20:01:47.295+08:00 DEBUG 367719 --- [TaskBountyPlatform] [http-nio-8080-exec-3] c.f.t.audit.service.AuditLogService      : Audit log created: id=24, operatorId=14, actionType=ADMIN_BROADCAST, targetType=BROADCAST, targetId=null
2026-06-11T20:01:47.319+08:00  INFO 367719 --- [TaskBountyPlatform] [task-1] c.f.t.n.service.NotificationService      : Batch created 15 notifications of type SYSTEM_BROADCAST
2026-06-11T20:03:03.051+08:00 DEBUG 367719 --- [TaskBountyPlatform] [http-nio-8080-exec-2] c.f.t.audit.service.AuditLogService      : Audit log created: id=25, operatorId=14, actionType=TASK_PUBLISH, targetType=TASK, targetId=15
2026-06-11T20:03:03.051+08:00  INFO 367719 --- [TaskBountyPlatform] [http-nio-8080-exec-2] c.f.t.task.service.TaskService           : Task published: id=15, publisherId=14, title=sdadasdasd, reward=50
2026-06-11T20:03:09.246+08:00 DEBUG 367719 --- [TaskBountyPlatform] [http-nio-8080-exec-7] c.f.t.c.e.GlobalExceptionHandler         : SPA fallback: /task-hall -> /index.html
2026-06-11T20:03:42.921+08:00 DEBUG 367719 --- [TaskBountyPlatform] [http-nio-8080-exec-9] c.f.t.c.e.GlobalExceptionHandler         : SPA fallback: /avatars/default.png -> /index.html
2026-06-11T20:05:00.000+08:00  INFO 367719 --- [TaskBountyPlatform] [scheduling-1] c.f.t.scheduler.TaskTimeoutScheduler     : Starting checkDeliveryTimeout...
2026-06-11T20:05:00.004+08:00  INFO 367719 --- [TaskBountyPlatform] [scheduling-1] c.f.t.scheduler.TaskTimeoutScheduler     : Found 1 overdue IN_PROGRESS tasks
2026-06-11T20:05:00.008+08:00 DEBUG 367719 --- [TaskBountyPlatform] [scheduling-1] c.f.t.n.service.NotificationService      : Notification created: id=179, receiverId=1, type=TASK_UPDATE
2026-06-11T20:05:00.015+08:00 DEBUG 367719 --- [TaskBountyPlatform] [scheduling-1] c.f.t.n.service.NotificationService      : Notification created: id=180, receiverId=13, type=TASK_UPDATE
2026-06-11T20:05:00.017+08:00  INFO 367719 --- [TaskBountyPlatform] [scheduling-1] c.f.t.scheduler.TaskTimeoutScheduler     : checkDeliveryTimeout completed. Processed 1 tasks
2026-06-11T20:05:00.017+08:00  INFO 367719 --- [TaskBountyPlatform] [scheduling-1] c.f.t.scheduler.TaskTimeoutScheduler     : Starting checkUnclaimedTaskTimeout...
2026-06-11T20:05:00.019+08:00  INFO 367719 --- [TaskBountyPlatform] [scheduling-1] c.f.t.scheduler.TaskTimeoutScheduler     : Found 0 published tasks past auto-cancel deadline
2026-06-11T20:05:00.020+08:00  INFO 367719 --- [TaskBountyPlatform] [scheduling-1] c.f.t.scheduler.TaskTimeoutScheduler     : checkUnclaimedTaskTimeout completed. Processed 0 tasks
2026-06-11T20:05:00.020+08:00  INFO 367719 --- [TaskBountyPlatform] [scheduling-1] c.f.t.scheduler.TaskTimeoutScheduler     : Starting checkPendingConfirmationTimeout...
2026-06-11T20:05:00.022+08:00  INFO 367719 --- [TaskBountyPlatform] [scheduling-1] c.f.t.scheduler.TaskTimeoutScheduler     : Found 0 PENDING_CONFIRMATION tasks
2026-06-11T20:05:00.022+08:00  INFO 367719 --- [TaskBountyPlatform] [scheduling-1] c.f.t.scheduler.TaskTimeoutScheduler     : checkPendingConfirmationTimeout completed. Processed 0 tasks
2026-06-11T20:06:13.247+08:00 DEBUG 367719 --- [TaskBountyPlatform] [http-nio-8080-exec-10] c.f.t.c.e.GlobalExceptionHandler         : SPA fallback: /favicon.ico -> /index.html
2026-06-11T20:06:13.888+08:00 DEBUG 367719 --- [TaskBountyPlatform] [http-nio-8080-exec-7] c.f.t.c.e.GlobalExceptionHandler         : SPA fallback: /favicon.ico -> /index.html
2026-06-11T20:10:00.002+08:00  INFO 367719 --- [TaskBountyPlatform] [scheduling-1] c.f.t.s.ReviewAuditTimeoutScheduler      : Starting checkReviewAuditTimeout...
2026-06-11T20:10:00.007+08:00 DEBUG 367719 --- [TaskBountyPlatform] [scheduling-1] c.f.t.s.ReviewAuditTimeoutScheduler      : No expired review audits found
2026-06-11T20:10:00.008+08:00  INFO 367719 --- [TaskBountyPlatform] [scheduling-1] c.f.t.scheduler.TaskTimeoutScheduler     : Starting checkPendingConfirmationTimeout...
2026-06-11T20:10:00.010+08:00  INFO 367719 --- [TaskBountyPlatform] [scheduling-1] c.f.t.scheduler.TaskTimeoutScheduler     : Found 0 PENDING_CONFIRMATION tasks
2026-06-11T20:10:00.010+08:00  INFO 367719 --- [TaskBountyPlatform] [scheduling-1] c.f.t.scheduler.TaskTimeoutScheduler     : checkPendingConfirmationTimeout completed. Processed 0 tasks
2026-06-11T20:10:00.010+08:00  INFO 367719 --- [TaskBountyPlatform] [scheduling-1] c.f.t.scheduler.TaskTimeoutScheduler     : Starting checkUnclaimedTaskTimeout...
2026-06-11T20:10:00.012+08:00  INFO 367719 --- [TaskBountyPlatform] [scheduling-1] c.f.t.scheduler.TaskTimeoutScheduler     : Found 0 published tasks past auto-cancel deadline
2026-06-11T20:10:00.012+08:00  INFO 367719 --- [TaskBountyPlatform] [scheduling-1] c.f.t.scheduler.TaskTimeoutScheduler     : checkUnclaimedTaskTimeout completed. Processed 0 tasks
2026-06-11T20:10:00.012+08:00  INFO 367719 --- [TaskBountyPlatform] [scheduling-1] c.f.t.scheduler.TaskTimeoutScheduler     : Starting checkDeliveryTimeout...
2026-06-11T20:10:00.013+08:00  INFO 367719 --- [TaskBountyPlatform] [scheduling-1] c.f.t.scheduler.TaskTimeoutScheduler     : Found 1 overdue IN_PROGRESS tasks
2026-06-11T20:10:00.015+08:00 DEBUG 367719 --- [TaskBountyPlatform] [scheduling-1] c.f.t.n.service.NotificationService      : Notification created: id=181, receiverId=1, type=TASK_UPDATE
2026-06-11T20:10:00.018+08:00 DEBUG 367719 --- [TaskBountyPlatform] [scheduling-1] c.f.t.n.service.NotificationService      : Notification created: id=182, receiverId=13, type=TASK_UPDATE
2026-06-11T20:10:00.019+08:00  INFO 367719 --- [TaskBountyPlatform] [scheduling-1] c.f.t.scheduler.TaskTimeoutScheduler     : checkDeliveryTimeout completed. Processed 1 tasks
2026-06-11T20:15:00.000+08:00  INFO 367719 --- [TaskBountyPlatform] [scheduling-1] c.f.t.scheduler.TaskTimeoutScheduler     : Starting checkUnclaimedTaskTimeout...
2026-06-11T20:15:00.002+08:00  INFO 367719 --- [TaskBountyPlatform] [scheduling-1] c.f.t.scheduler.TaskTimeoutScheduler     : Found 0 published tasks past auto-cancel deadline
2026-06-11T20:15:00.003+08:00  INFO 367719 --- [TaskBountyPlatform] [scheduling-1] c.f.t.scheduler.TaskTimeoutScheduler     : checkUnclaimedTaskTimeout completed. Processed 0 tasks
2026-06-11T20:15:00.003+08:00  INFO 367719 --- [TaskBountyPlatform] [scheduling-1] c.f.t.scheduler.TaskTimeoutScheduler     : Starting checkDeliveryTimeout...
2026-06-11T20:15:00.004+08:00  INFO 367719 --- [TaskBountyPlatform] [scheduling-1] c.f.t.scheduler.TaskTimeoutScheduler     : Found 1 overdue IN_PROGRESS tasks
2026-06-11T20:15:00.009+08:00 DEBUG 367719 --- [TaskBountyPlatform] [scheduling-1] c.f.t.n.service.NotificationService      : Notification created: id=183, receiverId=1, type=TASK_UPDATE
2026-06-11T20:15:00.014+08:00 DEBUG 367719 --- [TaskBountyPlatform] [scheduling-1] c.f.t.n.service.NotificationService      : Notification created: id=184, receiverId=13, type=TASK_UPDATE
2026-06-11T20:15:00.015+08:00  INFO 367719 --- [TaskBountyPlatform] [scheduling-1] c.f.t.scheduler.TaskTimeoutScheduler     : checkDeliveryTimeout completed. Processed 1 tasks
2026-06-11T20:15:00.016+08:00  INFO 367719 --- [TaskBountyPlatform] [scheduling-1] c.f.t.scheduler.ReviewTimeoutScheduler   : Starting createDefaultReviews...
2026-06-11T20:15:00.019+08:00  INFO 367719 --- [TaskBountyPlatform] [scheduling-1] c.f.t.scheduler.ReviewTimeoutScheduler   : Found 0 COMPLETED tasks older than 24 hours
2026-06-11T20:15:00.019+08:00  INFO 367719 --- [TaskBountyPlatform] [scheduling-1] c.f.t.scheduler.ReviewTimeoutScheduler   : createDefaultReviews completed. Created 0 default reviews
2026-06-11T20:15:00.019+08:00  INFO 367719 --- [TaskBountyPlatform] [scheduling-1] c.f.t.scheduler.TaskTimeoutScheduler     : Starting checkPendingConfirmationTimeout...
2026-06-11T20:15:00.020+08:00  INFO 367719 --- [TaskBountyPlatform] [scheduling-1] c.f.t.scheduler.TaskTimeoutScheduler     : Found 0 PENDING_CONFIRMATION tasks
2026-06-11T20:15:00.020+08:00  INFO 367719 --- [TaskBountyPlatform] [scheduling-1] c.f.t.scheduler.TaskTimeoutScheduler     : checkPendingConfirmationTimeout completed. Processed 0 tasks
2026-06-11T20:20:00.000+08:00  INFO 367719 --- [TaskBountyPlatform] [scheduling-1] c.f.t.scheduler.TaskTimeoutScheduler     : Starting checkPendingConfirmationTimeout...
2026-06-11T20:20:00.002+08:00  INFO 367719 --- [TaskBountyPlatform] [scheduling-1] c.f.t.scheduler.TaskTimeoutScheduler     : Found 0 PENDING_CONFIRMATION tasks
2026-06-11T20:20:00.002+08:00  INFO 367719 --- [TaskBountyPlatform] [scheduling-1] c.f.t.scheduler.TaskTimeoutScheduler     : checkPendingConfirmationTimeout completed. Processed 0 tasks
2026-06-11T20:20:00.002+08:00  INFO 367719 --- [TaskBountyPlatform] [scheduling-1] c.f.t.scheduler.TaskTimeoutScheduler     : Starting checkUnclaimedTaskTimeout...
2026-06-11T20:20:00.003+08:00  INFO 367719 --- [TaskBountyPlatform] [scheduling-1] c.f.t.scheduler.TaskTimeoutScheduler     : Found 0 published tasks past auto-cancel deadline
2026-06-11T20:20:00.003+08:00  INFO 367719 --- [TaskBountyPlatform] [scheduling-1] c.f.t.scheduler.TaskTimeoutScheduler     : checkUnclaimedTaskTimeout completed. Processed 0 tasks
2026-06-11T20:20:00.004+08:00  INFO 367719 --- [TaskBountyPlatform] [scheduling-1] c.f.t.s.ReviewAuditTimeoutScheduler      : Starting checkReviewAuditTimeout...
2026-06-11T20:20:00.006+08:00 DEBUG 367719 --- [TaskBountyPlatform] [scheduling-1] c.f.t.s.ReviewAuditTimeoutScheduler      : No expired review audits found
2026-06-11T20:20:00.006+08:00  INFO 367719 --- [TaskBountyPlatform] [scheduling-1] c.f.t.scheduler.TaskTimeoutScheduler     : Starting checkDeliveryTimeout...
2026-06-11T20:20:00.007+08:00  INFO 367719 --- [TaskBountyPlatform] [scheduling-1] c.f.t.scheduler.TaskTimeoutScheduler     : Found 1 overdue IN_PROGRESS tasks
2026-06-11T20:20:00.010+08:00 DEBUG 367719 --- [TaskBountyPlatform] [scheduling-1] c.f.t.n.service.NotificationService      : Notification created: id=185, receiverId=1, type=TASK_UPDATE
2026-06-11T20:20:00.014+08:00 DEBUG 367719 --- [TaskBountyPlatform] [scheduling-1] c.f.t.n.service.NotificationService      : Notification created: id=186, receiverId=13, type=TASK_UPDATE
2026-06-11T20:20:00.015+08:00  INFO 367719 --- [TaskBountyPlatform] [scheduling-1] c.f.t.scheduler.TaskTimeoutScheduler     : checkDeliveryTimeout completed. Processed 1 tasks
2026-06-11T20:25:00.000+08:00  INFO 367719 --- [TaskBountyPlatform] [scheduling-1] c.f.t.scheduler.TaskTimeoutScheduler     : Starting checkUnclaimedTaskTimeout...
2026-06-11T20:25:00.002+08:00  INFO 367719 --- [TaskBountyPlatform] [scheduling-1] c.f.t.scheduler.TaskTimeoutScheduler     : Found 0 published tasks past auto-cancel deadline
2026-06-11T20:25:00.003+08:00  INFO 367719 --- [TaskBountyPlatform] [scheduling-1] c.f.t.scheduler.TaskTimeoutScheduler     : checkUnclaimedTaskTimeout completed. Processed 0 tasks
2026-06-11T20:25:00.003+08:00  INFO 367719 --- [TaskBountyPlatform] [scheduling-1] c.f.t.scheduler.TaskTimeoutScheduler     : Starting checkDeliveryTimeout...
2026-06-11T20:25:00.004+08:00  INFO 367719 --- [TaskBountyPlatform] [scheduling-1] c.f.t.scheduler.TaskTimeoutScheduler     : Found 1 overdue IN_PROGRESS tasks
2026-06-11T20:25:00.007+08:00 DEBUG 367719 --- [TaskBountyPlatform] [scheduling-1] c.f.t.n.service.NotificationService      : Notification created: id=187, receiverId=1, type=TASK_UPDATE
2026-06-11T20:25:00.011+08:00 DEBUG 367719 --- [TaskBountyPlatform] [scheduling-1] c.f.t.n.service.NotificationService      : Notification created: id=188, receiverId=13, type=TASK_UPDATE
2026-06-11T20:25:00.012+08:00  INFO 367719 --- [TaskBountyPlatform] [scheduling-1] c.f.t.scheduler.TaskTimeoutScheduler     : checkDeliveryTimeout completed. Processed 1 tasks
2026-06-11T20:25:00.013+08:00  INFO 367719 --- [TaskBountyPlatform] [scheduling-1] c.f.t.scheduler.TaskTimeoutScheduler     : Starting checkPendingConfirmationTimeout...
2026-06-11T20:25:00.014+08:00  INFO 367719 --- [TaskBountyPlatform] [scheduling-1] c.f.t.scheduler.TaskTimeoutScheduler     : Found 0 PENDING_CONFIRMATION tasks
2026-06-11T20:25:00.014+08:00  INFO 367719 --- [TaskBountyPlatform] [scheduling-1] c.f.t.scheduler.TaskTimeoutScheduler     : checkPendingConfirmationTimeout completed. Processed 0 tasks
2026-06-11T20:27:50.823+08:00  INFO 903969 --- [TaskBountyPlatform] [main] c.f.t.TaskBountyPlatformApplication      : Starting TaskBountyPlatformApplication using Java 17.0.15 with PID 903969 (/home/gr/cxy/code/Micro-task-Bounty-Platform/backend/target/classes started by gr in /home/gr/cxy/code/Micro-task-Bounty-Platform/backend)
2026-06-11T20:27:50.824+08:00 DEBUG 903969 --- [TaskBountyPlatform] [main] c.f.t.TaskBountyPlatformApplication      : Running with Spring Boot v3.5.14, Spring v6.2.18
2026-06-11T20:27:50.825+08:00  INFO 903969 --- [TaskBountyPlatform] [main] c.f.t.TaskBountyPlatformApplication      : No active profile set, falling back to 1 default profile: "default"
2026-06-11T20:27:51.719+08:00  INFO 903969 --- [TaskBountyPlatform] [main] .s.d.r.c.RepositoryConfigurationDelegate : Bootstrapping Spring Data JPA repositories in DEFAULT mode.
2026-06-11T20:27:51.802+08:00  INFO 903969 --- [TaskBountyPlatform] [main] .s.d.r.c.RepositoryConfigurationDelegate : Finished Spring Data repository scanning in 76 ms. Found 18 JPA repository interfaces.
2026-06-11T20:27:52.235+08:00  INFO 903969 --- [TaskBountyPlatform] [main] o.s.b.w.embedded.tomcat.TomcatWebServer  : Tomcat initialized with port 8080 (http)
2026-06-11T20:27:52.246+08:00  INFO 903969 --- [TaskBountyPlatform] [main] o.apache.catalina.core.StandardService   : Starting service [Tomcat]
2026-06-11T20:27:52.246+08:00  INFO 903969 --- [TaskBountyPlatform] [main] o.apache.catalina.core.StandardEngine    : Starting Servlet engine: [Apache Tomcat/10.1.54]
2026-06-11T20:27:52.283+08:00  INFO 903969 --- [TaskBountyPlatform] [main] o.a.c.c.C.[Tomcat].[localhost].[/]       : Initializing Spring embedded WebApplicationContext
2026-06-11T20:27:52.283+08:00  INFO 903969 --- [TaskBountyPlatform] [main] w.s.c.ServletWebServerApplicationContext : Root WebApplicationContext: initialization completed in 1429 ms
2026-06-11T20:27:52.516+08:00  INFO 903969 --- [TaskBountyPlatform] [main] o.hibernate.jpa.internal.util.LogHelper  : HHH000204: Processing PersistenceUnitInfo [name: default]
2026-06-11T20:27:52.560+08:00  INFO 903969 --- [TaskBountyPlatform] [main] org.hibernate.Version                    : HHH000412: Hibernate ORM core version 6.6.49.Final
2026-06-11T20:27:52.589+08:00  INFO 903969 --- [TaskBountyPlatform] [main] o.h.c.internal.RegionFactoryInitiator    : HHH000026: Second-level cache disabled
2026-06-11T20:27:52.752+08:00  INFO 903969 --- [TaskBountyPlatform] [main] o.s.o.j.p.SpringPersistenceUnitInfo      : No LoadTimeWeaver setup: ignoring JPA class transformer
2026-06-11T20:27:52.769+08:00  INFO 903969 --- [TaskBountyPlatform] [main] com.zaxxer.hikari.HikariDataSource       : HikariPool-1 - Starting...
2026-06-11T20:27:52.999+08:00  INFO 903969 --- [TaskBountyPlatform] [main] com.zaxxer.hikari.pool.HikariPool        : HikariPool-1 - Added connection com.mysql.cj.jdbc.ConnectionImpl@33089426
2026-06-11T20:27:53.001+08:00  INFO 903969 --- [TaskBountyPlatform] [main] com.zaxxer.hikari.HikariDataSource       : HikariPool-1 - Start completed.
2026-06-11T20:27:53.051+08:00  WARN 903969 --- [TaskBountyPlatform] [main] org.hibernate.orm.deprecation            : HHH90000025: MySQLDialect does not need to be specified explicitly using 'hibernate.dialect' (remove the property setting and it will be selected by default)
2026-06-11T20:27:53.072+08:00  INFO 903969 --- [TaskBountyPlatform] [main] org.hibernate.orm.connections.pooling    : HHH10001005: Database info:
	Database JDBC URL [Connecting through datasource 'HikariDataSource (HikariPool-1)']
	Database driver: undefined/unknown
	Database version: 8.0.42
	Autocommit mode: undefined/unknown
	Isolation level: undefined/unknown
	Minimum pool size: undefined/unknown
	Maximum pool size: undefined/unknown
2026-06-11T20:27:53.904+08:00  INFO 903969 --- [TaskBountyPlatform] [main] o.h.e.t.j.p.i.JtaPlatformInitiator       : HHH000489: No JTA platform available (set 'hibernate.transaction.jta.platform' to enable JTA platform integration)
2026-06-11T20:27:54.071+08:00  WARN 903969 --- [TaskBountyPlatform] [main] o.h.t.s.i.ExceptionHandlerLoggedImpl     : GenerationTarget encountered exception accepting command : Error executing DDL "
    alter table system_configs 
       modify column config_value varchar(500) not null" via JDBC [Data truncation: Data too long for column 'config_value' at row 1]

org.hibernate.tool.schema.spi.CommandAcceptanceException: Error executing DDL "
    alter table system_configs 
       modify column config_value varchar(500) not null" via JDBC [Data truncation: Data too long for column 'config_value' at row 1]
	at org.hibernate.tool.schema.internal.exec.GenerationTargetToDatabase.accept(GenerationTargetToDatabase.java:94) ~[hibernate-core-6.6.49.Final.jar:6.6.49.Final]
	at org.hibernate.tool.schema.internal.AbstractSchemaMigrator.applySqlString(AbstractSchemaMigrator.java:576) ~[hibernate-core-6.6.49.Final.jar:6.6.49.Final]
	at org.hibernate.tool.schema.internal.AbstractSchemaMigrator.applySqlStrings(AbstractSchemaMigrator.java:516) ~[hibernate-core-6.6.49.Final.jar:6.6.49.Final]
	at org.hibernate.tool.schema.internal.AbstractSchemaMigrator.migrateTable(AbstractSchemaMigrator.java:334) ~[hibernate-core-6.6.49.Final.jar:6.6.49.Final]
	at org.hibernate.tool.schema.internal.GroupedSchemaMigratorImpl.performTablesMigration(GroupedSchemaMigratorImpl.java:84) ~[hibernate-core-6.6.49.Final.jar:6.6.49.Final]
	at org.hibernate.tool.schema.internal.AbstractSchemaMigrator.performMigration(AbstractSchemaMigrator.java:233) ~[hibernate-core-6.6.49.Final.jar:6.6.49.Final]
	at org.hibernate.tool.schema.internal.AbstractSchemaMigrator.doMigration(AbstractSchemaMigrator.java:112) ~[hibernate-core-6.6.49.Final.jar:6.6.49.Final]
	at org.hibernate.tool.schema.spi.SchemaManagementToolCoordinator.performDatabaseAction(SchemaManagementToolCoordinator.java:280) ~[hibernate-core-6.6.49.Final.jar:6.6.49.Final]
	at org.hibernate.tool.schema.spi.SchemaManagementToolCoordinator.lambda$process$5(SchemaManagementToolCoordinator.java:144) ~[hibernate-core-6.6.49.Final.jar:6.6.49.Final]
	at java.base/java.util.HashMap.forEach(HashMap.java:1421) ~[na:na]
	at org.hibernate.tool.schema.spi.SchemaManagementToolCoordinator.process(SchemaManagementToolCoordinator.java:141) ~[hibernate-core-6.6.49.Final.jar:6.6.49.Final]
	at org.hibernate.boot.internal.SessionFactoryObserverForSchemaExport.sessionFactoryCreated(SessionFactoryObserverForSchemaExport.java:37) ~[hibernate-core-6.6.49.Final.jar:6.6.49.Final]
	at org.hibernate.internal.SessionFactoryObserverChain.sessionFactoryCreated(SessionFactoryObserverChain.java:35) ~[hibernate-core-6.6.49.Final.jar:6.6.49.Final]
	at org.hibernate.internal.SessionFactoryImpl.<init>(SessionFactoryImpl.java:324) ~[hibernate-core-6.6.49.Final.jar:6.6.49.Final]
	at org.hibernate.boot.internal.SessionFactoryBuilderImpl.build(SessionFactoryBuilderImpl.java:463) ~[hibernate-core-6.6.49.Final.jar:6.6.49.Final]
	at org.hibernate.jpa.boot.internal.EntityManagerFactoryBuilderImpl.build(EntityManagerFactoryBuilderImpl.java:1517) ~[hibernate-core-6.6.49.Final.jar:6.6.49.Final]
	at org.springframework.orm.jpa.vendor.SpringHibernateJpaPersistenceProvider.createContainerEntityManagerFactory(SpringHibernateJpaPersistenceProvider.java:66) ~[spring-orm-6.2.18.jar:6.2.18]
	at org.springframework.orm.jpa.LocalContainerEntityManagerFactoryBean.createNativeEntityManagerFactory(LocalContainerEntityManagerFactoryBean.java:388) ~[spring-orm-6.2.18.jar:6.2.18]
	at org.springframework.orm.jpa.AbstractEntityManagerFactoryBean.buildNativeEntityManagerFactory(AbstractEntityManagerFactoryBean.java:419) ~[spring-orm-6.2.18.jar:6.2.18]
	at org.springframework.orm.jpa.AbstractEntityManagerFactoryBean.afterPropertiesSet(AbstractEntityManagerFactoryBean.java:400) ~[spring-orm-6.2.18.jar:6.2.18]
	at org.springframework.orm.jpa.LocalContainerEntityManagerFactoryBean.afterPropertiesSet(LocalContainerEntityManagerFactoryBean.java:364) ~[spring-orm-6.2.18.jar:6.2.18]
	at org.springframework.beans.factory.support.AbstractAutowireCapableBeanFactory.invokeInitMethods(AbstractAutowireCapableBeanFactory.java:1873) ~[spring-beans-6.2.18.jar:6.2.18]
	at org.springframework.beans.factory.support.AbstractAutowireCapableBeanFactory.initializeBean(AbstractAutowireCapableBeanFactory.java:1822) ~[spring-beans-6.2.18.jar:6.2.18]
	at org.springframework.beans.factory.support.AbstractAutowireCapableBeanFactory.doCreateBean(AbstractAutowireCapableBeanFactory.java:607) ~[spring-beans-6.2.18.jar:6.2.18]
	at org.springframework.beans.factory.support.AbstractAutowireCapableBeanFactory.createBean(AbstractAutowireCapableBeanFactory.java:529) ~[spring-beans-6.2.18.jar:6.2.18]
	at org.springframework.beans.factory.support.AbstractBeanFactory.lambda$doGetBean$0(AbstractBeanFactory.java:339) ~[spring-beans-6.2.18.jar:6.2.18]
	at org.springframework.beans.factory.support.DefaultSingletonBeanRegistry.getSingleton(DefaultSingletonBeanRegistry.java:373) ~[spring-beans-6.2.18.jar:6.2.18]
	at org.springframework.beans.factory.support.AbstractBeanFactory.doGetBean(AbstractBeanFactory.java:337) ~[spring-beans-6.2.18.jar:6.2.18]
	at org.springframework.beans.factory.support.AbstractBeanFactory.getBean(AbstractBeanFactory.java:202) ~[spring-beans-6.2.18.jar:6.2.18]
	at org.springframework.beans.factory.support.BeanDefinitionValueResolver.resolveReference(BeanDefinitionValueResolver.java:365) ~[spring-beans-6.2.18.jar:6.2.18]
	at org.springframework.beans.factory.support.BeanDefinitionValueResolver.resolveValueIfNecessary(BeanDefinitionValueResolver.java:135) ~[spring-beans-6.2.18.jar:6.2.18]
	at org.springframework.beans.factory.support.ConstructorResolver.resolveConstructorArguments(ConstructorResolver.java:691) ~[spring-beans-6.2.18.jar:6.2.18]
	at org.springframework.beans.factory.support.ConstructorResolver.instantiateUsingFactoryMethod(ConstructorResolver.java:513) ~[spring-beans-6.2.18.jar:6.2.18]
	at org.springframework.beans.factory.support.AbstractAutowireCapableBeanFactory.instantiateUsingFactoryMethod(AbstractAutowireCapableBeanFactory.java:1375) ~[spring-beans-6.2.18.jar:6.2.18]
	at org.springframework.beans.factory.support.AbstractAutowireCapableBeanFactory.createBeanInstance(AbstractAutowireCapableBeanFactory.java:1205) ~[spring-beans-6.2.18.jar:6.2.18]
	at org.springframework.beans.factory.support.AbstractAutowireCapableBeanFactory.doCreateBean(AbstractAutowireCapableBeanFactory.java:569) ~[spring-beans-6.2.18.jar:6.2.18]
	at org.springframework.beans.factory.support.AbstractAutowireCapableBeanFactory.createBean(AbstractAutowireCapableBeanFactory.java:529) ~[spring-beans-6.2.18.jar:6.2.18]
	at org.springframework.beans.factory.support.AbstractBeanFactory.lambda$doGetBean$0(AbstractBeanFactory.java:339) ~[spring-beans-6.2.18.jar:6.2.18]
	at org.springframework.beans.factory.support.DefaultSingletonBeanRegistry.getSingleton(DefaultSingletonBeanRegistry.java:373) ~[spring-beans-6.2.18.jar:6.2.18]
	at org.springframework.beans.factory.support.AbstractBeanFactory.doGetBean(AbstractBeanFactory.java:337) ~[spring-beans-6.2.18.jar:6.2.18]
	at org.springframework.beans.factory.support.AbstractBeanFactory.getBean(AbstractBeanFactory.java:202) ~[spring-beans-6.2.18.jar:6.2.18]
	at org.springframework.beans.factory.support.BeanDefinitionValueResolver.resolveReference(BeanDefinitionValueResolver.java:365) ~[spring-beans-6.2.18.jar:6.2.18]
	at org.springframework.beans.factory.support.BeanDefinitionValueResolver.resolveValueIfNecessary(BeanDefinitionValueResolver.java:135) ~[spring-beans-6.2.18.jar:6.2.18]
	at org.springframework.beans.factory.support.AbstractAutowireCapableBeanFactory.applyPropertyValues(AbstractAutowireCapableBeanFactory.java:1725) ~[spring-beans-6.2.18.jar:6.2.18]
	at org.springframework.beans.factory.support.AbstractAutowireCapableBeanFactory.populateBean(AbstractAutowireCapableBeanFactory.java:1474) ~[spring-beans-6.2.18.jar:6.2.18]
	at org.springframework.beans.factory.support.AbstractAutowireCapableBeanFactory.doCreateBean(AbstractAutowireCapableBeanFactory.java:606) ~[spring-beans-6.2.18.jar:6.2.18]
	at org.springframework.beans.factory.support.AbstractAutowireCapableBeanFactory.createBean(AbstractAutowireCapableBeanFactory.java:529) ~[spring-beans-6.2.18.jar:6.2.18]
	at org.springframework.beans.factory.support.AbstractBeanFactory.lambda$doGetBean$0(AbstractBeanFactory.java:339) ~[spring-beans-6.2.18.jar:6.2.18]
	at org.springframework.beans.factory.support.DefaultSingletonBeanRegistry.getSingleton(DefaultSingletonBeanRegistry.java:373) ~[spring-beans-6.2.18.jar:6.2.18]
	at org.springframework.beans.factory.support.AbstractBeanFactory.doGetBean(AbstractBeanFactory.java:337) ~[spring-beans-6.2.18.jar:6.2.18]
	at org.springframework.beans.factory.support.AbstractBeanFactory.getBean(AbstractBeanFactory.java:202) ~[spring-beans-6.2.18.jar:6.2.18]
	at org.springframework.beans.factory.support.DefaultListableBeanFactory.doResolveDependency(DefaultListableBeanFactory.java:1708) ~[spring-beans-6.2.18.jar:6.2.18]
	at org.springframework.beans.factory.support.DefaultListableBeanFactory.resolveDependency(DefaultListableBeanFactory.java:1653) ~[spring-beans-6.2.18.jar:6.2.18]
	at org.springframework.beans.factory.support.ConstructorResolver.resolveAutowiredArgument(ConstructorResolver.java:913) ~[spring-beans-6.2.18.jar:6.2.18]
	at org.springframework.beans.factory.support.ConstructorResolver.createArgumentArray(ConstructorResolver.java:791) ~[spring-beans-6.2.18.jar:6.2.18]
	at org.springframework.beans.factory.support.ConstructorResolver.autowireConstructor(ConstructorResolver.java:240) ~[spring-beans-6.2.18.jar:6.2.18]
	at org.springframework.beans.factory.support.AbstractAutowireCapableBeanFactory.autowireConstructor(AbstractAutowireCapableBeanFactory.java:1395) ~[spring-beans-6.2.18.jar:6.2.18]
	at org.springframework.beans.factory.support.AbstractAutowireCapableBeanFactory.createBeanInstance(AbstractAutowireCapableBeanFactory.java:1232) ~[spring-beans-6.2.18.jar:6.2.18]
	at org.springframework.beans.factory.support.AbstractAutowireCapableBeanFactory.doCreateBean(AbstractAutowireCapableBeanFactory.java:569) ~[spring-beans-6.2.18.jar:6.2.18]
	at org.springframework.beans.factory.support.AbstractAutowireCapableBeanFactory.createBean(AbstractAutowireCapableBeanFactory.java:529) ~[spring-beans-6.2.18.jar:6.2.18]
	at org.springframework.beans.factory.support.AbstractBeanFactory.lambda$doGetBean$0(AbstractBeanFactory.java:339) ~[spring-beans-6.2.18.jar:6.2.18]
	at org.springframework.beans.factory.support.DefaultSingletonBeanRegistry.getSingleton(DefaultSingletonBeanRegistry.java:373) ~[spring-beans-6.2.18.jar:6.2.18]
	at org.springframework.beans.factory.support.AbstractBeanFactory.doGetBean(AbstractBeanFactory.java:337) ~[spring-beans-6.2.18.jar:6.2.18]
	at org.springframework.beans.factory.support.AbstractBeanFactory.getBean(AbstractBeanFactory.java:207) ~[spring-beans-6.2.18.jar:6.2.18]
	at org.springframework.boot.web.servlet.ServletContextInitializerBeans.getOrderedBeansOfType(ServletContextInitializerBeans.java:230) ~[spring-boot-3.5.14.jar:3.5.14]
	at org.springframework.boot.web.servlet.ServletContextInitializerBeans.addAsRegistrationBean(ServletContextInitializerBeans.java:184) ~[spring-boot-3.5.14.jar:3.5.14]
	at org.springframework.boot.web.servlet.ServletContextInitializerBeans.addAsRegistrationBean(ServletContextInitializerBeans.java:179) ~[spring-boot-3.5.14.jar:3.5.14]
	at org.springframework.boot.web.servlet.ServletContextInitializerBeans.addAdaptableBeans(ServletContextInitializerBeans.java:164) ~[spring-boot-3.5.14.jar:3.5.14]
	at org.springframework.boot.web.servlet.ServletContextInitializerBeans.<init>(ServletContextInitializerBeans.java:96) ~[spring-boot-3.5.14.jar:3.5.14]
	at org.springframework.boot.web.servlet.context.ServletWebServerApplicationContext.getServletContextInitializerBeans(ServletWebServerApplicationContext.java:271) ~[spring-boot-3.5.14.jar:3.5.14]
	at org.springframework.boot.web.servlet.context.ServletWebServerApplicationContext.selfInitialize(ServletWebServerApplicationContext.java:245) ~[spring-boot-3.5.14.jar:3.5.14]
	at org.springframework.boot.web.embedded.tomcat.TomcatStarter.onStartup(TomcatStarter.java:52) ~[spring-boot-3.5.14.jar:3.5.14]
	at org.apache.catalina.core.StandardContext.startInternal(StandardContext.java:4452) ~[tomcat-embed-core-10.1.54.jar:10.1.54]
	at org.apache.catalina.util.LifecycleBase.start(LifecycleBase.java:164) ~[tomcat-embed-core-10.1.54.jar:10.1.54]
	at org.apache.catalina.core.ContainerBase$StartChild.call(ContainerBase.java:1201) ~[tomcat-embed-core-10.1.54.jar:10.1.54]
	at org.apache.catalina.core.ContainerBase$StartChild.call(ContainerBase.java:1191) ~[tomcat-embed-core-10.1.54.jar:10.1.54]
	at java.base/java.util.concurrent.FutureTask.run(FutureTask.java:264) ~[na:na]
	at org.apache.tomcat.util.threads.InlineExecutorService.execute(InlineExecutorService.java:81) ~[tomcat-embed-core-10.1.54.jar:10.1.54]
	at java.base/java.util.concurrent.AbstractExecutorService.submit(AbstractExecutorService.java:145) ~[na:na]
	at org.apache.catalina.core.ContainerBase.startInternal(ContainerBase.java:747) ~[tomcat-embed-core-10.1.54.jar:10.1.54]
	at org.apache.catalina.core.StandardHost.startInternal(StandardHost.java:783) ~[tomcat-embed-core-10.1.54.jar:10.1.54]
	at org.apache.catalina.util.LifecycleBase.start(LifecycleBase.java:164) ~[tomcat-embed-core-10.1.54.jar:10.1.54]
	at org.apache.catalina.core.ContainerBase$StartChild.call(ContainerBase.java:1201) ~[tomcat-embed-core-10.1.54.jar:10.1.54]
	at org.apache.catalina.core.ContainerBase$StartChild.call(ContainerBase.java:1191) ~[tomcat-embed-core-10.1.54.jar:10.1.54]
	at java.base/java.util.concurrent.FutureTask.run(FutureTask.java:264) ~[na:na]
	at org.apache.tomcat.util.threads.InlineExecutorService.execute(InlineExecutorService.java:81) ~[tomcat-embed-core-10.1.54.jar:10.1.54]
	at java.base/java.util.concurrent.AbstractExecutorService.submit(AbstractExecutorService.java:145) ~[na:na]
	at org.apache.catalina.core.ContainerBase.startInternal(ContainerBase.java:747) ~[tomcat-embed-core-10.1.54.jar:10.1.54]
	at org.apache.catalina.core.StandardEngine.startInternal(StandardEngine.java:201) ~[tomcat-embed-core-10.1.54.jar:10.1.54]
	at org.apache.catalina.util.LifecycleBase.start(LifecycleBase.java:164) ~[tomcat-embed-core-10.1.54.jar:10.1.54]
	at org.apache.catalina.core.StandardService.startInternal(StandardService.java:410) ~[tomcat-embed-core-10.1.54.jar:10.1.54]
	at org.apache.catalina.util.LifecycleBase.start(LifecycleBase.java:164) ~[tomcat-embed-core-10.1.54.jar:10.1.54]
	at org.apache.catalina.core.StandardServer.startInternal(StandardServer.java:868) ~[tomcat-embed-core-10.1.54.jar:10.1.54]
	at org.apache.catalina.util.LifecycleBase.start(LifecycleBase.java:164) ~[tomcat-embed-core-10.1.54.jar:10.1.54]
	at org.apache.catalina.startup.Tomcat.start(Tomcat.java:436) ~[tomcat-embed-core-10.1.54.jar:10.1.54]
	at org.springframework.boot.web.embedded.tomcat.TomcatWebServer.initialize(TomcatWebServer.java:128) ~[spring-boot-3.5.14.jar:3.5.14]
	at org.springframework.boot.web.embedded.tomcat.TomcatWebServer.<init>(TomcatWebServer.java:107) ~[spring-boot-3.5.14.jar:3.5.14]
	at org.springframework.boot.web.embedded.tomcat.TomcatServletWebServerFactory.getTomcatWebServer(TomcatServletWebServerFactory.java:517) ~[spring-boot-3.5.14.jar:3.5.14]
	at org.springframework.boot.web.embedded.tomcat.TomcatServletWebServerFactory.getWebServer(TomcatServletWebServerFactory.java:219) ~[spring-boot-3.5.14.jar:3.5.14]
	at org.springframework.boot.web.servlet.context.ServletWebServerApplicationContext.createWebServer(ServletWebServerApplicationContext.java:193) ~[spring-boot-3.5.14.jar:3.5.14]
	at org.springframework.boot.web.servlet.context.ServletWebServerApplicationContext.onRefresh(ServletWebServerApplicationContext.java:167) ~[spring-boot-3.5.14.jar:3.5.14]
	at org.springframework.context.support.AbstractApplicationContext.refresh(AbstractApplicationContext.java:622) ~[spring-context-6.2.18.jar:6.2.18]
	at org.springframework.boot.web.servlet.context.ServletWebServerApplicationContext.refresh(ServletWebServerApplicationContext.java:146) ~[spring-boot-3.5.14.jar:3.5.14]
	at org.springframework.boot.SpringApplication.refresh(SpringApplication.java:752) ~[spring-boot-3.5.14.jar:3.5.14]
	at org.springframework.boot.SpringApplication.refreshContext(SpringApplication.java:439) ~[spring-boot-3.5.14.jar:3.5.14]
	at org.springframework.boot.SpringApplication.run(SpringApplication.java:318) ~[spring-boot-3.5.14.jar:3.5.14]
	at org.springframework.boot.SpringApplication.run(SpringApplication.java:1361) ~[spring-boot-3.5.14.jar:3.5.14]
	at org.springframework.boot.SpringApplication.run(SpringApplication.java:1350) ~[spring-boot-3.5.14.jar:3.5.14]
	at com.firstteam.taskbountyplatform.TaskBountyPlatformApplication.main(TaskBountyPlatformApplication.java:14) ~[classes/:na]
Caused by: com.mysql.cj.jdbc.exceptions.MysqlDataTruncation: Data truncation: Data too long for column 'config_value' at row 1
	at com.mysql.cj.jdbc.exceptions.SQLExceptionsMapping.translateException(SQLExceptionsMapping.java:96) ~[mysql-connector-j-9.7.0.jar:9.7.0]
	at com.mysql.cj.jdbc.StatementImpl.executeInternal(StatementImpl.java:839) ~[mysql-connector-j-9.7.0.jar:9.7.0]
	at com.mysql.cj.jdbc.StatementImpl.execute(StatementImpl.java:687) ~[mysql-connector-j-9.7.0.jar:9.7.0]
	at com.zaxxer.hikari.pool.ProxyStatement.execute(ProxyStatement.java:95) ~[HikariCP-6.3.3.jar:na]
	at com.zaxxer.hikari.pool.HikariProxyStatement.execute(HikariProxyStatement.java) ~[HikariCP-6.3.3.jar:na]
	at org.hibernate.tool.schema.internal.exec.GenerationTargetToDatabase.accept(GenerationTargetToDatabase.java:80) ~[hibernate-core-6.6.49.Final.jar:6.6.49.Final]
	... 108 common frames omitted

2026-06-11T20:27:54.111+08:00  INFO 903969 --- [TaskBountyPlatform] [main] j.LocalContainerEntityManagerFactoryBean : Initialized JPA EntityManagerFactory for persistence unit 'default'
2026-06-11T20:27:54.351+08:00  INFO 903969 --- [TaskBountyPlatform] [main] o.s.d.j.r.query.QueryEnhancerFactory     : Hibernate is in classpath; If applicable, HQL parser will be used.
2026-06-11T20:27:54.743+08:00 DEBUG 903969 --- [TaskBountyPlatform] [main] c.f.t.a.s.JwtAuthenticationFilter        : Filter 'jwtAuthenticationFilter' configured for use
2026-06-11T20:27:55.500+08:00  WARN 903969 --- [TaskBountyPlatform] [main] JpaBaseConfiguration$JpaWebConfiguration : spring.jpa.open-in-view is enabled by default. Therefore, database queries may be performed during view rendering. Explicitly configure spring.jpa.open-in-view to disable this warning
2026-06-11T20:27:55.528+08:00  INFO 903969 --- [TaskBountyPlatform] [main] o.s.b.a.w.s.WelcomePageHandlerMapping    : Adding welcome page: class path resource [static/index.html]
2026-06-11T20:27:55.782+08:00  INFO 903969 --- [TaskBountyPlatform] [main] o.s.b.a.e.web.EndpointLinksResolver      : Exposing 4 endpoints beneath base path '/actuator'
2026-06-11T20:27:55.821+08:00  WARN 903969 --- [TaskBountyPlatform] [main] .s.s.UserDetailsServiceAutoConfiguration : 

Using generated security password: a95334e4-eb22-4e12-8070-adc172e4dfee

This generated password is for development use only. Your security configuration must be updated before running your application in production.

2026-06-11T20:27:55.826+08:00  INFO 903969 --- [TaskBountyPlatform] [main] r$InitializeUserDetailsManagerConfigurer : Global AuthenticationManager configured with UserDetailsService bean with name inMemoryUserDetailsManager
2026-06-11T20:27:56.251+08:00  WARN 903969 --- [TaskBountyPlatform] [main] ConfigServletWebServerApplicationContext : Exception encountered during context initialization - cancelling refresh attempt: org.springframework.context.ApplicationContextException: Failed to start bean 'webServerStartStop'
2026-06-11T20:27:56.258+08:00  INFO 903969 --- [TaskBountyPlatform] [main] j.LocalContainerEntityManagerFactoryBean : Closing JPA EntityManagerFactory for persistence unit 'default'
2026-06-11T20:27:56.259+08:00  INFO 903969 --- [TaskBountyPlatform] [main] com.zaxxer.hikari.HikariDataSource       : HikariPool-1 - Shutdown initiated...
2026-06-11T20:27:56.267+08:00  INFO 903969 --- [TaskBountyPlatform] [main] com.zaxxer.hikari.HikariDataSource       : HikariPool-1 - Shutdown completed.
2026-06-11T20:27:56.287+08:00  INFO 903969 --- [TaskBountyPlatform] [main] .s.b.a.l.ConditionEvaluationReportLogger : 

Error starting ApplicationContext. To display the condition evaluation report re-run your application with 'debug' enabled.
2026-06-11T20:27:56.297+08:00 ERROR 903969 --- [TaskBountyPlatform] [main] o.s.b.d.LoggingFailureAnalysisReporter   : 

***************************
APPLICATION FAILED TO START
***************************

Description:

Web server failed to start. Port 8080 was already in use.

Action:

Identify and stop the process that's listening on port 8080 or configure this application to listen on another port.

2026-06-11T20:28:27.421+08:00  INFO 367719 --- [TaskBountyPlatform] [SpringApplicationShutdownHook] o.s.b.w.e.tomcat.GracefulShutdown        : Commencing graceful shutdown. Waiting for active requests to complete
2026-06-11T20:28:27.423+08:00  INFO 367719 --- [TaskBountyPlatform] [tomcat-shutdown] o.s.b.w.e.tomcat.GracefulShutdown        : Graceful shutdown complete
2026-06-11T20:28:27.438+08:00  INFO 367719 --- [TaskBountyPlatform] [SpringApplicationShutdownHook] j.LocalContainerEntityManagerFactoryBean : Closing JPA EntityManagerFactory for persistence unit 'default'
2026-06-11T20:28:27.440+08:00  INFO 367719 --- [TaskBountyPlatform] [SpringApplicationShutdownHook] com.zaxxer.hikari.HikariDataSource       : HikariPool-1 - Shutdown initiated...
2026-06-11T20:28:27.444+08:00  INFO 367719 --- [TaskBountyPlatform] [SpringApplicationShutdownHook] com.zaxxer.hikari.HikariDataSource       : HikariPool-1 - Shutdown completed.
2026-06-11T20:29:46.896+08:00  INFO 1026129 --- [TaskBountyPlatform] [main] c.f.t.TaskBountyPlatformApplication      : Starting TaskBountyPlatformApplication using Java 21.0.10 with PID 1026129 (/home/gr/cxy/code/Micro-task-Bounty-Platform/backend/target/classes started by gr in /home/gr/cxy/code/Micro-task-Bounty-Platform/backend)
2026-06-11T20:29:46.898+08:00 DEBUG 1026129 --- [TaskBountyPlatform] [main] c.f.t.TaskBountyPlatformApplication      : Running with Spring Boot v3.5.14, Spring v6.2.18
2026-06-11T20:29:46.898+08:00  INFO 1026129 --- [TaskBountyPlatform] [main] c.f.t.TaskBountyPlatformApplication      : No active profile set, falling back to 1 default profile: "default"
2026-06-11T20:29:47.777+08:00  INFO 1026129 --- [TaskBountyPlatform] [main] .s.d.r.c.RepositoryConfigurationDelegate : Bootstrapping Spring Data JPA repositories in DEFAULT mode.
2026-06-11T20:29:47.846+08:00  INFO 1026129 --- [TaskBountyPlatform] [main] .s.d.r.c.RepositoryConfigurationDelegate : Finished Spring Data repository scanning in 63 ms. Found 18 JPA repository interfaces.
2026-06-11T20:29:48.301+08:00  INFO 1026129 --- [TaskBountyPlatform] [main] o.s.b.w.embedded.tomcat.TomcatWebServer  : Tomcat initialized with port 8080 (http)
2026-06-11T20:29:48.311+08:00  INFO 1026129 --- [TaskBountyPlatform] [main] o.apache.catalina.core.StandardService   : Starting service [Tomcat]
2026-06-11T20:29:48.311+08:00  INFO 1026129 --- [TaskBountyPlatform] [main] o.apache.catalina.core.StandardEngine    : Starting Servlet engine: [Apache Tomcat/10.1.54]
2026-06-11T20:29:48.343+08:00  INFO 1026129 --- [TaskBountyPlatform] [main] o.a.c.c.C.[Tomcat].[localhost].[/]       : Initializing Spring embedded WebApplicationContext
2026-06-11T20:29:48.344+08:00  INFO 1026129 --- [TaskBountyPlatform] [main] w.s.c.ServletWebServerApplicationContext : Root WebApplicationContext: initialization completed in 1415 ms
2026-06-11T20:29:48.542+08:00  INFO 1026129 --- [TaskBountyPlatform] [main] o.hibernate.jpa.internal.util.LogHelper  : HHH000204: Processing PersistenceUnitInfo [name: default]
2026-06-11T20:29:48.569+08:00  INFO 1026129 --- [TaskBountyPlatform] [main] org.hibernate.Version                    : HHH000412: Hibernate ORM core version 6.6.49.Final
2026-06-11T20:29:48.588+08:00  INFO 1026129 --- [TaskBountyPlatform] [main] o.h.c.internal.RegionFactoryInitiator    : HHH000026: Second-level cache disabled
2026-06-11T20:29:48.792+08:00  INFO 1026129 --- [TaskBountyPlatform] [main] o.s.o.j.p.SpringPersistenceUnitInfo      : No LoadTimeWeaver setup: ignoring JPA class transformer
2026-06-11T20:29:48.810+08:00  INFO 1026129 --- [TaskBountyPlatform] [main] com.zaxxer.hikari.HikariDataSource       : HikariPool-1 - Starting...
2026-06-11T20:29:49.085+08:00  INFO 1026129 --- [TaskBountyPlatform] [main] com.zaxxer.hikari.pool.HikariPool        : HikariPool-1 - Added connection com.mysql.cj.jdbc.ConnectionImpl@6bf77ee
2026-06-11T20:29:49.087+08:00  INFO 1026129 --- [TaskBountyPlatform] [main] com.zaxxer.hikari.HikariDataSource       : HikariPool-1 - Start completed.
2026-06-11T20:29:49.129+08:00  WARN 1026129 --- [TaskBountyPlatform] [main] org.hibernate.orm.deprecation            : HHH90000025: MySQLDialect does not need to be specified explicitly using 'hibernate.dialect' (remove the property setting and it will be selected by default)
2026-06-11T20:29:49.141+08:00  INFO 1026129 --- [TaskBountyPlatform] [main] org.hibernate.orm.connections.pooling    : HHH10001005: Database info:
	Database JDBC URL [Connecting through datasource 'HikariDataSource (HikariPool-1)']
	Database driver: undefined/unknown
	Database version: 8.0.42
	Autocommit mode: undefined/unknown
	Isolation level: undefined/unknown
	Minimum pool size: undefined/unknown
	Maximum pool size: undefined/unknown
2026-06-11T20:29:50.015+08:00  INFO 1026129 --- [TaskBountyPlatform] [main] o.h.e.t.j.p.i.JtaPlatformInitiator       : HHH000489: No JTA platform available (set 'hibernate.transaction.jta.platform' to enable JTA platform integration)
2026-06-11T20:29:50.229+08:00  WARN 1026129 --- [TaskBountyPlatform] [main] o.h.t.s.i.ExceptionHandlerLoggedImpl     : GenerationTarget encountered exception accepting command : Error executing DDL "
    alter table system_configs 
       modify column config_value varchar(500) not null" via JDBC [Data truncation: Data too long for column 'config_value' at row 1]

org.hibernate.tool.schema.spi.CommandAcceptanceException: Error executing DDL "
    alter table system_configs 
       modify column config_value varchar(500) not null" via JDBC [Data truncation: Data too long for column 'config_value' at row 1]
	at org.hibernate.tool.schema.internal.exec.GenerationTargetToDatabase.accept(GenerationTargetToDatabase.java:94) ~[hibernate-core-6.6.49.Final.jar:6.6.49.Final]
	at org.hibernate.tool.schema.internal.AbstractSchemaMigrator.applySqlString(AbstractSchemaMigrator.java:576) ~[hibernate-core-6.6.49.Final.jar:6.6.49.Final]
	at org.hibernate.tool.schema.internal.AbstractSchemaMigrator.applySqlStrings(AbstractSchemaMigrator.java:516) ~[hibernate-core-6.6.49.Final.jar:6.6.49.Final]
	at org.hibernate.tool.schema.internal.AbstractSchemaMigrator.migrateTable(AbstractSchemaMigrator.java:334) ~[hibernate-core-6.6.49.Final.jar:6.6.49.Final]
	at org.hibernate.tool.schema.internal.GroupedSchemaMigratorImpl.performTablesMigration(GroupedSchemaMigratorImpl.java:84) ~[hibernate-core-6.6.49.Final.jar:6.6.49.Final]
	at org.hibernate.tool.schema.internal.AbstractSchemaMigrator.performMigration(AbstractSchemaMigrator.java:233) ~[hibernate-core-6.6.49.Final.jar:6.6.49.Final]
	at org.hibernate.tool.schema.internal.AbstractSchemaMigrator.doMigration(AbstractSchemaMigrator.java:112) ~[hibernate-core-6.6.49.Final.jar:6.6.49.Final]
	at org.hibernate.tool.schema.spi.SchemaManagementToolCoordinator.performDatabaseAction(SchemaManagementToolCoordinator.java:280) ~[hibernate-core-6.6.49.Final.jar:6.6.49.Final]
	at org.hibernate.tool.schema.spi.SchemaManagementToolCoordinator.lambda$process$5(SchemaManagementToolCoordinator.java:144) ~[hibernate-core-6.6.49.Final.jar:6.6.49.Final]
	at java.base/java.util.HashMap.forEach(Unknown Source) ~[na:na]
	at org.hibernate.tool.schema.spi.SchemaManagementToolCoordinator.process(SchemaManagementToolCoordinator.java:141) ~[hibernate-core-6.6.49.Final.jar:6.6.49.Final]
	at org.hibernate.boot.internal.SessionFactoryObserverForSchemaExport.sessionFactoryCreated(SessionFactoryObserverForSchemaExport.java:37) ~[hibernate-core-6.6.49.Final.jar:6.6.49.Final]
	at org.hibernate.internal.SessionFactoryObserverChain.sessionFactoryCreated(SessionFactoryObserverChain.java:35) ~[hibernate-core-6.6.49.Final.jar:6.6.49.Final]
	at org.hibernate.internal.SessionFactoryImpl.<init>(SessionFactoryImpl.java:324) ~[hibernate-core-6.6.49.Final.jar:6.6.49.Final]
	at org.hibernate.boot.internal.SessionFactoryBuilderImpl.build(SessionFactoryBuilderImpl.java:463) ~[hibernate-core-6.6.49.Final.jar:6.6.49.Final]
	at org.hibernate.jpa.boot.internal.EntityManagerFactoryBuilderImpl.build(EntityManagerFactoryBuilderImpl.java:1517) ~[hibernate-core-6.6.49.Final.jar:6.6.49.Final]
	at org.springframework.orm.jpa.vendor.SpringHibernateJpaPersistenceProvider.createContainerEntityManagerFactory(SpringHibernateJpaPersistenceProvider.java:66) ~[spring-orm-6.2.18.jar:6.2.18]
	at org.springframework.orm.jpa.LocalContainerEntityManagerFactoryBean.createNativeEntityManagerFactory(LocalContainerEntityManagerFactoryBean.java:388) ~[spring-orm-6.2.18.jar:6.2.18]
	at org.springframework.orm.jpa.AbstractEntityManagerFactoryBean.buildNativeEntityManagerFactory(AbstractEntityManagerFactoryBean.java:419) ~[spring-orm-6.2.18.jar:6.2.18]
	at org.springframework.orm.jpa.AbstractEntityManagerFactoryBean.afterPropertiesSet(AbstractEntityManagerFactoryBean.java:400) ~[spring-orm-6.2.18.jar:6.2.18]
	at org.springframework.orm.jpa.LocalContainerEntityManagerFactoryBean.afterPropertiesSet(LocalContainerEntityManagerFactoryBean.java:364) ~[spring-orm-6.2.18.jar:6.2.18]
	at org.springframework.beans.factory.support.AbstractAutowireCapableBeanFactory.invokeInitMethods(AbstractAutowireCapableBeanFactory.java:1873) ~[spring-beans-6.2.18.jar:6.2.18]
	at org.springframework.beans.factory.support.AbstractAutowireCapableBeanFactory.initializeBean(AbstractAutowireCapableBeanFactory.java:1822) ~[spring-beans-6.2.18.jar:6.2.18]
	at org.springframework.beans.factory.support.AbstractAutowireCapableBeanFactory.doCreateBean(AbstractAutowireCapableBeanFactory.java:607) ~[spring-beans-6.2.18.jar:6.2.18]
	at org.springframework.beans.factory.support.AbstractAutowireCapableBeanFactory.createBean(AbstractAutowireCapableBeanFactory.java:529) ~[spring-beans-6.2.18.jar:6.2.18]
	at org.springframework.beans.factory.support.AbstractBeanFactory.lambda$doGetBean$0(AbstractBeanFactory.java:339) ~[spring-beans-6.2.18.jar:6.2.18]
	at org.springframework.beans.factory.support.DefaultSingletonBeanRegistry.getSingleton(DefaultSingletonBeanRegistry.java:373) ~[spring-beans-6.2.18.jar:6.2.18]
	at org.springframework.beans.factory.support.AbstractBeanFactory.doGetBean(AbstractBeanFactory.java:337) ~[spring-beans-6.2.18.jar:6.2.18]
	at org.springframework.beans.factory.support.AbstractBeanFactory.getBean(AbstractBeanFactory.java:202) ~[spring-beans-6.2.18.jar:6.2.18]
	at org.springframework.beans.factory.support.BeanDefinitionValueResolver.resolveReference(BeanDefinitionValueResolver.java:365) ~[spring-beans-6.2.18.jar:6.2.18]
	at org.springframework.beans.factory.support.BeanDefinitionValueResolver.resolveValueIfNecessary(BeanDefinitionValueResolver.java:135) ~[spring-beans-6.2.18.jar:6.2.18]
	at org.springframework.beans.factory.support.ConstructorResolver.resolveConstructorArguments(ConstructorResolver.java:691) ~[spring-beans-6.2.18.jar:6.2.18]
	at org.springframework.beans.factory.support.ConstructorResolver.instantiateUsingFactoryMethod(ConstructorResolver.java:513) ~[spring-beans-6.2.18.jar:6.2.18]
	at org.springframework.beans.factory.support.AbstractAutowireCapableBeanFactory.instantiateUsingFactoryMethod(AbstractAutowireCapableBeanFactory.java:1375) ~[spring-beans-6.2.18.jar:6.2.18]
	at org.springframework.beans.factory.support.AbstractAutowireCapableBeanFactory.createBeanInstance(AbstractAutowireCapableBeanFactory.java:1205) ~[spring-beans-6.2.18.jar:6.2.18]
	at org.springframework.beans.factory.support.AbstractAutowireCapableBeanFactory.doCreateBean(AbstractAutowireCapableBeanFactory.java:569) ~[spring-beans-6.2.18.jar:6.2.18]
	at org.springframework.beans.factory.support.AbstractAutowireCapableBeanFactory.createBean(AbstractAutowireCapableBeanFactory.java:529) ~[spring-beans-6.2.18.jar:6.2.18]
	at org.springframework.beans.factory.support.AbstractBeanFactory.lambda$doGetBean$0(AbstractBeanFactory.java:339) ~[spring-beans-6.2.18.jar:6.2.18]
	at org.springframework.beans.factory.support.DefaultSingletonBeanRegistry.getSingleton(DefaultSingletonBeanRegistry.java:373) ~[spring-beans-6.2.18.jar:6.2.18]
	at org.springframework.beans.factory.support.AbstractBeanFactory.doGetBean(AbstractBeanFactory.java:337) ~[spring-beans-6.2.18.jar:6.2.18]
	at org.springframework.beans.factory.support.AbstractBeanFactory.getBean(AbstractBeanFactory.java:202) ~[spring-beans-6.2.18.jar:6.2.18]
	at org.springframework.beans.factory.support.BeanDefinitionValueResolver.resolveReference(BeanDefinitionValueResolver.java:365) ~[spring-beans-6.2.18.jar:6.2.18]
	at org.springframework.beans.factory.support.BeanDefinitionValueResolver.resolveValueIfNecessary(BeanDefinitionValueResolver.java:135) ~[spring-beans-6.2.18.jar:6.2.18]
	at org.springframework.beans.factory.support.AbstractAutowireCapableBeanFactory.applyPropertyValues(AbstractAutowireCapableBeanFactory.java:1725) ~[spring-beans-6.2.18.jar:6.2.18]
	at org.springframework.beans.factory.support.AbstractAutowireCapableBeanFactory.populateBean(AbstractAutowireCapableBeanFactory.java:1474) ~[spring-beans-6.2.18.jar:6.2.18]
	at org.springframework.beans.factory.support.AbstractAutowireCapableBeanFactory.doCreateBean(AbstractAutowireCapableBeanFactory.java:606) ~[spring-beans-6.2.18.jar:6.2.18]
	at org.springframework.beans.factory.support.AbstractAutowireCapableBeanFactory.createBean(AbstractAutowireCapableBeanFactory.java:529) ~[spring-beans-6.2.18.jar:6.2.18]
	at org.springframework.beans.factory.support.AbstractBeanFactory.lambda$doGetBean$0(AbstractBeanFactory.java:339) ~[spring-beans-6.2.18.jar:6.2.18]
	at org.springframework.beans.factory.support.DefaultSingletonBeanRegistry.getSingleton(DefaultSingletonBeanRegistry.java:373) ~[spring-beans-6.2.18.jar:6.2.18]
	at org.springframework.beans.factory.support.AbstractBeanFactory.doGetBean(AbstractBeanFactory.java:337) ~[spring-beans-6.2.18.jar:6.2.18]
	at org.springframework.beans.factory.support.AbstractBeanFactory.getBean(AbstractBeanFactory.java:202) ~[spring-beans-6.2.18.jar:6.2.18]
	at org.springframework.beans.factory.support.DefaultListableBeanFactory.doResolveDependency(DefaultListableBeanFactory.java:1708) ~[spring-beans-6.2.18.jar:6.2.18]
	at org.springframework.beans.factory.support.DefaultListableBeanFactory.resolveDependency(DefaultListableBeanFactory.java:1653) ~[spring-beans-6.2.18.jar:6.2.18]
	at org.springframework.beans.factory.support.ConstructorResolver.resolveAutowiredArgument(ConstructorResolver.java:913) ~[spring-beans-6.2.18.jar:6.2.18]
	at org.springframework.beans.factory.support.ConstructorResolver.createArgumentArray(ConstructorResolver.java:791) ~[spring-beans-6.2.18.jar:6.2.18]
	at org.springframework.beans.factory.support.ConstructorResolver.autowireConstructor(ConstructorResolver.java:240) ~[spring-beans-6.2.18.jar:6.2.18]
	at org.springframework.beans.factory.support.AbstractAutowireCapableBeanFactory.autowireConstructor(AbstractAutowireCapableBeanFactory.java:1395) ~[spring-beans-6.2.18.jar:6.2.18]
	at org.springframework.beans.factory.support.AbstractAutowireCapableBeanFactory.createBeanInstance(AbstractAutowireCapableBeanFactory.java:1232) ~[spring-beans-6.2.18.jar:6.2.18]
	at org.springframework.beans.factory.support.AbstractAutowireCapableBeanFactory.doCreateBean(AbstractAutowireCapableBeanFactory.java:569) ~[spring-beans-6.2.18.jar:6.2.18]
	at org.springframework.beans.factory.support.AbstractAutowireCapableBeanFactory.createBean(AbstractAutowireCapableBeanFactory.java:529) ~[spring-beans-6.2.18.jar:6.2.18]
	at org.springframework.beans.factory.support.AbstractBeanFactory.lambda$doGetBean$0(AbstractBeanFactory.java:339) ~[spring-beans-6.2.18.jar:6.2.18]
	at org.springframework.beans.factory.support.DefaultSingletonBeanRegistry.getSingleton(DefaultSingletonBeanRegistry.java:373) ~[spring-beans-6.2.18.jar:6.2.18]
	at org.springframework.beans.factory.support.AbstractBeanFactory.doGetBean(AbstractBeanFactory.java:337) ~[spring-beans-6.2.18.jar:6.2.18]
	at org.springframework.beans.factory.support.AbstractBeanFactory.getBean(AbstractBeanFactory.java:207) ~[spring-beans-6.2.18.jar:6.2.18]
	at org.springframework.boot.web.servlet.ServletContextInitializerBeans.getOrderedBeansOfType(ServletContextInitializerBeans.java:230) ~[spring-boot-3.5.14.jar:3.5.14]
	at org.springframework.boot.web.servlet.ServletContextInitializerBeans.addAsRegistrationBean(ServletContextInitializerBeans.java:184) ~[spring-boot-3.5.14.jar:3.5.14]
	at org.springframework.boot.web.servlet.ServletContextInitializerBeans.addAsRegistrationBean(ServletContextInitializerBeans.java:179) ~[spring-boot-3.5.14.jar:3.5.14]
	at org.springframework.boot.web.servlet.ServletContextInitializerBeans.addAdaptableBeans(ServletContextInitializerBeans.java:164) ~[spring-boot-3.5.14.jar:3.5.14]
	at org.springframework.boot.web.servlet.ServletContextInitializerBeans.<init>(ServletContextInitializerBeans.java:96) ~[spring-boot-3.5.14.jar:3.5.14]
	at org.springframework.boot.web.servlet.context.ServletWebServerApplicationContext.getServletContextInitializerBeans(ServletWebServerApplicationContext.java:271) ~[spring-boot-3.5.14.jar:3.5.14]
	at org.springframework.boot.web.servlet.context.ServletWebServerApplicationContext.selfInitialize(ServletWebServerApplicationContext.java:245) ~[spring-boot-3.5.14.jar:3.5.14]
	at org.springframework.boot.web.embedded.tomcat.TomcatStarter.onStartup(TomcatStarter.java:52) ~[spring-boot-3.5.14.jar:3.5.14]
	at org.apache.catalina.core.StandardContext.startInternal(StandardContext.java:4452) ~[tomcat-embed-core-10.1.54.jar:10.1.54]
	at org.apache.catalina.util.LifecycleBase.start(LifecycleBase.java:164) ~[tomcat-embed-core-10.1.54.jar:10.1.54]
	at org.apache.catalina.core.ContainerBase$StartChild.call(ContainerBase.java:1201) ~[tomcat-embed-core-10.1.54.jar:10.1.54]
	at org.apache.catalina.core.ContainerBase$StartChild.call(ContainerBase.java:1191) ~[tomcat-embed-core-10.1.54.jar:10.1.54]
	at java.base/java.util.concurrent.FutureTask.run(Unknown Source) ~[na:na]
	at org.apache.tomcat.util.threads.InlineExecutorService.execute(InlineExecutorService.java:81) ~[tomcat-embed-core-10.1.54.jar:10.1.54]
	at java.base/java.util.concurrent.AbstractExecutorService.submit(Unknown Source) ~[na:na]
	at org.apache.catalina.core.ContainerBase.startInternal(ContainerBase.java:747) ~[tomcat-embed-core-10.1.54.jar:10.1.54]
	at org.apache.catalina.core.StandardHost.startInternal(StandardHost.java:783) ~[tomcat-embed-core-10.1.54.jar:10.1.54]
	at org.apache.catalina.util.LifecycleBase.start(LifecycleBase.java:164) ~[tomcat-embed-core-10.1.54.jar:10.1.54]
	at org.apache.catalina.core.ContainerBase$StartChild.call(ContainerBase.java:1201) ~[tomcat-embed-core-10.1.54.jar:10.1.54]
	at org.apache.catalina.core.ContainerBase$StartChild.call(ContainerBase.java:1191) ~[tomcat-embed-core-10.1.54.jar:10.1.54]
	at java.base/java.util.concurrent.FutureTask.run(Unknown Source) ~[na:na]
	at org.apache.tomcat.util.threads.InlineExecutorService.execute(InlineExecutorService.java:81) ~[tomcat-embed-core-10.1.54.jar:10.1.54]
	at java.base/java.util.concurrent.AbstractExecutorService.submit(Unknown Source) ~[na:na]
	at org.apache.catalina.core.ContainerBase.startInternal(ContainerBase.java:747) ~[tomcat-embed-core-10.1.54.jar:10.1.54]
	at org.apache.catalina.core.StandardEngine.startInternal(StandardEngine.java:201) ~[tomcat-embed-core-10.1.54.jar:10.1.54]
	at org.apache.catalina.util.LifecycleBase.start(LifecycleBase.java:164) ~[tomcat-embed-core-10.1.54.jar:10.1.54]
	at org.apache.catalina.core.StandardService.startInternal(StandardService.java:410) ~[tomcat-embed-core-10.1.54.jar:10.1.54]
	at org.apache.catalina.util.LifecycleBase.start(LifecycleBase.java:164) ~[tomcat-embed-core-10.1.54.jar:10.1.54]
	at org.apache.catalina.core.StandardServer.startInternal(StandardServer.java:868) ~[tomcat-embed-core-10.1.54.jar:10.1.54]
	at org.apache.catalina.util.LifecycleBase.start(LifecycleBase.java:164) ~[tomcat-embed-core-10.1.54.jar:10.1.54]
	at org.apache.catalina.startup.Tomcat.start(Tomcat.java:436) ~[tomcat-embed-core-10.1.54.jar:10.1.54]
	at org.springframework.boot.web.embedded.tomcat.TomcatWebServer.initialize(TomcatWebServer.java:128) ~[spring-boot-3.5.14.jar:3.5.14]
	at org.springframework.boot.web.embedded.tomcat.TomcatWebServer.<init>(TomcatWebServer.java:107) ~[spring-boot-3.5.14.jar:3.5.14]
	at org.springframework.boot.web.embedded.tomcat.TomcatServletWebServerFactory.getTomcatWebServer(TomcatServletWebServerFactory.java:517) ~[spring-boot-3.5.14.jar:3.5.14]
	at org.springframework.boot.web.embedded.tomcat.TomcatServletWebServerFactory.getWebServer(TomcatServletWebServerFactory.java:219) ~[spring-boot-3.5.14.jar:3.5.14]
	at org.springframework.boot.web.servlet.context.ServletWebServerApplicationContext.createWebServer(ServletWebServerApplicationContext.java:193) ~[spring-boot-3.5.14.jar:3.5.14]
	at org.springframework.boot.web.servlet.context.ServletWebServerApplicationContext.onRefresh(ServletWebServerApplicationContext.java:167) ~[spring-boot-3.5.14.jar:3.5.14]
	at org.springframework.context.support.AbstractApplicationContext.refresh(AbstractApplicationContext.java:622) ~[spring-context-6.2.18.jar:6.2.18]
	at org.springframework.boot.web.servlet.context.ServletWebServerApplicationContext.refresh(ServletWebServerApplicationContext.java:146) ~[spring-boot-3.5.14.jar:3.5.14]
	at org.springframework.boot.SpringApplication.refresh(SpringApplication.java:752) ~[spring-boot-3.5.14.jar:3.5.14]
	at org.springframework.boot.SpringApplication.refreshContext(SpringApplication.java:439) ~[spring-boot-3.5.14.jar:3.5.14]
	at org.springframework.boot.SpringApplication.run(SpringApplication.java:318) ~[spring-boot-3.5.14.jar:3.5.14]
	at org.springframework.boot.SpringApplication.run(SpringApplication.java:1361) ~[spring-boot-3.5.14.jar:3.5.14]
	at org.springframework.boot.SpringApplication.run(SpringApplication.java:1350) ~[spring-boot-3.5.14.jar:3.5.14]
	at com.firstteam.taskbountyplatform.TaskBountyPlatformApplication.main(TaskBountyPlatformApplication.java:14) ~[classes/:na]
Caused by: com.mysql.cj.jdbc.exceptions.MysqlDataTruncation: Data truncation: Data too long for column 'config_value' at row 1
	at com.mysql.cj.jdbc.exceptions.SQLExceptionsMapping.translateException(SQLExceptionsMapping.java:96) ~[mysql-connector-j-9.7.0.jar:9.7.0]
	at com.mysql.cj.jdbc.StatementImpl.executeInternal(StatementImpl.java:839) ~[mysql-connector-j-9.7.0.jar:9.7.0]
	at com.mysql.cj.jdbc.StatementImpl.execute(StatementImpl.java:687) ~[mysql-connector-j-9.7.0.jar:9.7.0]
	at com.zaxxer.hikari.pool.ProxyStatement.execute(ProxyStatement.java:95) ~[HikariCP-6.3.3.jar:na]
	at com.zaxxer.hikari.pool.HikariProxyStatement.execute(HikariProxyStatement.java) ~[HikariCP-6.3.3.jar:na]
	at org.hibernate.tool.schema.internal.exec.GenerationTargetToDatabase.accept(GenerationTargetToDatabase.java:80) ~[hibernate-core-6.6.49.Final.jar:6.6.49.Final]
	... 108 common frames omitted

2026-06-11T20:29:50.275+08:00  INFO 1026129 --- [TaskBountyPlatform] [main] j.LocalContainerEntityManagerFactoryBean : Initialized JPA EntityManagerFactory for persistence unit 'default'
2026-06-11T20:29:50.480+08:00  INFO 1026129 --- [TaskBountyPlatform] [main] o.s.d.j.r.query.QueryEnhancerFactory     : Hibernate is in classpath; If applicable, HQL parser will be used.
2026-06-11T20:29:50.934+08:00 DEBUG 1026129 --- [TaskBountyPlatform] [main] c.f.t.a.s.JwtAuthenticationFilter        : Filter 'jwtAuthenticationFilter' configured for use
2026-06-11T20:29:51.848+08:00  WARN 1026129 --- [TaskBountyPlatform] [main] JpaBaseConfiguration$JpaWebConfiguration : spring.jpa.open-in-view is enabled by default. Therefore, database queries may be performed during view rendering. Explicitly configure spring.jpa.open-in-view to disable this warning
2026-06-11T20:29:51.880+08:00  INFO 1026129 --- [TaskBountyPlatform] [main] o.s.b.a.w.s.WelcomePageHandlerMapping    : Adding welcome page: class path resource [static/index.html]
2026-06-11T20:29:52.194+08:00  INFO 1026129 --- [TaskBountyPlatform] [main] o.s.b.a.e.web.EndpointLinksResolver      : Exposing 4 endpoints beneath base path '/actuator'
2026-06-11T20:29:52.239+08:00  WARN 1026129 --- [TaskBountyPlatform] [main] .s.s.UserDetailsServiceAutoConfiguration : 

Using generated security password: 4e16ce0c-d77d-4224-813b-0964f3f38902

This generated password is for development use only. Your security configuration must be updated before running your application in production.

2026-06-11T20:29:52.245+08:00  INFO 1026129 --- [TaskBountyPlatform] [main] r$InitializeUserDetailsManagerConfigurer : Global AuthenticationManager configured with UserDetailsService bean with name inMemoryUserDetailsManager
2026-06-11T20:29:52.702+08:00  INFO 1026129 --- [TaskBountyPlatform] [main] o.s.b.w.embedded.tomcat.TomcatWebServer  : Tomcat started on port 8080 (http) with context path '/'
2026-06-11T20:29:52.727+08:00  INFO 1026129 --- [TaskBountyPlatform] [main] c.f.t.TaskBountyPlatformApplication      : Started TaskBountyPlatformApplication in 6.228 seconds (process running for 6.457)
2026-06-11T20:30:00.023+08:00  INFO 1026129 --- [TaskBountyPlatform] [scheduling-1] c.f.t.scheduler.TaskTimeoutScheduler     : Starting checkDeliveryTimeout...
2026-06-11T20:30:00.119+08:00  INFO 1026129 --- [TaskBountyPlatform] [scheduling-1] c.f.t.scheduler.TaskTimeoutScheduler     : Found 1 overdue IN_PROGRESS tasks
2026-06-11T20:30:00.151+08:00 DEBUG 1026129 --- [TaskBountyPlatform] [scheduling-1] c.f.t.n.service.NotificationService      : Notification created: id=189, receiverId=1, type=TASK_UPDATE
2026-06-11T20:30:00.162+08:00 DEBUG 1026129 --- [TaskBountyPlatform] [scheduling-1] c.f.t.n.service.NotificationService      : Notification created: id=190, receiverId=13, type=TASK_UPDATE
2026-06-11T20:30:00.163+08:00  INFO 1026129 --- [TaskBountyPlatform] [scheduling-1] c.f.t.scheduler.TaskTimeoutScheduler     : checkDeliveryTimeout completed. Processed 1 tasks
2026-06-11T20:30:00.164+08:00  INFO 1026129 --- [TaskBountyPlatform] [scheduling-1] c.f.t.scheduler.TaskTimeoutScheduler     : Starting checkPendingConfirmationTimeout...
2026-06-11T20:30:00.167+08:00  INFO 1026129 --- [TaskBountyPlatform] [scheduling-1] c.f.t.scheduler.TaskTimeoutScheduler     : Found 0 PENDING_CONFIRMATION tasks
2026-06-11T20:30:00.168+08:00  INFO 1026129 --- [TaskBountyPlatform] [scheduling-1] c.f.t.scheduler.TaskTimeoutScheduler     : checkPendingConfirmationTimeout completed. Processed 0 tasks
2026-06-11T20:30:00.169+08:00  INFO 1026129 --- [TaskBountyPlatform] [scheduling-1] c.f.t.s.ReviewAuditTimeoutScheduler      : Starting checkReviewAuditTimeout...
2026-06-11T20:30:00.186+08:00 DEBUG 1026129 --- [TaskBountyPlatform] [scheduling-1] c.f.t.s.ReviewAuditTimeoutScheduler      : No expired review audits found
2026-06-11T20:30:00.187+08:00  INFO 1026129 --- [TaskBountyPlatform] [scheduling-1] c.f.t.scheduler.ReviewTimeoutScheduler   : Starting createDefaultReviews...
2026-06-11T20:30:00.195+08:00  INFO 1026129 --- [TaskBountyPlatform] [scheduling-1] c.f.t.scheduler.ReviewTimeoutScheduler   : Found 0 COMPLETED tasks older than 24 hours
2026-06-11T20:30:00.195+08:00  INFO 1026129 --- [TaskBountyPlatform] [scheduling-1] c.f.t.scheduler.ReviewTimeoutScheduler   : createDefaultReviews completed. Created 0 default reviews
2026-06-11T20:30:00.195+08:00  INFO 1026129 --- [TaskBountyPlatform] [scheduling-1] c.f.t.scheduler.TaskTimeoutScheduler     : Starting checkUnclaimedTaskTimeout...
2026-06-11T20:30:00.199+08:00  INFO 1026129 --- [TaskBountyPlatform] [scheduling-1] c.f.t.scheduler.TaskTimeoutScheduler     : Found 0 published tasks past auto-cancel deadline
2026-06-11T20:30:00.199+08:00  INFO 1026129 --- [TaskBountyPlatform] [scheduling-1] c.f.t.scheduler.TaskTimeoutScheduler     : checkUnclaimedTaskTimeout completed. Processed 0 tasks
2026-06-11T20:30:00.529+08:00  INFO 1026129 --- [TaskBountyPlatform] [http-nio-8080-exec-1] o.a.c.c.C.[Tomcat].[localhost].[/]       : Initializing Spring DispatcherServlet 'dispatcherServlet'
2026-06-11T20:30:00.529+08:00  INFO 1026129 --- [TaskBountyPlatform] [http-nio-8080-exec-1] o.s.web.servlet.DispatcherServlet        : Initializing Servlet 'dispatcherServlet'
2026-06-11T20:30:00.530+08:00  INFO 1026129 --- [TaskBountyPlatform] [http-nio-8080-exec-1] o.s.web.servlet.DispatcherServlet        : Completed initialization in 1 ms
2026-06-11T20:30:00.562+08:00 DEBUG 1026129 --- [TaskBountyPlatform] [http-nio-8080-exec-1] c.f.t.c.e.GlobalExceptionHandler         : SPA fallback: /task-hall -> /index.html
2026-06-11T20:30:02.221+08:00 DEBUG 1026129 --- [TaskBountyPlatform] [http-nio-8080-exec-4] c.f.t.c.e.GlobalExceptionHandler         : SPA fallback: /my-tasks -> /index.html
2026-06-11T20:30:04.066+08:00 DEBUG 1026129 --- [TaskBountyPlatform] [http-nio-8080-exec-1] c.f.t.c.e.GlobalExceptionHandler         : SPA fallback: /admin/categories -> /index.html
2026-06-11T20:30:32.805+08:00 DEBUG 1026129 --- [TaskBountyPlatform] [http-nio-8080-exec-1] c.f.t.c.e.GlobalExceptionHandler         : SPA fallback: /avatars/default.png -> /index.html
2026-06-11T20:34:08.960+08:00  INFO 1026129 --- [TaskBountyPlatform] [SpringApplicationShutdownHook] o.s.b.w.e.tomcat.GracefulShutdown        : Commencing graceful shutdown. Waiting for active requests to complete
2026-06-11T20:34:08.965+08:00  INFO 1026129 --- [TaskBountyPlatform] [tomcat-shutdown] o.s.b.w.e.tomcat.GracefulShutdown        : Graceful shutdown complete
2026-06-11T20:34:08.981+08:00  INFO 1026129 --- [TaskBountyPlatform] [SpringApplicationShutdownHook] j.LocalContainerEntityManagerFactoryBean : Closing JPA EntityManagerFactory for persistence unit 'default'
2026-06-11T20:34:08.984+08:00  INFO 1026129 --- [TaskBountyPlatform] [SpringApplicationShutdownHook] com.zaxxer.hikari.HikariDataSource       : HikariPool-1 - Shutdown initiated...
2026-06-11T20:34:08.991+08:00  INFO 1026129 --- [TaskBountyPlatform] [SpringApplicationShutdownHook] com.zaxxer.hikari.HikariDataSource       : HikariPool-1 - Shutdown completed.
2026-06-11T20:34:58.675+08:00  INFO 1123928 --- [TaskBountyPlatform] [main] c.f.t.TaskBountyPlatformApplication      : Starting TaskBountyPlatformApplication using Java 21.0.10 with PID 1123928 (/home/gr/cxy/code/Micro-task-Bounty-Platform/backend/target/classes started by gr in /home/gr/cxy/code/Micro-task-Bounty-Platform/backend)
2026-06-11T20:34:58.676+08:00 DEBUG 1123928 --- [TaskBountyPlatform] [main] c.f.t.TaskBountyPlatformApplication      : Running with Spring Boot v3.5.14, Spring v6.2.18
2026-06-11T20:34:58.677+08:00  INFO 1123928 --- [TaskBountyPlatform] [main] c.f.t.TaskBountyPlatformApplication      : No active profile set, falling back to 1 default profile: "default"
2026-06-11T20:34:59.587+08:00  INFO 1123928 --- [TaskBountyPlatform] [main] .s.d.r.c.RepositoryConfigurationDelegate : Bootstrapping Spring Data JPA repositories in DEFAULT mode.
2026-06-11T20:34:59.661+08:00  INFO 1123928 --- [TaskBountyPlatform] [main] .s.d.r.c.RepositoryConfigurationDelegate : Finished Spring Data repository scanning in 67 ms. Found 18 JPA repository interfaces.
2026-06-11T20:35:00.127+08:00  INFO 1123928 --- [TaskBountyPlatform] [main] o.s.b.w.embedded.tomcat.TomcatWebServer  : Tomcat initialized with port 8080 (http)
2026-06-11T20:35:00.136+08:00  INFO 1123928 --- [TaskBountyPlatform] [main] o.apache.catalina.core.StandardService   : Starting service [Tomcat]
2026-06-11T20:35:00.136+08:00  INFO 1123928 --- [TaskBountyPlatform] [main] o.apache.catalina.core.StandardEngine    : Starting Servlet engine: [Apache Tomcat/10.1.54]
2026-06-11T20:35:00.168+08:00  INFO 1123928 --- [TaskBountyPlatform] [main] o.a.c.c.C.[Tomcat].[localhost].[/]       : Initializing Spring embedded WebApplicationContext
2026-06-11T20:35:00.168+08:00  INFO 1123928 --- [TaskBountyPlatform] [main] w.s.c.ServletWebServerApplicationContext : Root WebApplicationContext: initialization completed in 1463 ms
2026-06-11T20:35:00.391+08:00  INFO 1123928 --- [TaskBountyPlatform] [main] o.hibernate.jpa.internal.util.LogHelper  : HHH000204: Processing PersistenceUnitInfo [name: default]
2026-06-11T20:35:00.419+08:00  INFO 1123928 --- [TaskBountyPlatform] [main] org.hibernate.Version                    : HHH000412: Hibernate ORM core version 6.6.49.Final
2026-06-11T20:35:00.438+08:00  INFO 1123928 --- [TaskBountyPlatform] [main] o.h.c.internal.RegionFactoryInitiator    : HHH000026: Second-level cache disabled
2026-06-11T20:35:00.630+08:00  INFO 1123928 --- [TaskBountyPlatform] [main] o.s.o.j.p.SpringPersistenceUnitInfo      : No LoadTimeWeaver setup: ignoring JPA class transformer
2026-06-11T20:35:00.648+08:00  INFO 1123928 --- [TaskBountyPlatform] [main] com.zaxxer.hikari.HikariDataSource       : HikariPool-1 - Starting...
2026-06-11T20:35:00.916+08:00  INFO 1123928 --- [TaskBountyPlatform] [main] com.zaxxer.hikari.pool.HikariPool        : HikariPool-1 - Added connection com.mysql.cj.jdbc.ConnectionImpl@6c8d638a
2026-06-11T20:35:00.917+08:00  INFO 1123928 --- [TaskBountyPlatform] [main] com.zaxxer.hikari.HikariDataSource       : HikariPool-1 - Start completed.
2026-06-11T20:35:00.962+08:00  WARN 1123928 --- [TaskBountyPlatform] [main] org.hibernate.orm.deprecation            : HHH90000025: MySQLDialect does not need to be specified explicitly using 'hibernate.dialect' (remove the property setting and it will be selected by default)
2026-06-11T20:35:00.984+08:00  INFO 1123928 --- [TaskBountyPlatform] [main] org.hibernate.orm.connections.pooling    : HHH10001005: Database info:
	Database JDBC URL [Connecting through datasource 'HikariDataSource (HikariPool-1)']
	Database driver: undefined/unknown
	Database version: 8.0.42
	Autocommit mode: undefined/unknown
	Isolation level: undefined/unknown
	Minimum pool size: undefined/unknown
	Maximum pool size: undefined/unknown
2026-06-11T20:35:01.773+08:00  INFO 1123928 --- [TaskBountyPlatform] [main] o.h.e.t.j.p.i.JtaPlatformInitiator       : HHH000489: No JTA platform available (set 'hibernate.transaction.jta.platform' to enable JTA platform integration)
2026-06-11T20:35:02.004+08:00  WARN 1123928 --- [TaskBountyPlatform] [main] o.h.t.s.i.ExceptionHandlerLoggedImpl     : GenerationTarget encountered exception accepting command : Error executing DDL "
    alter table system_configs 
       modify column config_value varchar(500) not null" via JDBC [Data truncation: Data too long for column 'config_value' at row 1]

org.hibernate.tool.schema.spi.CommandAcceptanceException: Error executing DDL "
    alter table system_configs 
       modify column config_value varchar(500) not null" via JDBC [Data truncation: Data too long for column 'config_value' at row 1]
	at org.hibernate.tool.schema.internal.exec.GenerationTargetToDatabase.accept(GenerationTargetToDatabase.java:94) ~[hibernate-core-6.6.49.Final.jar:6.6.49.Final]
	at org.hibernate.tool.schema.internal.AbstractSchemaMigrator.applySqlString(AbstractSchemaMigrator.java:576) ~[hibernate-core-6.6.49.Final.jar:6.6.49.Final]
	at org.hibernate.tool.schema.internal.AbstractSchemaMigrator.applySqlStrings(AbstractSchemaMigrator.java:516) ~[hibernate-core-6.6.49.Final.jar:6.6.49.Final]
	at org.hibernate.tool.schema.internal.AbstractSchemaMigrator.migrateTable(AbstractSchemaMigrator.java:334) ~[hibernate-core-6.6.49.Final.jar:6.6.49.Final]
	at org.hibernate.tool.schema.internal.GroupedSchemaMigratorImpl.performTablesMigration(GroupedSchemaMigratorImpl.java:84) ~[hibernate-core-6.6.49.Final.jar:6.6.49.Final]
	at org.hibernate.tool.schema.internal.AbstractSchemaMigrator.performMigration(AbstractSchemaMigrator.java:233) ~[hibernate-core-6.6.49.Final.jar:6.6.49.Final]
	at org.hibernate.tool.schema.internal.AbstractSchemaMigrator.doMigration(AbstractSchemaMigrator.java:112) ~[hibernate-core-6.6.49.Final.jar:6.6.49.Final]
	at org.hibernate.tool.schema.spi.SchemaManagementToolCoordinator.performDatabaseAction(SchemaManagementToolCoordinator.java:280) ~[hibernate-core-6.6.49.Final.jar:6.6.49.Final]
	at org.hibernate.tool.schema.spi.SchemaManagementToolCoordinator.lambda$process$5(SchemaManagementToolCoordinator.java:144) ~[hibernate-core-6.6.49.Final.jar:6.6.49.Final]
	at java.base/java.util.HashMap.forEach(Unknown Source) ~[na:na]
	at org.hibernate.tool.schema.spi.SchemaManagementToolCoordinator.process(SchemaManagementToolCoordinator.java:141) ~[hibernate-core-6.6.49.Final.jar:6.6.49.Final]
	at org.hibernate.boot.internal.SessionFactoryObserverForSchemaExport.sessionFactoryCreated(SessionFactoryObserverForSchemaExport.java:37) ~[hibernate-core-6.6.49.Final.jar:6.6.49.Final]
	at org.hibernate.internal.SessionFactoryObserverChain.sessionFactoryCreated(SessionFactoryObserverChain.java:35) ~[hibernate-core-6.6.49.Final.jar:6.6.49.Final]
	at org.hibernate.internal.SessionFactoryImpl.<init>(SessionFactoryImpl.java:324) ~[hibernate-core-6.6.49.Final.jar:6.6.49.Final]
	at org.hibernate.boot.internal.SessionFactoryBuilderImpl.build(SessionFactoryBuilderImpl.java:463) ~[hibernate-core-6.6.49.Final.jar:6.6.49.Final]
	at org.hibernate.jpa.boot.internal.EntityManagerFactoryBuilderImpl.build(EntityManagerFactoryBuilderImpl.java:1517) ~[hibernate-core-6.6.49.Final.jar:6.6.49.Final]
	at org.springframework.orm.jpa.vendor.SpringHibernateJpaPersistenceProvider.createContainerEntityManagerFactory(SpringHibernateJpaPersistenceProvider.java:66) ~[spring-orm-6.2.18.jar:6.2.18]
	at org.springframework.orm.jpa.LocalContainerEntityManagerFactoryBean.createNativeEntityManagerFactory(LocalContainerEntityManagerFactoryBean.java:388) ~[spring-orm-6.2.18.jar:6.2.18]
	at org.springframework.orm.jpa.AbstractEntityManagerFactoryBean.buildNativeEntityManagerFactory(AbstractEntityManagerFactoryBean.java:419) ~[spring-orm-6.2.18.jar:6.2.18]
	at org.springframework.orm.jpa.AbstractEntityManagerFactoryBean.afterPropertiesSet(AbstractEntityManagerFactoryBean.java:400) ~[spring-orm-6.2.18.jar:6.2.18]
	at org.springframework.orm.jpa.LocalContainerEntityManagerFactoryBean.afterPropertiesSet(LocalContainerEntityManagerFactoryBean.java:364) ~[spring-orm-6.2.18.jar:6.2.18]
	at org.springframework.beans.factory.support.AbstractAutowireCapableBeanFactory.invokeInitMethods(AbstractAutowireCapableBeanFactory.java:1873) ~[spring-beans-6.2.18.jar:6.2.18]
	at org.springframework.beans.factory.support.AbstractAutowireCapableBeanFactory.initializeBean(AbstractAutowireCapableBeanFactory.java:1822) ~[spring-beans-6.2.18.jar:6.2.18]
	at org.springframework.beans.factory.support.AbstractAutowireCapableBeanFactory.doCreateBean(AbstractAutowireCapableBeanFactory.java:607) ~[spring-beans-6.2.18.jar:6.2.18]
	at org.springframework.beans.factory.support.AbstractAutowireCapableBeanFactory.createBean(AbstractAutowireCapableBeanFactory.java:529) ~[spring-beans-6.2.18.jar:6.2.18]
	at org.springframework.beans.factory.support.AbstractBeanFactory.lambda$doGetBean$0(AbstractBeanFactory.java:339) ~[spring-beans-6.2.18.jar:6.2.18]
	at org.springframework.beans.factory.support.DefaultSingletonBeanRegistry.getSingleton(DefaultSingletonBeanRegistry.java:373) ~[spring-beans-6.2.18.jar:6.2.18]
	at org.springframework.beans.factory.support.AbstractBeanFactory.doGetBean(AbstractBeanFactory.java:337) ~[spring-beans-6.2.18.jar:6.2.18]
	at org.springframework.beans.factory.support.AbstractBeanFactory.getBean(AbstractBeanFactory.java:202) ~[spring-beans-6.2.18.jar:6.2.18]
	at org.springframework.beans.factory.support.BeanDefinitionValueResolver.resolveReference(BeanDefinitionValueResolver.java:365) ~[spring-beans-6.2.18.jar:6.2.18]
	at org.springframework.beans.factory.support.BeanDefinitionValueResolver.resolveValueIfNecessary(BeanDefinitionValueResolver.java:135) ~[spring-beans-6.2.18.jar:6.2.18]
	at org.springframework.beans.factory.support.ConstructorResolver.resolveConstructorArguments(ConstructorResolver.java:691) ~[spring-beans-6.2.18.jar:6.2.18]
	at org.springframework.beans.factory.support.ConstructorResolver.instantiateUsingFactoryMethod(ConstructorResolver.java:513) ~[spring-beans-6.2.18.jar:6.2.18]
	at org.springframework.beans.factory.support.AbstractAutowireCapableBeanFactory.instantiateUsingFactoryMethod(AbstractAutowireCapableBeanFactory.java:1375) ~[spring-beans-6.2.18.jar:6.2.18]
	at org.springframework.beans.factory.support.AbstractAutowireCapableBeanFactory.createBeanInstance(AbstractAutowireCapableBeanFactory.java:1205) ~[spring-beans-6.2.18.jar:6.2.18]
	at org.springframework.beans.factory.support.AbstractAutowireCapableBeanFactory.doCreateBean(AbstractAutowireCapableBeanFactory.java:569) ~[spring-beans-6.2.18.jar:6.2.18]
	at org.springframework.beans.factory.support.AbstractAutowireCapableBeanFactory.createBean(AbstractAutowireCapableBeanFactory.java:529) ~[spring-beans-6.2.18.jar:6.2.18]
	at org.springframework.beans.factory.support.AbstractBeanFactory.lambda$doGetBean$0(AbstractBeanFactory.java:339) ~[spring-beans-6.2.18.jar:6.2.18]
	at org.springframework.beans.factory.support.DefaultSingletonBeanRegistry.getSingleton(DefaultSingletonBeanRegistry.java:373) ~[spring-beans-6.2.18.jar:6.2.18]
	at org.springframework.beans.factory.support.AbstractBeanFactory.doGetBean(AbstractBeanFactory.java:337) ~[spring-beans-6.2.18.jar:6.2.18]
	at org.springframework.beans.factory.support.AbstractBeanFactory.getBean(AbstractBeanFactory.java:202) ~[spring-beans-6.2.18.jar:6.2.18]
	at org.springframework.beans.factory.support.BeanDefinitionValueResolver.resolveReference(BeanDefinitionValueResolver.java:365) ~[spring-beans-6.2.18.jar:6.2.18]
	at org.springframework.beans.factory.support.BeanDefinitionValueResolver.resolveValueIfNecessary(BeanDefinitionValueResolver.java:135) ~[spring-beans-6.2.18.jar:6.2.18]
	at org.springframework.beans.factory.support.AbstractAutowireCapableBeanFactory.applyPropertyValues(AbstractAutowireCapableBeanFactory.java:1725) ~[spring-beans-6.2.18.jar:6.2.18]
	at org.springframework.beans.factory.support.AbstractAutowireCapableBeanFactory.populateBean(AbstractAutowireCapableBeanFactory.java:1474) ~[spring-beans-6.2.18.jar:6.2.18]
	at org.springframework.beans.factory.support.AbstractAutowireCapableBeanFactory.doCreateBean(AbstractAutowireCapableBeanFactory.java:606) ~[spring-beans-6.2.18.jar:6.2.18]
	at org.springframework.beans.factory.support.AbstractAutowireCapableBeanFactory.createBean(AbstractAutowireCapableBeanFactory.java:529) ~[spring-beans-6.2.18.jar:6.2.18]
	at org.springframework.beans.factory.support.AbstractBeanFactory.lambda$doGetBean$0(AbstractBeanFactory.java:339) ~[spring-beans-6.2.18.jar:6.2.18]
	at org.springframework.beans.factory.support.DefaultSingletonBeanRegistry.getSingleton(DefaultSingletonBeanRegistry.java:373) ~[spring-beans-6.2.18.jar:6.2.18]
	at org.springframework.beans.factory.support.AbstractBeanFactory.doGetBean(AbstractBeanFactory.java:337) ~[spring-beans-6.2.18.jar:6.2.18]
	at org.springframework.beans.factory.support.AbstractBeanFactory.getBean(AbstractBeanFactory.java:202) ~[spring-beans-6.2.18.jar:6.2.18]
	at org.springframework.beans.factory.support.DefaultListableBeanFactory.doResolveDependency(DefaultListableBeanFactory.java:1708) ~[spring-beans-6.2.18.jar:6.2.18]
	at org.springframework.beans.factory.support.DefaultListableBeanFactory.resolveDependency(DefaultListableBeanFactory.java:1653) ~[spring-beans-6.2.18.jar:6.2.18]
	at org.springframework.beans.factory.support.ConstructorResolver.resolveAutowiredArgument(ConstructorResolver.java:913) ~[spring-beans-6.2.18.jar:6.2.18]
	at org.springframework.beans.factory.support.ConstructorResolver.createArgumentArray(ConstructorResolver.java:791) ~[spring-beans-6.2.18.jar:6.2.18]
	at org.springframework.beans.factory.support.ConstructorResolver.autowireConstructor(ConstructorResolver.java:240) ~[spring-beans-6.2.18.jar:6.2.18]
	at org.springframework.beans.factory.support.AbstractAutowireCapableBeanFactory.autowireConstructor(AbstractAutowireCapableBeanFactory.java:1395) ~[spring-beans-6.2.18.jar:6.2.18]
	at org.springframework.beans.factory.support.AbstractAutowireCapableBeanFactory.createBeanInstance(AbstractAutowireCapableBeanFactory.java:1232) ~[spring-beans-6.2.18.jar:6.2.18]
	at org.springframework.beans.factory.support.AbstractAutowireCapableBeanFactory.doCreateBean(AbstractAutowireCapableBeanFactory.java:569) ~[spring-beans-6.2.18.jar:6.2.18]
	at org.springframework.beans.factory.support.AbstractAutowireCapableBeanFactory.createBean(AbstractAutowireCapableBeanFactory.java:529) ~[spring-beans-6.2.18.jar:6.2.18]
	at org.springframework.beans.factory.support.AbstractBeanFactory.lambda$doGetBean$0(AbstractBeanFactory.java:339) ~[spring-beans-6.2.18.jar:6.2.18]
	at org.springframework.beans.factory.support.DefaultSingletonBeanRegistry.getSingleton(DefaultSingletonBeanRegistry.java:373) ~[spring-beans-6.2.18.jar:6.2.18]
	at org.springframework.beans.factory.support.AbstractBeanFactory.doGetBean(AbstractBeanFactory.java:337) ~[spring-beans-6.2.18.jar:6.2.18]
	at org.springframework.beans.factory.support.AbstractBeanFactory.getBean(AbstractBeanFactory.java:207) ~[spring-beans-6.2.18.jar:6.2.18]
	at org.springframework.boot.web.servlet.ServletContextInitializerBeans.getOrderedBeansOfType(ServletContextInitializerBeans.java:230) ~[spring-boot-3.5.14.jar:3.5.14]
	at org.springframework.boot.web.servlet.ServletContextInitializerBeans.addAsRegistrationBean(ServletContextInitializerBeans.java:184) ~[spring-boot-3.5.14.jar:3.5.14]
	at org.springframework.boot.web.servlet.ServletContextInitializerBeans.addAsRegistrationBean(ServletContextInitializerBeans.java:179) ~[spring-boot-3.5.14.jar:3.5.14]
	at org.springframework.boot.web.servlet.ServletContextInitializerBeans.addAdaptableBeans(ServletContextInitializerBeans.java:164) ~[spring-boot-3.5.14.jar:3.5.14]
	at org.springframework.boot.web.servlet.ServletContextInitializerBeans.<init>(ServletContextInitializerBeans.java:96) ~[spring-boot-3.5.14.jar:3.5.14]
	at org.springframework.boot.web.servlet.context.ServletWebServerApplicationContext.getServletContextInitializerBeans(ServletWebServerApplicationContext.java:271) ~[spring-boot-3.5.14.jar:3.5.14]
	at org.springframework.boot.web.servlet.context.ServletWebServerApplicationContext.selfInitialize(ServletWebServerApplicationContext.java:245) ~[spring-boot-3.5.14.jar:3.5.14]
	at org.springframework.boot.web.embedded.tomcat.TomcatStarter.onStartup(TomcatStarter.java:52) ~[spring-boot-3.5.14.jar:3.5.14]
	at org.apache.catalina.core.StandardContext.startInternal(StandardContext.java:4452) ~[tomcat-embed-core-10.1.54.jar:10.1.54]
	at org.apache.catalina.util.LifecycleBase.start(LifecycleBase.java:164) ~[tomcat-embed-core-10.1.54.jar:10.1.54]
	at org.apache.catalina.core.ContainerBase$StartChild.call(ContainerBase.java:1201) ~[tomcat-embed-core-10.1.54.jar:10.1.54]
	at org.apache.catalina.core.ContainerBase$StartChild.call(ContainerBase.java:1191) ~[tomcat-embed-core-10.1.54.jar:10.1.54]
	at java.base/java.util.concurrent.FutureTask.run(Unknown Source) ~[na:na]
	at org.apache.tomcat.util.threads.InlineExecutorService.execute(InlineExecutorService.java:81) ~[tomcat-embed-core-10.1.54.jar:10.1.54]
	at java.base/java.util.concurrent.AbstractExecutorService.submit(Unknown Source) ~[na:na]
	at org.apache.catalina.core.ContainerBase.startInternal(ContainerBase.java:747) ~[tomcat-embed-core-10.1.54.jar:10.1.54]
	at org.apache.catalina.core.StandardHost.startInternal(StandardHost.java:783) ~[tomcat-embed-core-10.1.54.jar:10.1.54]
	at org.apache.catalina.util.LifecycleBase.start(LifecycleBase.java:164) ~[tomcat-embed-core-10.1.54.jar:10.1.54]
	at org.apache.catalina.core.ContainerBase$StartChild.call(ContainerBase.java:1201) ~[tomcat-embed-core-10.1.54.jar:10.1.54]
	at org.apache.catalina.core.ContainerBase$StartChild.call(ContainerBase.java:1191) ~[tomcat-embed-core-10.1.54.jar:10.1.54]
	at java.base/java.util.concurrent.FutureTask.run(Unknown Source) ~[na:na]
	at org.apache.tomcat.util.threads.InlineExecutorService.execute(InlineExecutorService.java:81) ~[tomcat-embed-core-10.1.54.jar:10.1.54]
	at java.base/java.util.concurrent.AbstractExecutorService.submit(Unknown Source) ~[na:na]
	at org.apache.catalina.core.ContainerBase.startInternal(ContainerBase.java:747) ~[tomcat-embed-core-10.1.54.jar:10.1.54]
	at org.apache.catalina.core.StandardEngine.startInternal(StandardEngine.java:201) ~[tomcat-embed-core-10.1.54.jar:10.1.54]
	at org.apache.catalina.util.LifecycleBase.start(LifecycleBase.java:164) ~[tomcat-embed-core-10.1.54.jar:10.1.54]
	at org.apache.catalina.core.StandardService.startInternal(StandardService.java:410) ~[tomcat-embed-core-10.1.54.jar:10.1.54]
	at org.apache.catalina.util.LifecycleBase.start(LifecycleBase.java:164) ~[tomcat-embed-core-10.1.54.jar:10.1.54]
	at org.apache.catalina.core.StandardServer.startInternal(StandardServer.java:868) ~[tomcat-embed-core-10.1.54.jar:10.1.54]
	at org.apache.catalina.util.LifecycleBase.start(LifecycleBase.java:164) ~[tomcat-embed-core-10.1.54.jar:10.1.54]
	at org.apache.catalina.startup.Tomcat.start(Tomcat.java:436) ~[tomcat-embed-core-10.1.54.jar:10.1.54]
	at org.springframework.boot.web.embedded.tomcat.TomcatWebServer.initialize(TomcatWebServer.java:128) ~[spring-boot-3.5.14.jar:3.5.14]
	at org.springframework.boot.web.embedded.tomcat.TomcatWebServer.<init>(TomcatWebServer.java:107) ~[spring-boot-3.5.14.jar:3.5.14]
	at org.springframework.boot.web.embedded.tomcat.TomcatServletWebServerFactory.getTomcatWebServer(TomcatServletWebServerFactory.java:517) ~[spring-boot-3.5.14.jar:3.5.14]
	at org.springframework.boot.web.embedded.tomcat.TomcatServletWebServerFactory.getWebServer(TomcatServletWebServerFactory.java:219) ~[spring-boot-3.5.14.jar:3.5.14]
	at org.springframework.boot.web.servlet.context.ServletWebServerApplicationContext.createWebServer(ServletWebServerApplicationContext.java:193) ~[spring-boot-3.5.14.jar:3.5.14]
	at org.springframework.boot.web.servlet.context.ServletWebServerApplicationContext.onRefresh(ServletWebServerApplicationContext.java:167) ~[spring-boot-3.5.14.jar:3.5.14]
	at org.springframework.context.support.AbstractApplicationContext.refresh(AbstractApplicationContext.java:622) ~[spring-context-6.2.18.jar:6.2.18]
	at org.springframework.boot.web.servlet.context.ServletWebServerApplicationContext.refresh(ServletWebServerApplicationContext.java:146) ~[spring-boot-3.5.14.jar:3.5.14]
	at org.springframework.boot.SpringApplication.refresh(SpringApplication.java:752) ~[spring-boot-3.5.14.jar:3.5.14]
	at org.springframework.boot.SpringApplication.refreshContext(SpringApplication.java:439) ~[spring-boot-3.5.14.jar:3.5.14]
	at org.springframework.boot.SpringApplication.run(SpringApplication.java:318) ~[spring-boot-3.5.14.jar:3.5.14]
	at org.springframework.boot.SpringApplication.run(SpringApplication.java:1361) ~[spring-boot-3.5.14.jar:3.5.14]
	at org.springframework.boot.SpringApplication.run(SpringApplication.java:1350) ~[spring-boot-3.5.14.jar:3.5.14]
	at com.firstteam.taskbountyplatform.TaskBountyPlatformApplication.main(TaskBountyPlatformApplication.java:14) ~[classes/:na]
Caused by: com.mysql.cj.jdbc.exceptions.MysqlDataTruncation: Data truncation: Data too long for column 'config_value' at row 1
	at com.mysql.cj.jdbc.exceptions.SQLExceptionsMapping.translateException(SQLExceptionsMapping.java:96) ~[mysql-connector-j-9.7.0.jar:9.7.0]
	at com.mysql.cj.jdbc.StatementImpl.executeInternal(StatementImpl.java:839) ~[mysql-connector-j-9.7.0.jar:9.7.0]
	at com.mysql.cj.jdbc.StatementImpl.execute(StatementImpl.java:687) ~[mysql-connector-j-9.7.0.jar:9.7.0]
	at com.zaxxer.hikari.pool.ProxyStatement.execute(ProxyStatement.java:95) ~[HikariCP-6.3.3.jar:na]
	at com.zaxxer.hikari.pool.HikariProxyStatement.execute(HikariProxyStatement.java) ~[HikariCP-6.3.3.jar:na]
	at org.hibernate.tool.schema.internal.exec.GenerationTargetToDatabase.accept(GenerationTargetToDatabase.java:80) ~[hibernate-core-6.6.49.Final.jar:6.6.49.Final]
	... 108 common frames omitted

2026-06-11T20:35:02.042+08:00  INFO 1123928 --- [TaskBountyPlatform] [main] j.LocalContainerEntityManagerFactoryBean : Initialized JPA EntityManagerFactory for persistence unit 'default'
2026-06-11T20:35:02.243+08:00  INFO 1123928 --- [TaskBountyPlatform] [main] o.s.d.j.r.query.QueryEnhancerFactory     : Hibernate is in classpath; If applicable, HQL parser will be used.
2026-06-11T20:35:02.667+08:00 DEBUG 1123928 --- [TaskBountyPlatform] [main] c.f.t.a.s.JwtAuthenticationFilter        : Filter 'jwtAuthenticationFilter' configured for use
2026-06-11T20:35:03.505+08:00  WARN 1123928 --- [TaskBountyPlatform] [main] JpaBaseConfiguration$JpaWebConfiguration : spring.jpa.open-in-view is enabled by default. Therefore, database queries may be performed during view rendering. Explicitly configure spring.jpa.open-in-view to disable this warning
2026-06-11T20:35:03.548+08:00  INFO 1123928 --- [TaskBountyPlatform] [main] o.s.b.a.w.s.WelcomePageHandlerMapping    : Adding welcome page: class path resource [static/index.html]
2026-06-11T20:35:03.834+08:00  INFO 1123928 --- [TaskBountyPlatform] [main] o.s.b.a.e.web.EndpointLinksResolver      : Exposing 4 endpoints beneath base path '/actuator'
2026-06-11T20:35:03.874+08:00  WARN 1123928 --- [TaskBountyPlatform] [main] .s.s.UserDetailsServiceAutoConfiguration : 

Using generated security password: ed07763d-4a99-4a4c-a7fd-c544c6915ab0

This generated password is for development use only. Your security configuration must be updated before running your application in production.

2026-06-11T20:35:03.880+08:00  INFO 1123928 --- [TaskBountyPlatform] [main] r$InitializeUserDetailsManagerConfigurer : Global AuthenticationManager configured with UserDetailsService bean with name inMemoryUserDetailsManager
2026-06-11T20:35:04.324+08:00  INFO 1123928 --- [TaskBountyPlatform] [main] o.s.b.w.embedded.tomcat.TomcatWebServer  : Tomcat started on port 8080 (http) with context path '/'
2026-06-11T20:35:04.348+08:00  INFO 1123928 --- [TaskBountyPlatform] [main] c.f.t.TaskBountyPlatformApplication      : Started TaskBountyPlatformApplication in 6.052 seconds (process running for 6.274)
2026-06-11T20:35:05.631+08:00  INFO 1123928 --- [TaskBountyPlatform] [http-nio-8080-exec-2] o.a.c.c.C.[Tomcat].[localhost].[/]       : Initializing Spring DispatcherServlet 'dispatcherServlet'
2026-06-11T20:35:05.632+08:00  INFO 1123928 --- [TaskBountyPlatform] [http-nio-8080-exec-2] o.s.web.servlet.DispatcherServlet        : Initializing Servlet 'dispatcherServlet'
2026-06-11T20:35:05.633+08:00  INFO 1123928 --- [TaskBountyPlatform] [http-nio-8080-exec-2] o.s.web.servlet.DispatcherServlet        : Completed initialization in 1 ms
2026-06-11T20:35:10.103+08:00 DEBUG 1123928 --- [TaskBountyPlatform] [http-nio-8080-exec-1] c.f.t.c.e.GlobalExceptionHandler         : SPA fallback: /my-tasks -> /index.html
2026-06-11T20:35:14.577+08:00 DEBUG 1123928 --- [TaskBountyPlatform] [http-nio-8080-exec-2] c.f.t.c.e.GlobalExceptionHandler         : SPA fallback: /my-tasks -> /index.html
2026-06-11T20:35:15.525+08:00 DEBUG 1123928 --- [TaskBountyPlatform] [http-nio-8080-exec-2] c.f.t.c.e.GlobalExceptionHandler         : SPA fallback: /admin/categories -> /index.html
2026-06-11T20:35:51.955+08:00 DEBUG 1123928 --- [TaskBountyPlatform] [http-nio-8080-exec-7] c.f.t.audit.service.AuditLogService      : Audit log created: id=26, operatorId=1, actionType=TASK_PUBLISH, targetType=TASK, targetId=16
2026-06-11T20:35:51.956+08:00  INFO 1123928 --- [TaskBountyPlatform] [http-nio-8080-exec-7] c.f.t.task.service.TaskService           : Task published: id=16, publisherId=1, title=测试0611, reward=50
2026-06-11T20:40:00.005+08:00  INFO 1123928 --- [TaskBountyPlatform] [scheduling-1] c.f.t.scheduler.TaskTimeoutScheduler     : Starting checkDeliveryTimeout...
2026-06-11T20:40:00.037+08:00  INFO 1123928 --- [TaskBountyPlatform] [scheduling-1] c.f.t.scheduler.TaskTimeoutScheduler     : Found 1 overdue IN_PROGRESS tasks
2026-06-11T20:40:00.046+08:00 DEBUG 1123928 --- [TaskBountyPlatform] [scheduling-1] c.f.t.n.service.NotificationService      : Notification created: id=191, receiverId=1, type=TASK_UPDATE
2026-06-11T20:40:00.052+08:00 DEBUG 1123928 --- [TaskBountyPlatform] [scheduling-1] c.f.t.n.service.NotificationService      : Notification created: id=192, receiverId=13, type=TASK_UPDATE
2026-06-11T20:40:00.054+08:00  INFO 1123928 --- [TaskBountyPlatform] [scheduling-1] c.f.t.scheduler.TaskTimeoutScheduler     : checkDeliveryTimeout completed. Processed 1 tasks
2026-06-11T20:40:00.054+08:00  INFO 1123928 --- [TaskBountyPlatform] [scheduling-1] c.f.t.scheduler.TaskTimeoutScheduler     : Starting checkUnclaimedTaskTimeout...
2026-06-11T20:40:00.057+08:00  INFO 1123928 --- [TaskBountyPlatform] [scheduling-1] c.f.t.scheduler.TaskTimeoutScheduler     : Found 0 published tasks past auto-cancel deadline
2026-06-11T20:40:00.058+08:00  INFO 1123928 --- [TaskBountyPlatform] [scheduling-1] c.f.t.scheduler.TaskTimeoutScheduler     : checkUnclaimedTaskTimeout completed. Processed 0 tasks
2026-06-11T20:40:00.058+08:00  INFO 1123928 --- [TaskBountyPlatform] [scheduling-1] c.f.t.scheduler.TaskTimeoutScheduler     : Starting checkPendingConfirmationTimeout...
2026-06-11T20:40:00.061+08:00  INFO 1123928 --- [TaskBountyPlatform] [scheduling-1] c.f.t.scheduler.TaskTimeoutScheduler     : Found 0 PENDING_CONFIRMATION tasks
2026-06-11T20:40:00.061+08:00  INFO 1123928 --- [TaskBountyPlatform] [scheduling-1] c.f.t.scheduler.TaskTimeoutScheduler     : checkPendingConfirmationTimeout completed. Processed 0 tasks
2026-06-11T20:40:00.061+08:00  INFO 1123928 --- [TaskBountyPlatform] [scheduling-1] c.f.t.s.ReviewAuditTimeoutScheduler      : Starting checkReviewAuditTimeout...
2026-06-11T20:40:00.067+08:00 DEBUG 1123928 --- [TaskBountyPlatform] [scheduling-1] c.f.t.s.ReviewAuditTimeoutScheduler      : No expired review audits found
2026-06-11T20:45:00.000+08:00  INFO 1123928 --- [TaskBountyPlatform] [scheduling-1] c.f.t.scheduler.ReviewTimeoutScheduler   : Starting createDefaultReviews...
2026-06-11T20:45:00.010+08:00  INFO 1123928 --- [TaskBountyPlatform] [scheduling-1] c.f.t.scheduler.ReviewTimeoutScheduler   : Found 0 COMPLETED tasks older than 24 hours
2026-06-11T20:45:00.010+08:00  INFO 1123928 --- [TaskBountyPlatform] [scheduling-1] c.f.t.scheduler.ReviewTimeoutScheduler   : createDefaultReviews completed. Created 0 default reviews
2026-06-11T20:45:00.011+08:00  INFO 1123928 --- [TaskBountyPlatform] [scheduling-1] c.f.t.scheduler.TaskTimeoutScheduler     : Starting checkPendingConfirmationTimeout...
2026-06-11T20:45:00.013+08:00  INFO 1123928 --- [TaskBountyPlatform] [scheduling-1] c.f.t.scheduler.TaskTimeoutScheduler     : Found 0 PENDING_CONFIRMATION tasks
2026-06-11T20:45:00.013+08:00  INFO 1123928 --- [TaskBountyPlatform] [scheduling-1] c.f.t.scheduler.TaskTimeoutScheduler     : checkPendingConfirmationTimeout completed. Processed 0 tasks
2026-06-11T20:45:00.014+08:00  INFO 1123928 --- [TaskBountyPlatform] [scheduling-1] c.f.t.scheduler.TaskTimeoutScheduler     : Starting checkUnclaimedTaskTimeout...
2026-06-11T20:45:00.015+08:00  INFO 1123928 --- [TaskBountyPlatform] [scheduling-1] c.f.t.scheduler.TaskTimeoutScheduler     : Found 0 published tasks past auto-cancel deadline
2026-06-11T20:45:00.015+08:00  INFO 1123928 --- [TaskBountyPlatform] [scheduling-1] c.f.t.scheduler.TaskTimeoutScheduler     : checkUnclaimedTaskTimeout completed. Processed 0 tasks
2026-06-11T20:45:00.015+08:00  INFO 1123928 --- [TaskBountyPlatform] [scheduling-1] c.f.t.scheduler.TaskTimeoutScheduler     : Starting checkDeliveryTimeout...
2026-06-11T20:45:00.016+08:00  INFO 1123928 --- [TaskBountyPlatform] [scheduling-1] c.f.t.scheduler.TaskTimeoutScheduler     : Found 1 overdue IN_PROGRESS tasks
2026-06-11T20:45:00.019+08:00 DEBUG 1123928 --- [TaskBountyPlatform] [scheduling-1] c.f.t.n.service.NotificationService      : Notification created: id=193, receiverId=1, type=TASK_UPDATE
2026-06-11T20:45:00.023+08:00 DEBUG 1123928 --- [TaskBountyPlatform] [scheduling-1] c.f.t.n.service.NotificationService      : Notification created: id=194, receiverId=13, type=TASK_UPDATE
2026-06-11T20:45:00.025+08:00  INFO 1123928 --- [TaskBountyPlatform] [scheduling-1] c.f.t.scheduler.TaskTimeoutScheduler     : checkDeliveryTimeout completed. Processed 1 tasks
2026-06-11T20:50:00.000+08:00  INFO 1123928 --- [TaskBountyPlatform] [scheduling-1] c.f.t.scheduler.TaskTimeoutScheduler     : Starting checkUnclaimedTaskTimeout...
2026-06-11T20:50:00.005+08:00  INFO 1123928 --- [TaskBountyPlatform] [scheduling-1] c.f.t.scheduler.TaskTimeoutScheduler     : Found 0 published tasks past auto-cancel deadline
2026-06-11T20:50:00.005+08:00  INFO 1123928 --- [TaskBountyPlatform] [scheduling-1] c.f.t.scheduler.TaskTimeoutScheduler     : checkUnclaimedTaskTimeout completed. Processed 0 tasks
2026-06-11T20:50:00.007+08:00  INFO 1123928 --- [TaskBountyPlatform] [scheduling-1] c.f.t.s.ReviewAuditTimeoutScheduler      : Starting checkReviewAuditTimeout...
2026-06-11T20:50:00.011+08:00 DEBUG 1123928 --- [TaskBountyPlatform] [scheduling-1] c.f.t.s.ReviewAuditTimeoutScheduler      : No expired review audits found
2026-06-11T20:50:00.012+08:00  INFO 1123928 --- [TaskBountyPlatform] [scheduling-1] c.f.t.scheduler.TaskTimeoutScheduler     : Starting checkPendingConfirmationTimeout...
2026-06-11T20:50:00.013+08:00  INFO 1123928 --- [TaskBountyPlatform] [scheduling-1] c.f.t.scheduler.TaskTimeoutScheduler     : Found 0 PENDING_CONFIRMATION tasks
2026-06-11T20:50:00.013+08:00  INFO 1123928 --- [TaskBountyPlatform] [scheduling-1] c.f.t.scheduler.TaskTimeoutScheduler     : checkPendingConfirmationTimeout completed. Processed 0 tasks
2026-06-11T20:50:00.014+08:00  INFO 1123928 --- [TaskBountyPlatform] [scheduling-1] c.f.t.scheduler.TaskTimeoutScheduler     : Starting checkDeliveryTimeout...
2026-06-11T20:50:00.016+08:00  INFO 1123928 --- [TaskBountyPlatform] [scheduling-1] c.f.t.scheduler.TaskTimeoutScheduler     : Found 1 overdue IN_PROGRESS tasks
2026-06-11T20:50:00.020+08:00 DEBUG 1123928 --- [TaskBountyPlatform] [scheduling-1] c.f.t.n.service.NotificationService      : Notification created: id=195, receiverId=1, type=TASK_UPDATE
2026-06-11T20:50:00.031+08:00 DEBUG 1123928 --- [TaskBountyPlatform] [scheduling-1] c.f.t.n.service.NotificationService      : Notification created: id=196, receiverId=13, type=TASK_UPDATE
2026-06-11T20:50:00.032+08:00  INFO 1123928 --- [TaskBountyPlatform] [scheduling-1] c.f.t.scheduler.TaskTimeoutScheduler     : checkDeliveryTimeout completed. Processed 1 tasks
2026-06-11T20:52:12.204+08:00  INFO 1123928 --- [TaskBountyPlatform] [SpringApplicationShutdownHook] o.s.b.w.e.tomcat.GracefulShutdown        : Commencing graceful shutdown. Waiting for active requests to complete
2026-06-11T20:52:12.209+08:00  INFO 1123928 --- [TaskBountyPlatform] [tomcat-shutdown] o.s.b.w.e.tomcat.GracefulShutdown        : Graceful shutdown complete
2026-06-11T20:52:12.223+08:00  INFO 1123928 --- [TaskBountyPlatform] [SpringApplicationShutdownHook] j.LocalContainerEntityManagerFactoryBean : Closing JPA EntityManagerFactory for persistence unit 'default'
2026-06-11T20:52:12.226+08:00  INFO 1123928 --- [TaskBountyPlatform] [SpringApplicationShutdownHook] com.zaxxer.hikari.HikariDataSource       : HikariPool-1 - Shutdown initiated...
2026-06-11T20:52:12.233+08:00  INFO 1123928 --- [TaskBountyPlatform] [SpringApplicationShutdownHook] com.zaxxer.hikari.HikariDataSource       : HikariPool-1 - Shutdown completed.
2026-06-11T20:53:04.265+08:00  INFO 1252531 --- [TaskBountyPlatform] [main] c.f.t.TaskBountyPlatformApplication      : Starting TaskBountyPlatformApplication v0.0.1-SNAPSHOT using Java 17.0.15 with PID 1252531 (/home/gr/cxy/code/Micro-task-Bounty-Platform/backend/target/TaskBountyPlatform-0.0.1-SNAPSHOT.jar started by gr in /home/gr/cxy/code/Micro-task-Bounty-Platform/backend)
2026-06-11T20:53:04.267+08:00 DEBUG 1252531 --- [TaskBountyPlatform] [main] c.f.t.TaskBountyPlatformApplication      : Running with Spring Boot v3.5.14, Spring v6.2.18
2026-06-11T20:53:04.268+08:00  INFO 1252531 --- [TaskBountyPlatform] [main] c.f.t.TaskBountyPlatformApplication      : No active profile set, falling back to 1 default profile: "default"
2026-06-11T20:53:05.673+08:00  INFO 1252531 --- [TaskBountyPlatform] [main] .s.d.r.c.RepositoryConfigurationDelegate : Bootstrapping Spring Data JPA repositories in DEFAULT mode.
2026-06-11T20:53:05.784+08:00  INFO 1252531 --- [TaskBountyPlatform] [main] .s.d.r.c.RepositoryConfigurationDelegate : Finished Spring Data repository scanning in 98 ms. Found 18 JPA repository interfaces.
2026-06-11T20:53:06.579+08:00  INFO 1252531 --- [TaskBountyPlatform] [main] o.s.b.w.embedded.tomcat.TomcatWebServer  : Tomcat initialized with port 8080 (http)
2026-06-11T20:53:06.596+08:00  INFO 1252531 --- [TaskBountyPlatform] [main] o.apache.catalina.core.StandardService   : Starting service [Tomcat]
2026-06-11T20:53:06.596+08:00  INFO 1252531 --- [TaskBountyPlatform] [main] o.apache.catalina.core.StandardEngine    : Starting Servlet engine: [Apache Tomcat/10.1.54]
2026-06-11T20:53:06.629+08:00  INFO 1252531 --- [TaskBountyPlatform] [main] o.a.c.c.C.[Tomcat].[localhost].[/]       : Initializing Spring embedded WebApplicationContext
2026-06-11T20:53:06.630+08:00  INFO 1252531 --- [TaskBountyPlatform] [main] w.s.c.ServletWebServerApplicationContext : Root WebApplicationContext: initialization completed in 2304 ms
2026-06-11T20:53:06.969+08:00  INFO 1252531 --- [TaskBountyPlatform] [main] o.hibernate.jpa.internal.util.LogHelper  : HHH000204: Processing PersistenceUnitInfo [name: default]
2026-06-11T20:53:07.026+08:00  INFO 1252531 --- [TaskBountyPlatform] [main] org.hibernate.Version                    : HHH000412: Hibernate ORM core version 6.6.49.Final
2026-06-11T20:53:07.065+08:00  INFO 1252531 --- [TaskBountyPlatform] [main] o.h.c.internal.RegionFactoryInitiator    : HHH000026: Second-level cache disabled
2026-06-11T20:53:07.323+08:00  INFO 1252531 --- [TaskBountyPlatform] [main] o.s.o.j.p.SpringPersistenceUnitInfo      : No LoadTimeWeaver setup: ignoring JPA class transformer
2026-06-11T20:53:07.353+08:00  INFO 1252531 --- [TaskBountyPlatform] [main] com.zaxxer.hikari.HikariDataSource       : HikariPool-1 - Starting...
2026-06-11T20:53:07.717+08:00  INFO 1252531 --- [TaskBountyPlatform] [main] com.zaxxer.hikari.pool.HikariPool        : HikariPool-1 - Added connection com.mysql.cj.jdbc.ConnectionImpl@56d742ad
2026-06-11T20:53:07.720+08:00  INFO 1252531 --- [TaskBountyPlatform] [main] com.zaxxer.hikari.HikariDataSource       : HikariPool-1 - Start completed.
2026-06-11T20:53:07.786+08:00  WARN 1252531 --- [TaskBountyPlatform] [main] org.hibernate.orm.deprecation            : HHH90000025: MySQLDialect does not need to be specified explicitly using 'hibernate.dialect' (remove the property setting and it will be selected by default)
2026-06-11T20:53:07.812+08:00  INFO 1252531 --- [TaskBountyPlatform] [main] org.hibernate.orm.connections.pooling    : HHH10001005: Database info:
	Database JDBC URL [Connecting through datasource 'HikariDataSource (HikariPool-1)']
	Database driver: undefined/unknown
	Database version: 8.0.42
	Autocommit mode: undefined/unknown
	Isolation level: undefined/unknown
	Minimum pool size: undefined/unknown
	Maximum pool size: undefined/unknown
2026-06-11T20:53:09.066+08:00  INFO 1252531 --- [TaskBountyPlatform] [main] o.h.e.t.j.p.i.JtaPlatformInitiator       : HHH000489: No JTA platform available (set 'hibernate.transaction.jta.platform' to enable JTA platform integration)
2026-06-11T20:53:09.261+08:00  WARN 1252531 --- [TaskBountyPlatform] [main] o.h.t.s.i.ExceptionHandlerLoggedImpl     : GenerationTarget encountered exception accepting command : Error executing DDL "
    alter table system_configs 
       modify column config_value varchar(500) not null" via JDBC [Data truncation: Data too long for column 'config_value' at row 1]

org.hibernate.tool.schema.spi.CommandAcceptanceException: Error executing DDL "
    alter table system_configs 
       modify column config_value varchar(500) not null" via JDBC [Data truncation: Data too long for column 'config_value' at row 1]
	at org.hibernate.tool.schema.internal.exec.GenerationTargetToDatabase.accept(GenerationTargetToDatabase.java:94) ~[hibernate-core-6.6.49.Final.jar!/:6.6.49.Final]
	at org.hibernate.tool.schema.internal.AbstractSchemaMigrator.applySqlString(AbstractSchemaMigrator.java:576) ~[hibernate-core-6.6.49.Final.jar!/:6.6.49.Final]
	at org.hibernate.tool.schema.internal.AbstractSchemaMigrator.applySqlStrings(AbstractSchemaMigrator.java:516) ~[hibernate-core-6.6.49.Final.jar!/:6.6.49.Final]
	at org.hibernate.tool.schema.internal.AbstractSchemaMigrator.migrateTable(AbstractSchemaMigrator.java:334) ~[hibernate-core-6.6.49.Final.jar!/:6.6.49.Final]
	at org.hibernate.tool.schema.internal.GroupedSchemaMigratorImpl.performTablesMigration(GroupedSchemaMigratorImpl.java:84) ~[hibernate-core-6.6.49.Final.jar!/:6.6.49.Final]
	at org.hibernate.tool.schema.internal.AbstractSchemaMigrator.performMigration(AbstractSchemaMigrator.java:233) ~[hibernate-core-6.6.49.Final.jar!/:6.6.49.Final]
	at org.hibernate.tool.schema.internal.AbstractSchemaMigrator.doMigration(AbstractSchemaMigrator.java:112) ~[hibernate-core-6.6.49.Final.jar!/:6.6.49.Final]
	at org.hibernate.tool.schema.spi.SchemaManagementToolCoordinator.performDatabaseAction(SchemaManagementToolCoordinator.java:280) ~[hibernate-core-6.6.49.Final.jar!/:6.6.49.Final]
	at org.hibernate.tool.schema.spi.SchemaManagementToolCoordinator.lambda$process$5(SchemaManagementToolCoordinator.java:144) ~[hibernate-core-6.6.49.Final.jar!/:6.6.49.Final]
	at java.base/java.util.HashMap.forEach(HashMap.java:1421) ~[na:na]
	at org.hibernate.tool.schema.spi.SchemaManagementToolCoordinator.process(SchemaManagementToolCoordinator.java:141) ~[hibernate-core-6.6.49.Final.jar!/:6.6.49.Final]
	at org.hibernate.boot.internal.SessionFactoryObserverForSchemaExport.sessionFactoryCreated(SessionFactoryObserverForSchemaExport.java:37) ~[hibernate-core-6.6.49.Final.jar!/:6.6.49.Final]
	at org.hibernate.internal.SessionFactoryObserverChain.sessionFactoryCreated(SessionFactoryObserverChain.java:35) ~[hibernate-core-6.6.49.Final.jar!/:6.6.49.Final]
	at org.hibernate.internal.SessionFactoryImpl.<init>(SessionFactoryImpl.java:324) ~[hibernate-core-6.6.49.Final.jar!/:6.6.49.Final]
	at org.hibernate.boot.internal.SessionFactoryBuilderImpl.build(SessionFactoryBuilderImpl.java:463) ~[hibernate-core-6.6.49.Final.jar!/:6.6.49.Final]
	at org.hibernate.jpa.boot.internal.EntityManagerFactoryBuilderImpl.build(EntityManagerFactoryBuilderImpl.java:1517) ~[hibernate-core-6.6.49.Final.jar!/:6.6.49.Final]
	at org.springframework.orm.jpa.vendor.SpringHibernateJpaPersistenceProvider.createContainerEntityManagerFactory(SpringHibernateJpaPersistenceProvider.java:66) ~[spring-orm-6.2.18.jar!/:6.2.18]
	at org.springframework.orm.jpa.LocalContainerEntityManagerFactoryBean.createNativeEntityManagerFactory(LocalContainerEntityManagerFactoryBean.java:388) ~[spring-orm-6.2.18.jar!/:6.2.18]
	at org.springframework.orm.jpa.AbstractEntityManagerFactoryBean.buildNativeEntityManagerFactory(AbstractEntityManagerFactoryBean.java:419) ~[spring-orm-6.2.18.jar!/:6.2.18]
	at org.springframework.orm.jpa.AbstractEntityManagerFactoryBean.afterPropertiesSet(AbstractEntityManagerFactoryBean.java:400) ~[spring-orm-6.2.18.jar!/:6.2.18]
	at org.springframework.orm.jpa.LocalContainerEntityManagerFactoryBean.afterPropertiesSet(LocalContainerEntityManagerFactoryBean.java:364) ~[spring-orm-6.2.18.jar!/:6.2.18]
	at org.springframework.beans.factory.support.AbstractAutowireCapableBeanFactory.invokeInitMethods(AbstractAutowireCapableBeanFactory.java:1873) ~[spring-beans-6.2.18.jar!/:6.2.18]
	at org.springframework.beans.factory.support.AbstractAutowireCapableBeanFactory.initializeBean(AbstractAutowireCapableBeanFactory.java:1822) ~[spring-beans-6.2.18.jar!/:6.2.18]
	at org.springframework.beans.factory.support.AbstractAutowireCapableBeanFactory.doCreateBean(AbstractAutowireCapableBeanFactory.java:607) ~[spring-beans-6.2.18.jar!/:6.2.18]
	at org.springframework.beans.factory.support.AbstractAutowireCapableBeanFactory.createBean(AbstractAutowireCapableBeanFactory.java:529) ~[spring-beans-6.2.18.jar!/:6.2.18]
	at org.springframework.beans.factory.support.AbstractBeanFactory.lambda$doGetBean$0(AbstractBeanFactory.java:339) ~[spring-beans-6.2.18.jar!/:6.2.18]
	at org.springframework.beans.factory.support.DefaultSingletonBeanRegistry.getSingleton(DefaultSingletonBeanRegistry.java:373) ~[spring-beans-6.2.18.jar!/:6.2.18]
	at org.springframework.beans.factory.support.AbstractBeanFactory.doGetBean(AbstractBeanFactory.java:337) ~[spring-beans-6.2.18.jar!/:6.2.18]
	at org.springframework.beans.factory.support.AbstractBeanFactory.getBean(AbstractBeanFactory.java:202) ~[spring-beans-6.2.18.jar!/:6.2.18]
	at org.springframework.beans.factory.support.BeanDefinitionValueResolver.resolveReference(BeanDefinitionValueResolver.java:365) ~[spring-beans-6.2.18.jar!/:6.2.18]
	at org.springframework.beans.factory.support.BeanDefinitionValueResolver.resolveValueIfNecessary(BeanDefinitionValueResolver.java:135) ~[spring-beans-6.2.18.jar!/:6.2.18]
	at org.springframework.beans.factory.support.ConstructorResolver.resolveConstructorArguments(ConstructorResolver.java:691) ~[spring-beans-6.2.18.jar!/:6.2.18]
	at org.springframework.beans.factory.support.ConstructorResolver.instantiateUsingFactoryMethod(ConstructorResolver.java:513) ~[spring-beans-6.2.18.jar!/:6.2.18]
	at org.springframework.beans.factory.support.AbstractAutowireCapableBeanFactory.instantiateUsingFactoryMethod(AbstractAutowireCapableBeanFactory.java:1375) ~[spring-beans-6.2.18.jar!/:6.2.18]
	at org.springframework.beans.factory.support.AbstractAutowireCapableBeanFactory.createBeanInstance(AbstractAutowireCapableBeanFactory.java:1205) ~[spring-beans-6.2.18.jar!/:6.2.18]
	at org.springframework.beans.factory.support.AbstractAutowireCapableBeanFactory.doCreateBean(AbstractAutowireCapableBeanFactory.java:569) ~[spring-beans-6.2.18.jar!/:6.2.18]
	at org.springframework.beans.factory.support.AbstractAutowireCapableBeanFactory.createBean(AbstractAutowireCapableBeanFactory.java:529) ~[spring-beans-6.2.18.jar!/:6.2.18]
	at org.springframework.beans.factory.support.AbstractBeanFactory.lambda$doGetBean$0(AbstractBeanFactory.java:339) ~[spring-beans-6.2.18.jar!/:6.2.18]
	at org.springframework.beans.factory.support.DefaultSingletonBeanRegistry.getSingleton(DefaultSingletonBeanRegistry.java:373) ~[spring-beans-6.2.18.jar!/:6.2.18]
	at org.springframework.beans.factory.support.AbstractBeanFactory.doGetBean(AbstractBeanFactory.java:337) ~[spring-beans-6.2.18.jar!/:6.2.18]
	at org.springframework.beans.factory.support.AbstractBeanFactory.getBean(AbstractBeanFactory.java:202) ~[spring-beans-6.2.18.jar!/:6.2.18]
	at org.springframework.beans.factory.support.BeanDefinitionValueResolver.resolveReference(BeanDefinitionValueResolver.java:365) ~[spring-beans-6.2.18.jar!/:6.2.18]
	at org.springframework.beans.factory.support.BeanDefinitionValueResolver.resolveValueIfNecessary(BeanDefinitionValueResolver.java:135) ~[spring-beans-6.2.18.jar!/:6.2.18]
	at org.springframework.beans.factory.support.AbstractAutowireCapableBeanFactory.applyPropertyValues(AbstractAutowireCapableBeanFactory.java:1725) ~[spring-beans-6.2.18.jar!/:6.2.18]
	at org.springframework.beans.factory.support.AbstractAutowireCapableBeanFactory.populateBean(AbstractAutowireCapableBeanFactory.java:1474) ~[spring-beans-6.2.18.jar!/:6.2.18]
	at org.springframework.beans.factory.support.AbstractAutowireCapableBeanFactory.doCreateBean(AbstractAutowireCapableBeanFactory.java:606) ~[spring-beans-6.2.18.jar!/:6.2.18]
	at org.springframework.beans.factory.support.AbstractAutowireCapableBeanFactory.createBean(AbstractAutowireCapableBeanFactory.java:529) ~[spring-beans-6.2.18.jar!/:6.2.18]
	at org.springframework.beans.factory.support.AbstractBeanFactory.lambda$doGetBean$0(AbstractBeanFactory.java:339) ~[spring-beans-6.2.18.jar!/:6.2.18]
	at org.springframework.beans.factory.support.DefaultSingletonBeanRegistry.getSingleton(DefaultSingletonBeanRegistry.java:373) ~[spring-beans-6.2.18.jar!/:6.2.18]
	at org.springframework.beans.factory.support.AbstractBeanFactory.doGetBean(AbstractBeanFactory.java:337) ~[spring-beans-6.2.18.jar!/:6.2.18]
	at org.springframework.beans.factory.support.AbstractBeanFactory.getBean(AbstractBeanFactory.java:202) ~[spring-beans-6.2.18.jar!/:6.2.18]
	at org.springframework.beans.factory.support.DefaultListableBeanFactory.doResolveDependency(DefaultListableBeanFactory.java:1708) ~[spring-beans-6.2.18.jar!/:6.2.18]
	at org.springframework.beans.factory.support.DefaultListableBeanFactory.resolveDependency(DefaultListableBeanFactory.java:1653) ~[spring-beans-6.2.18.jar!/:6.2.18]
	at org.springframework.beans.factory.support.ConstructorResolver.resolveAutowiredArgument(ConstructorResolver.java:913) ~[spring-beans-6.2.18.jar!/:6.2.18]
	at org.springframework.beans.factory.support.ConstructorResolver.createArgumentArray(ConstructorResolver.java:791) ~[spring-beans-6.2.18.jar!/:6.2.18]
	at org.springframework.beans.factory.support.ConstructorResolver.autowireConstructor(ConstructorResolver.java:240) ~[spring-beans-6.2.18.jar!/:6.2.18]
	at org.springframework.beans.factory.support.AbstractAutowireCapableBeanFactory.autowireConstructor(AbstractAutowireCapableBeanFactory.java:1395) ~[spring-beans-6.2.18.jar!/:6.2.18]
	at org.springframework.beans.factory.support.AbstractAutowireCapableBeanFactory.createBeanInstance(AbstractAutowireCapableBeanFactory.java:1232) ~[spring-beans-6.2.18.jar!/:6.2.18]
	at org.springframework.beans.factory.support.AbstractAutowireCapableBeanFactory.doCreateBean(AbstractAutowireCapableBeanFactory.java:569) ~[spring-beans-6.2.18.jar!/:6.2.18]
	at org.springframework.beans.factory.support.AbstractAutowireCapableBeanFactory.createBean(AbstractAutowireCapableBeanFactory.java:529) ~[spring-beans-6.2.18.jar!/:6.2.18]
	at org.springframework.beans.factory.support.AbstractBeanFactory.lambda$doGetBean$0(AbstractBeanFactory.java:339) ~[spring-beans-6.2.18.jar!/:6.2.18]
	at org.springframework.beans.factory.support.DefaultSingletonBeanRegistry.getSingleton(DefaultSingletonBeanRegistry.java:373) ~[spring-beans-6.2.18.jar!/:6.2.18]
	at org.springframework.beans.factory.support.AbstractBeanFactory.doGetBean(AbstractBeanFactory.java:337) ~[spring-beans-6.2.18.jar!/:6.2.18]
	at org.springframework.beans.factory.support.AbstractBeanFactory.getBean(AbstractBeanFactory.java:207) ~[spring-beans-6.2.18.jar!/:6.2.18]
	at org.springframework.boot.web.servlet.ServletContextInitializerBeans.getOrderedBeansOfType(ServletContextInitializerBeans.java:230) ~[spring-boot-3.5.14.jar!/:3.5.14]
	at org.springframework.boot.web.servlet.ServletContextInitializerBeans.addAsRegistrationBean(ServletContextInitializerBeans.java:184) ~[spring-boot-3.5.14.jar!/:3.5.14]
	at org.springframework.boot.web.servlet.ServletContextInitializerBeans.addAsRegistrationBean(ServletContextInitializerBeans.java:179) ~[spring-boot-3.5.14.jar!/:3.5.14]
	at org.springframework.boot.web.servlet.ServletContextInitializerBeans.addAdaptableBeans(ServletContextInitializerBeans.java:164) ~[spring-boot-3.5.14.jar!/:3.5.14]
	at org.springframework.boot.web.servlet.ServletContextInitializerBeans.<init>(ServletContextInitializerBeans.java:96) ~[spring-boot-3.5.14.jar!/:3.5.14]
	at org.springframework.boot.web.servlet.context.ServletWebServerApplicationContext.getServletContextInitializerBeans(ServletWebServerApplicationContext.java:271) ~[spring-boot-3.5.14.jar!/:3.5.14]
	at org.springframework.boot.web.servlet.context.ServletWebServerApplicationContext.selfInitialize(ServletWebServerApplicationContext.java:245) ~[spring-boot-3.5.14.jar!/:3.5.14]
	at org.springframework.boot.web.embedded.tomcat.TomcatStarter.onStartup(TomcatStarter.java:52) ~[spring-boot-3.5.14.jar!/:3.5.14]
	at org.apache.catalina.core.StandardContext.startInternal(StandardContext.java:4452) ~[tomcat-embed-core-10.1.54.jar!/:na]
	at org.apache.catalina.util.LifecycleBase.start(LifecycleBase.java:164) ~[tomcat-embed-core-10.1.54.jar!/:na]
	at org.apache.catalina.core.ContainerBase$StartChild.call(ContainerBase.java:1201) ~[tomcat-embed-core-10.1.54.jar!/:na]
	at org.apache.catalina.core.ContainerBase$StartChild.call(ContainerBase.java:1191) ~[tomcat-embed-core-10.1.54.jar!/:na]
	at java.base/java.util.concurrent.FutureTask.run(FutureTask.java:264) ~[na:na]
	at org.apache.tomcat.util.threads.InlineExecutorService.execute(InlineExecutorService.java:81) ~[tomcat-embed-core-10.1.54.jar!/:na]
	at java.base/java.util.concurrent.AbstractExecutorService.submit(AbstractExecutorService.java:145) ~[na:na]
	at org.apache.catalina.core.ContainerBase.startInternal(ContainerBase.java:747) ~[tomcat-embed-core-10.1.54.jar!/:na]
	at org.apache.catalina.core.StandardHost.startInternal(StandardHost.java:783) ~[tomcat-embed-core-10.1.54.jar!/:na]
	at org.apache.catalina.util.LifecycleBase.start(LifecycleBase.java:164) ~[tomcat-embed-core-10.1.54.jar!/:na]
	at org.apache.catalina.core.ContainerBase$StartChild.call(ContainerBase.java:1201) ~[tomcat-embed-core-10.1.54.jar!/:na]
	at org.apache.catalina.core.ContainerBase$StartChild.call(ContainerBase.java:1191) ~[tomcat-embed-core-10.1.54.jar!/:na]
	at java.base/java.util.concurrent.FutureTask.run(FutureTask.java:264) ~[na:na]
	at org.apache.tomcat.util.threads.InlineExecutorService.execute(InlineExecutorService.java:81) ~[tomcat-embed-core-10.1.54.jar!/:na]
	at java.base/java.util.concurrent.AbstractExecutorService.submit(AbstractExecutorService.java:145) ~[na:na]
	at org.apache.catalina.core.ContainerBase.startInternal(ContainerBase.java:747) ~[tomcat-embed-core-10.1.54.jar!/:na]
	at org.apache.catalina.core.StandardEngine.startInternal(StandardEngine.java:201) ~[tomcat-embed-core-10.1.54.jar!/:na]
	at org.apache.catalina.util.LifecycleBase.start(LifecycleBase.java:164) ~[tomcat-embed-core-10.1.54.jar!/:na]
	at org.apache.catalina.core.StandardService.startInternal(StandardService.java:410) ~[tomcat-embed-core-10.1.54.jar!/:na]
	at org.apache.catalina.util.LifecycleBase.start(LifecycleBase.java:164) ~[tomcat-embed-core-10.1.54.jar!/:na]
	at org.apache.catalina.core.StandardServer.startInternal(StandardServer.java:868) ~[tomcat-embed-core-10.1.54.jar!/:na]
	at org.apache.catalina.util.LifecycleBase.start(LifecycleBase.java:164) ~[tomcat-embed-core-10.1.54.jar!/:na]
	at org.apache.catalina.startup.Tomcat.start(Tomcat.java:436) ~[tomcat-embed-core-10.1.54.jar!/:na]
	at org.springframework.boot.web.embedded.tomcat.TomcatWebServer.initialize(TomcatWebServer.java:128) ~[spring-boot-3.5.14.jar!/:3.5.14]
	at org.springframework.boot.web.embedded.tomcat.TomcatWebServer.<init>(TomcatWebServer.java:107) ~[spring-boot-3.5.14.jar!/:3.5.14]
	at org.springframework.boot.web.embedded.tomcat.TomcatServletWebServerFactory.getTomcatWebServer(TomcatServletWebServerFactory.java:517) ~[spring-boot-3.5.14.jar!/:3.5.14]
	at org.springframework.boot.web.embedded.tomcat.TomcatServletWebServerFactory.getWebServer(TomcatServletWebServerFactory.java:219) ~[spring-boot-3.5.14.jar!/:3.5.14]
	at org.springframework.boot.web.servlet.context.ServletWebServerApplicationContext.createWebServer(ServletWebServerApplicationContext.java:193) ~[spring-boot-3.5.14.jar!/:3.5.14]
	at org.springframework.boot.web.servlet.context.ServletWebServerApplicationContext.onRefresh(ServletWebServerApplicationContext.java:167) ~[spring-boot-3.5.14.jar!/:3.5.14]
	at org.springframework.context.support.AbstractApplicationContext.refresh(AbstractApplicationContext.java:622) ~[spring-context-6.2.18.jar!/:6.2.18]
	at org.springframework.boot.web.servlet.context.ServletWebServerApplicationContext.refresh(ServletWebServerApplicationContext.java:146) ~[spring-boot-3.5.14.jar!/:3.5.14]
	at org.springframework.boot.SpringApplication.refresh(SpringApplication.java:752) ~[spring-boot-3.5.14.jar!/:3.5.14]
	at org.springframework.boot.SpringApplication.refreshContext(SpringApplication.java:439) ~[spring-boot-3.5.14.jar!/:3.5.14]
	at org.springframework.boot.SpringApplication.run(SpringApplication.java:318) ~[spring-boot-3.5.14.jar!/:3.5.14]
	at org.springframework.boot.SpringApplication.run(SpringApplication.java:1361) ~[spring-boot-3.5.14.jar!/:3.5.14]
	at org.springframework.boot.SpringApplication.run(SpringApplication.java:1350) ~[spring-boot-3.5.14.jar!/:3.5.14]
	at com.firstteam.taskbountyplatform.TaskBountyPlatformApplication.main(TaskBountyPlatformApplication.java:14) ~[!/:0.0.1-SNAPSHOT]
	at java.base/jdk.internal.reflect.NativeMethodAccessorImpl.invoke0(Native Method) ~[na:na]
	at java.base/jdk.internal.reflect.NativeMethodAccessorImpl.invoke(NativeMethodAccessorImpl.java:77) ~[na:na]
	at java.base/jdk.internal.reflect.DelegatingMethodAccessorImpl.invoke(DelegatingMethodAccessorImpl.java:43) ~[na:na]
	at java.base/java.lang.reflect.Method.invoke(Method.java:569) ~[na:na]
	at org.springframework.boot.loader.launch.Launcher.launch(Launcher.java:106) ~[TaskBountyPlatform-0.0.1-SNAPSHOT.jar:0.0.1-SNAPSHOT]
	at org.springframework.boot.loader.launch.Launcher.launch(Launcher.java:64) ~[TaskBountyPlatform-0.0.1-SNAPSHOT.jar:0.0.1-SNAPSHOT]
	at org.springframework.boot.loader.launch.JarLauncher.main(JarLauncher.java:40) ~[TaskBountyPlatform-0.0.1-SNAPSHOT.jar:0.0.1-SNAPSHOT]
Caused by: com.mysql.cj.jdbc.exceptions.MysqlDataTruncation: Data truncation: Data too long for column 'config_value' at row 1
	at com.mysql.cj.jdbc.exceptions.SQLExceptionsMapping.translateException(SQLExceptionsMapping.java:96) ~[mysql-connector-j-9.7.0.jar!/:9.7.0]
	at com.mysql.cj.jdbc.StatementImpl.executeInternal(StatementImpl.java:839) ~[mysql-connector-j-9.7.0.jar!/:9.7.0]
	at com.mysql.cj.jdbc.StatementImpl.execute(StatementImpl.java:687) ~[mysql-connector-j-9.7.0.jar!/:9.7.0]
	at com.zaxxer.hikari.pool.ProxyStatement.execute(ProxyStatement.java:95) ~[HikariCP-6.3.3.jar!/:na]
	at com.zaxxer.hikari.pool.HikariProxyStatement.execute(HikariProxyStatement.java) ~[HikariCP-6.3.3.jar!/:na]
	at org.hibernate.tool.schema.internal.exec.GenerationTargetToDatabase.accept(GenerationTargetToDatabase.java:80) ~[hibernate-core-6.6.49.Final.jar!/:6.6.49.Final]
	... 115 common frames omitted

2026-06-11T20:53:09.313+08:00  INFO 1252531 --- [TaskBountyPlatform] [main] j.LocalContainerEntityManagerFactoryBean : Initialized JPA EntityManagerFactory for persistence unit 'default'
2026-06-11T20:53:09.629+08:00  INFO 1252531 --- [TaskBountyPlatform] [main] o.s.d.j.r.query.QueryEnhancerFactory     : Hibernate is in classpath; If applicable, HQL parser will be used.
2026-06-11T20:53:10.214+08:00 DEBUG 1252531 --- [TaskBountyPlatform] [main] c.f.t.a.s.JwtAuthenticationFilter        : Filter 'jwtAuthenticationFilter' configured for use
2026-06-11T20:53:11.217+08:00  WARN 1252531 --- [TaskBountyPlatform] [main] JpaBaseConfiguration$JpaWebConfiguration : spring.jpa.open-in-view is enabled by default. Therefore, database queries may be performed during view rendering. Explicitly configure spring.jpa.open-in-view to disable this warning
2026-06-11T20:53:11.259+08:00  INFO 1252531 --- [TaskBountyPlatform] [main] o.s.b.a.w.s.WelcomePageHandlerMapping    : Adding welcome page: class path resource [static/index.html]
2026-06-11T20:53:11.659+08:00  INFO 1252531 --- [TaskBountyPlatform] [main] o.s.b.a.e.web.EndpointLinksResolver      : Exposing 4 endpoints beneath base path '/actuator'
2026-06-11T20:53:11.718+08:00  WARN 1252531 --- [TaskBountyPlatform] [main] .s.s.UserDetailsServiceAutoConfiguration : 

Using generated security password: 04c14fd2-992d-473c-a7d6-7597d76ac786

This generated password is for development use only. Your security configuration must be updated before running your application in production.

2026-06-11T20:53:11.733+08:00  INFO 1252531 --- [TaskBountyPlatform] [main] r$InitializeUserDetailsManagerConfigurer : Global AuthenticationManager configured with UserDetailsService bean with name inMemoryUserDetailsManager
2026-06-11T20:53:12.325+08:00  INFO 1252531 --- [TaskBountyPlatform] [main] o.s.b.w.embedded.tomcat.TomcatWebServer  : Tomcat started on port 8080 (http) with context path '/'
2026-06-11T20:53:12.356+08:00  INFO 1252531 --- [TaskBountyPlatform] [main] c.f.t.TaskBountyPlatformApplication      : Started TaskBountyPlatformApplication in 8.742 seconds (process running for 9.284)
2026-06-11T20:53:20.076+08:00  INFO 1252531 --- [TaskBountyPlatform] [http-nio-8080-exec-1] o.a.c.c.C.[Tomcat].[localhost].[/]       : Initializing Spring DispatcherServlet 'dispatcherServlet'
2026-06-11T20:53:20.076+08:00  INFO 1252531 --- [TaskBountyPlatform] [http-nio-8080-exec-1] o.s.web.servlet.DispatcherServlet        : Initializing Servlet 'dispatcherServlet'
2026-06-11T20:53:20.078+08:00  INFO 1252531 --- [TaskBountyPlatform] [http-nio-8080-exec-1] o.s.web.servlet.DispatcherServlet        : Completed initialization in 1 ms
2026-06-11T20:54:10.959+08:00  INFO 1252531 --- [TaskBountyPlatform] [SpringApplicationShutdownHook] o.s.b.w.e.tomcat.GracefulShutdown        : Commencing graceful shutdown. Waiting for active requests to complete
2026-06-11T20:54:10.963+08:00  INFO 1252531 --- [TaskBountyPlatform] [tomcat-shutdown] o.s.b.w.e.tomcat.GracefulShutdown        : Graceful shutdown complete
2026-06-11T20:54:10.978+08:00  INFO 1252531 --- [TaskBountyPlatform] [SpringApplicationShutdownHook] j.LocalContainerEntityManagerFactoryBean : Closing JPA EntityManagerFactory for persistence unit 'default'
2026-06-11T20:54:10.983+08:00  INFO 1252531 --- [TaskBountyPlatform] [SpringApplicationShutdownHook] com.zaxxer.hikari.HikariDataSource       : HikariPool-1 - Shutdown initiated...
2026-06-11T20:54:10.993+08:00  INFO 1252531 --- [TaskBountyPlatform] [SpringApplicationShutdownHook] com.zaxxer.hikari.HikariDataSource       : HikariPool-1 - Shutdown completed.
2026-06-11T21:02:32.147+08:00  INFO 1601903 --- [TaskBountyPlatform] [main] c.f.t.TaskBountyPlatformApplication      : Starting TaskBountyPlatformApplication v0.0.1-SNAPSHOT using Java 17.0.15 with PID 1601903 (/home/gr/cxy/code/Micro-task-Bounty-Platform/backend/target/TaskBountyPlatform-0.0.1-SNAPSHOT.jar started by gr in /home/gr/cxy/code/Micro-task-Bounty-Platform/backend)
2026-06-11T21:02:32.148+08:00 DEBUG 1601903 --- [TaskBountyPlatform] [main] c.f.t.TaskBountyPlatformApplication      : Running with Spring Boot v3.5.14, Spring v6.2.18
2026-06-11T21:02:32.149+08:00  INFO 1601903 --- [TaskBountyPlatform] [main] c.f.t.TaskBountyPlatformApplication      : No active profile set, falling back to 1 default profile: "default"
2026-06-11T21:02:33.454+08:00  INFO 1601903 --- [TaskBountyPlatform] [main] .s.d.r.c.RepositoryConfigurationDelegate : Bootstrapping Spring Data JPA repositories in DEFAULT mode.
2026-06-11T21:02:33.569+08:00  INFO 1601903 --- [TaskBountyPlatform] [main] .s.d.r.c.RepositoryConfigurationDelegate : Finished Spring Data repository scanning in 107 ms. Found 18 JPA repository interfaces.
2026-06-11T21:02:34.323+08:00  INFO 1601903 --- [TaskBountyPlatform] [main] o.s.b.w.embedded.tomcat.TomcatWebServer  : Tomcat initialized with port 8080 (http)
2026-06-11T21:02:34.338+08:00  INFO 1601903 --- [TaskBountyPlatform] [main] o.apache.catalina.core.StandardService   : Starting service [Tomcat]
2026-06-11T21:02:34.338+08:00  INFO 1601903 --- [TaskBountyPlatform] [main] o.apache.catalina.core.StandardEngine    : Starting Servlet engine: [Apache Tomcat/10.1.54]
2026-06-11T21:02:34.371+08:00  INFO 1601903 --- [TaskBountyPlatform] [main] o.a.c.c.C.[Tomcat].[localhost].[/]       : Initializing Spring embedded WebApplicationContext
2026-06-11T21:02:34.372+08:00  INFO 1601903 --- [TaskBountyPlatform] [main] w.s.c.ServletWebServerApplicationContext : Root WebApplicationContext: initialization completed in 2178 ms
2026-06-11T21:02:34.704+08:00  INFO 1601903 --- [TaskBountyPlatform] [main] o.hibernate.jpa.internal.util.LogHelper  : HHH000204: Processing PersistenceUnitInfo [name: default]
2026-06-11T21:02:34.761+08:00  INFO 1601903 --- [TaskBountyPlatform] [main] org.hibernate.Version                    : HHH000412: Hibernate ORM core version 6.6.49.Final
2026-06-11T21:02:34.798+08:00  INFO 1601903 --- [TaskBountyPlatform] [main] o.h.c.internal.RegionFactoryInitiator    : HHH000026: Second-level cache disabled
2026-06-11T21:02:35.056+08:00  INFO 1601903 --- [TaskBountyPlatform] [main] o.s.o.j.p.SpringPersistenceUnitInfo      : No LoadTimeWeaver setup: ignoring JPA class transformer
2026-06-11T21:02:35.089+08:00  INFO 1601903 --- [TaskBountyPlatform] [main] com.zaxxer.hikari.HikariDataSource       : HikariPool-1 - Starting...
2026-06-11T21:02:35.402+08:00  INFO 1601903 --- [TaskBountyPlatform] [main] com.zaxxer.hikari.pool.HikariPool        : HikariPool-1 - Added connection com.mysql.cj.jdbc.ConnectionImpl@44a485bc
2026-06-11T21:02:35.404+08:00  INFO 1601903 --- [TaskBountyPlatform] [main] com.zaxxer.hikari.HikariDataSource       : HikariPool-1 - Start completed.
2026-06-11T21:02:35.464+08:00  WARN 1601903 --- [TaskBountyPlatform] [main] org.hibernate.orm.deprecation            : HHH90000025: MySQLDialect does not need to be specified explicitly using 'hibernate.dialect' (remove the property setting and it will be selected by default)
2026-06-11T21:02:35.486+08:00  INFO 1601903 --- [TaskBountyPlatform] [main] org.hibernate.orm.connections.pooling    : HHH10001005: Database info:
	Database JDBC URL [Connecting through datasource 'HikariDataSource (HikariPool-1)']
	Database driver: undefined/unknown
	Database version: 8.0.42
	Autocommit mode: undefined/unknown
	Isolation level: undefined/unknown
	Minimum pool size: undefined/unknown
	Maximum pool size: undefined/unknown
2026-06-11T21:02:36.605+08:00  INFO 1601903 --- [TaskBountyPlatform] [main] o.h.e.t.j.p.i.JtaPlatformInitiator       : HHH000489: No JTA platform available (set 'hibernate.transaction.jta.platform' to enable JTA platform integration)
2026-06-11T21:02:36.797+08:00  WARN 1601903 --- [TaskBountyPlatform] [main] o.h.t.s.i.ExceptionHandlerLoggedImpl     : GenerationTarget encountered exception accepting command : Error executing DDL "
    alter table system_configs 
       modify column config_value varchar(500) not null" via JDBC [Data truncation: Data too long for column 'config_value' at row 1]

org.hibernate.tool.schema.spi.CommandAcceptanceException: Error executing DDL "
    alter table system_configs 
       modify column config_value varchar(500) not null" via JDBC [Data truncation: Data too long for column 'config_value' at row 1]
	at org.hibernate.tool.schema.internal.exec.GenerationTargetToDatabase.accept(GenerationTargetToDatabase.java:94) ~[hibernate-core-6.6.49.Final.jar!/:6.6.49.Final]
	at org.hibernate.tool.schema.internal.AbstractSchemaMigrator.applySqlString(AbstractSchemaMigrator.java:576) ~[hibernate-core-6.6.49.Final.jar!/:6.6.49.Final]
	at org.hibernate.tool.schema.internal.AbstractSchemaMigrator.applySqlStrings(AbstractSchemaMigrator.java:516) ~[hibernate-core-6.6.49.Final.jar!/:6.6.49.Final]
	at org.hibernate.tool.schema.internal.AbstractSchemaMigrator.migrateTable(AbstractSchemaMigrator.java:334) ~[hibernate-core-6.6.49.Final.jar!/:6.6.49.Final]
	at org.hibernate.tool.schema.internal.GroupedSchemaMigratorImpl.performTablesMigration(GroupedSchemaMigratorImpl.java:84) ~[hibernate-core-6.6.49.Final.jar!/:6.6.49.Final]
	at org.hibernate.tool.schema.internal.AbstractSchemaMigrator.performMigration(AbstractSchemaMigrator.java:233) ~[hibernate-core-6.6.49.Final.jar!/:6.6.49.Final]
	at org.hibernate.tool.schema.internal.AbstractSchemaMigrator.doMigration(AbstractSchemaMigrator.java:112) ~[hibernate-core-6.6.49.Final.jar!/:6.6.49.Final]
	at org.hibernate.tool.schema.spi.SchemaManagementToolCoordinator.performDatabaseAction(SchemaManagementToolCoordinator.java:280) ~[hibernate-core-6.6.49.Final.jar!/:6.6.49.Final]
	at org.hibernate.tool.schema.spi.SchemaManagementToolCoordinator.lambda$process$5(SchemaManagementToolCoordinator.java:144) ~[hibernate-core-6.6.49.Final.jar!/:6.6.49.Final]
	at java.base/java.util.HashMap.forEach(HashMap.java:1421) ~[na:na]
	at org.hibernate.tool.schema.spi.SchemaManagementToolCoordinator.process(SchemaManagementToolCoordinator.java:141) ~[hibernate-core-6.6.49.Final.jar!/:6.6.49.Final]
	at org.hibernate.boot.internal.SessionFactoryObserverForSchemaExport.sessionFactoryCreated(SessionFactoryObserverForSchemaExport.java:37) ~[hibernate-core-6.6.49.Final.jar!/:6.6.49.Final]
	at org.hibernate.internal.SessionFactoryObserverChain.sessionFactoryCreated(SessionFactoryObserverChain.java:35) ~[hibernate-core-6.6.49.Final.jar!/:6.6.49.Final]
	at org.hibernate.internal.SessionFactoryImpl.<init>(SessionFactoryImpl.java:324) ~[hibernate-core-6.6.49.Final.jar!/:6.6.49.Final]
	at org.hibernate.boot.internal.SessionFactoryBuilderImpl.build(SessionFactoryBuilderImpl.java:463) ~[hibernate-core-6.6.49.Final.jar!/:6.6.49.Final]
	at org.hibernate.jpa.boot.internal.EntityManagerFactoryBuilderImpl.build(EntityManagerFactoryBuilderImpl.java:1517) ~[hibernate-core-6.6.49.Final.jar!/:6.6.49.Final]
	at org.springframework.orm.jpa.vendor.SpringHibernateJpaPersistenceProvider.createContainerEntityManagerFactory(SpringHibernateJpaPersistenceProvider.java:66) ~[spring-orm-6.2.18.jar!/:6.2.18]
	at org.springframework.orm.jpa.LocalContainerEntityManagerFactoryBean.createNativeEntityManagerFactory(LocalContainerEntityManagerFactoryBean.java:388) ~[spring-orm-6.2.18.jar!/:6.2.18]
	at org.springframework.orm.jpa.AbstractEntityManagerFactoryBean.buildNativeEntityManagerFactory(AbstractEntityManagerFactoryBean.java:419) ~[spring-orm-6.2.18.jar!/:6.2.18]
	at org.springframework.orm.jpa.AbstractEntityManagerFactoryBean.afterPropertiesSet(AbstractEntityManagerFactoryBean.java:400) ~[spring-orm-6.2.18.jar!/:6.2.18]
	at org.springframework.orm.jpa.LocalContainerEntityManagerFactoryBean.afterPropertiesSet(LocalContainerEntityManagerFactoryBean.java:364) ~[spring-orm-6.2.18.jar!/:6.2.18]
	at org.springframework.beans.factory.support.AbstractAutowireCapableBeanFactory.invokeInitMethods(AbstractAutowireCapableBeanFactory.java:1873) ~[spring-beans-6.2.18.jar!/:6.2.18]
	at org.springframework.beans.factory.support.AbstractAutowireCapableBeanFactory.initializeBean(AbstractAutowireCapableBeanFactory.java:1822) ~[spring-beans-6.2.18.jar!/:6.2.18]
	at org.springframework.beans.factory.support.AbstractAutowireCapableBeanFactory.doCreateBean(AbstractAutowireCapableBeanFactory.java:607) ~[spring-beans-6.2.18.jar!/:6.2.18]
	at org.springframework.beans.factory.support.AbstractAutowireCapableBeanFactory.createBean(AbstractAutowireCapableBeanFactory.java:529) ~[spring-beans-6.2.18.jar!/:6.2.18]
	at org.springframework.beans.factory.support.AbstractBeanFactory.lambda$doGetBean$0(AbstractBeanFactory.java:339) ~[spring-beans-6.2.18.jar!/:6.2.18]
	at org.springframework.beans.factory.support.DefaultSingletonBeanRegistry.getSingleton(DefaultSingletonBeanRegistry.java:373) ~[spring-beans-6.2.18.jar!/:6.2.18]
	at org.springframework.beans.factory.support.AbstractBeanFactory.doGetBean(AbstractBeanFactory.java:337) ~[spring-beans-6.2.18.jar!/:6.2.18]
	at org.springframework.beans.factory.support.AbstractBeanFactory.getBean(AbstractBeanFactory.java:202) ~[spring-beans-6.2.18.jar!/:6.2.18]
	at org.springframework.beans.factory.support.BeanDefinitionValueResolver.resolveReference(BeanDefinitionValueResolver.java:365) ~[spring-beans-6.2.18.jar!/:6.2.18]
	at org.springframework.beans.factory.support.BeanDefinitionValueResolver.resolveValueIfNecessary(BeanDefinitionValueResolver.java:135) ~[spring-beans-6.2.18.jar!/:6.2.18]
	at org.springframework.beans.factory.support.ConstructorResolver.resolveConstructorArguments(ConstructorResolver.java:691) ~[spring-beans-6.2.18.jar!/:6.2.18]
	at org.springframework.beans.factory.support.ConstructorResolver.instantiateUsingFactoryMethod(ConstructorResolver.java:513) ~[spring-beans-6.2.18.jar!/:6.2.18]
	at org.springframework.beans.factory.support.AbstractAutowireCapableBeanFactory.instantiateUsingFactoryMethod(AbstractAutowireCapableBeanFactory.java:1375) ~[spring-beans-6.2.18.jar!/:6.2.18]
	at org.springframework.beans.factory.support.AbstractAutowireCapableBeanFactory.createBeanInstance(AbstractAutowireCapableBeanFactory.java:1205) ~[spring-beans-6.2.18.jar!/:6.2.18]
	at org.springframework.beans.factory.support.AbstractAutowireCapableBeanFactory.doCreateBean(AbstractAutowireCapableBeanFactory.java:569) ~[spring-beans-6.2.18.jar!/:6.2.18]
	at org.springframework.beans.factory.support.AbstractAutowireCapableBeanFactory.createBean(AbstractAutowireCapableBeanFactory.java:529) ~[spring-beans-6.2.18.jar!/:6.2.18]
	at org.springframework.beans.factory.support.AbstractBeanFactory.lambda$doGetBean$0(AbstractBeanFactory.java:339) ~[spring-beans-6.2.18.jar!/:6.2.18]
	at org.springframework.beans.factory.support.DefaultSingletonBeanRegistry.getSingleton(DefaultSingletonBeanRegistry.java:373) ~[spring-beans-6.2.18.jar!/:6.2.18]
	at org.springframework.beans.factory.support.AbstractBeanFactory.doGetBean(AbstractBeanFactory.java:337) ~[spring-beans-6.2.18.jar!/:6.2.18]
	at org.springframework.beans.factory.support.AbstractBeanFactory.getBean(AbstractBeanFactory.java:202) ~[spring-beans-6.2.18.jar!/:6.2.18]
	at org.springframework.beans.factory.support.BeanDefinitionValueResolver.resolveReference(BeanDefinitionValueResolver.java:365) ~[spring-beans-6.2.18.jar!/:6.2.18]
	at org.springframework.beans.factory.support.BeanDefinitionValueResolver.resolveValueIfNecessary(BeanDefinitionValueResolver.java:135) ~[spring-beans-6.2.18.jar!/:6.2.18]
	at org.springframework.beans.factory.support.AbstractAutowireCapableBeanFactory.applyPropertyValues(AbstractAutowireCapableBeanFactory.java:1725) ~[spring-beans-6.2.18.jar!/:6.2.18]
	at org.springframework.beans.factory.support.AbstractAutowireCapableBeanFactory.populateBean(AbstractAutowireCapableBeanFactory.java:1474) ~[spring-beans-6.2.18.jar!/:6.2.18]
	at org.springframework.beans.factory.support.AbstractAutowireCapableBeanFactory.doCreateBean(AbstractAutowireCapableBeanFactory.java:606) ~[spring-beans-6.2.18.jar!/:6.2.18]
	at org.springframework.beans.factory.support.AbstractAutowireCapableBeanFactory.createBean(AbstractAutowireCapableBeanFactory.java:529) ~[spring-beans-6.2.18.jar!/:6.2.18]
	at org.springframework.beans.factory.support.AbstractBeanFactory.lambda$doGetBean$0(AbstractBeanFactory.java:339) ~[spring-beans-6.2.18.jar!/:6.2.18]
	at org.springframework.beans.factory.support.DefaultSingletonBeanRegistry.getSingleton(DefaultSingletonBeanRegistry.java:373) ~[spring-beans-6.2.18.jar!/:6.2.18]
	at org.springframework.beans.factory.support.AbstractBeanFactory.doGetBean(AbstractBeanFactory.java:337) ~[spring-beans-6.2.18.jar!/:6.2.18]
	at org.springframework.beans.factory.support.AbstractBeanFactory.getBean(AbstractBeanFactory.java:202) ~[spring-beans-6.2.18.jar!/:6.2.18]
	at org.springframework.beans.factory.support.DefaultListableBeanFactory.doResolveDependency(DefaultListableBeanFactory.java:1708) ~[spring-beans-6.2.18.jar!/:6.2.18]
	at org.springframework.beans.factory.support.DefaultListableBeanFactory.resolveDependency(DefaultListableBeanFactory.java:1653) ~[spring-beans-6.2.18.jar!/:6.2.18]
	at org.springframework.beans.factory.support.ConstructorResolver.resolveAutowiredArgument(ConstructorResolver.java:913) ~[spring-beans-6.2.18.jar!/:6.2.18]
	at org.springframework.beans.factory.support.ConstructorResolver.createArgumentArray(ConstructorResolver.java:791) ~[spring-beans-6.2.18.jar!/:6.2.18]
	at org.springframework.beans.factory.support.ConstructorResolver.autowireConstructor(ConstructorResolver.java:240) ~[spring-beans-6.2.18.jar!/:6.2.18]
	at org.springframework.beans.factory.support.AbstractAutowireCapableBeanFactory.autowireConstructor(AbstractAutowireCapableBeanFactory.java:1395) ~[spring-beans-6.2.18.jar!/:6.2.18]
	at org.springframework.beans.factory.support.AbstractAutowireCapableBeanFactory.createBeanInstance(AbstractAutowireCapableBeanFactory.java:1232) ~[spring-beans-6.2.18.jar!/:6.2.18]
	at org.springframework.beans.factory.support.AbstractAutowireCapableBeanFactory.doCreateBean(AbstractAutowireCapableBeanFactory.java:569) ~[spring-beans-6.2.18.jar!/:6.2.18]
	at org.springframework.beans.factory.support.AbstractAutowireCapableBeanFactory.createBean(AbstractAutowireCapableBeanFactory.java:529) ~[spring-beans-6.2.18.jar!/:6.2.18]
	at org.springframework.beans.factory.support.AbstractBeanFactory.lambda$doGetBean$0(AbstractBeanFactory.java:339) ~[spring-beans-6.2.18.jar!/:6.2.18]
	at org.springframework.beans.factory.support.DefaultSingletonBeanRegistry.getSingleton(DefaultSingletonBeanRegistry.java:373) ~[spring-beans-6.2.18.jar!/:6.2.18]
	at org.springframework.beans.factory.support.AbstractBeanFactory.doGetBean(AbstractBeanFactory.java:337) ~[spring-beans-6.2.18.jar!/:6.2.18]
	at org.springframework.beans.factory.support.AbstractBeanFactory.getBean(AbstractBeanFactory.java:207) ~[spring-beans-6.2.18.jar!/:6.2.18]
	at org.springframework.boot.web.servlet.ServletContextInitializerBeans.getOrderedBeansOfType(ServletContextInitializerBeans.java:230) ~[spring-boot-3.5.14.jar!/:3.5.14]
	at org.springframework.boot.web.servlet.ServletContextInitializerBeans.addAsRegistrationBean(ServletContextInitializerBeans.java:184) ~[spring-boot-3.5.14.jar!/:3.5.14]
	at org.springframework.boot.web.servlet.ServletContextInitializerBeans.addAsRegistrationBean(ServletContextInitializerBeans.java:179) ~[spring-boot-3.5.14.jar!/:3.5.14]
	at org.springframework.boot.web.servlet.ServletContextInitializerBeans.addAdaptableBeans(ServletContextInitializerBeans.java:164) ~[spring-boot-3.5.14.jar!/:3.5.14]
	at org.springframework.boot.web.servlet.ServletContextInitializerBeans.<init>(ServletContextInitializerBeans.java:96) ~[spring-boot-3.5.14.jar!/:3.5.14]
	at org.springframework.boot.web.servlet.context.ServletWebServerApplicationContext.getServletContextInitializerBeans(ServletWebServerApplicationContext.java:271) ~[spring-boot-3.5.14.jar!/:3.5.14]
	at org.springframework.boot.web.servlet.context.ServletWebServerApplicationContext.selfInitialize(ServletWebServerApplicationContext.java:245) ~[spring-boot-3.5.14.jar!/:3.5.14]
	at org.springframework.boot.web.embedded.tomcat.TomcatStarter.onStartup(TomcatStarter.java:52) ~[spring-boot-3.5.14.jar!/:3.5.14]
	at org.apache.catalina.core.StandardContext.startInternal(StandardContext.java:4452) ~[tomcat-embed-core-10.1.54.jar!/:na]
	at org.apache.catalina.util.LifecycleBase.start(LifecycleBase.java:164) ~[tomcat-embed-core-10.1.54.jar!/:na]
	at org.apache.catalina.core.ContainerBase$StartChild.call(ContainerBase.java:1201) ~[tomcat-embed-core-10.1.54.jar!/:na]
	at org.apache.catalina.core.ContainerBase$StartChild.call(ContainerBase.java:1191) ~[tomcat-embed-core-10.1.54.jar!/:na]
	at java.base/java.util.concurrent.FutureTask.run(FutureTask.java:264) ~[na:na]
	at org.apache.tomcat.util.threads.InlineExecutorService.execute(InlineExecutorService.java:81) ~[tomcat-embed-core-10.1.54.jar!/:na]
	at java.base/java.util.concurrent.AbstractExecutorService.submit(AbstractExecutorService.java:145) ~[na:na]
	at org.apache.catalina.core.ContainerBase.startInternal(ContainerBase.java:747) ~[tomcat-embed-core-10.1.54.jar!/:na]
	at org.apache.catalina.core.StandardHost.startInternal(StandardHost.java:783) ~[tomcat-embed-core-10.1.54.jar!/:na]
	at org.apache.catalina.util.LifecycleBase.start(LifecycleBase.java:164) ~[tomcat-embed-core-10.1.54.jar!/:na]
	at org.apache.catalina.core.ContainerBase$StartChild.call(ContainerBase.java:1201) ~[tomcat-embed-core-10.1.54.jar!/:na]
	at org.apache.catalina.core.ContainerBase$StartChild.call(ContainerBase.java:1191) ~[tomcat-embed-core-10.1.54.jar!/:na]
	at java.base/java.util.concurrent.FutureTask.run(FutureTask.java:264) ~[na:na]
	at org.apache.tomcat.util.threads.InlineExecutorService.execute(InlineExecutorService.java:81) ~[tomcat-embed-core-10.1.54.jar!/:na]
	at java.base/java.util.concurrent.AbstractExecutorService.submit(AbstractExecutorService.java:145) ~[na:na]
	at org.apache.catalina.core.ContainerBase.startInternal(ContainerBase.java:747) ~[tomcat-embed-core-10.1.54.jar!/:na]
	at org.apache.catalina.core.StandardEngine.startInternal(StandardEngine.java:201) ~[tomcat-embed-core-10.1.54.jar!/:na]
	at org.apache.catalina.util.LifecycleBase.start(LifecycleBase.java:164) ~[tomcat-embed-core-10.1.54.jar!/:na]
	at org.apache.catalina.core.StandardService.startInternal(StandardService.java:410) ~[tomcat-embed-core-10.1.54.jar!/:na]
	at org.apache.catalina.util.LifecycleBase.start(LifecycleBase.java:164) ~[tomcat-embed-core-10.1.54.jar!/:na]
	at org.apache.catalina.core.StandardServer.startInternal(StandardServer.java:868) ~[tomcat-embed-core-10.1.54.jar!/:na]
	at org.apache.catalina.util.LifecycleBase.start(LifecycleBase.java:164) ~[tomcat-embed-core-10.1.54.jar!/:na]
	at org.apache.catalina.startup.Tomcat.start(Tomcat.java:436) ~[tomcat-embed-core-10.1.54.jar!/:na]
	at org.springframework.boot.web.embedded.tomcat.TomcatWebServer.initialize(TomcatWebServer.java:128) ~[spring-boot-3.5.14.jar!/:3.5.14]
	at org.springframework.boot.web.embedded.tomcat.TomcatWebServer.<init>(TomcatWebServer.java:107) ~[spring-boot-3.5.14.jar!/:3.5.14]
	at org.springframework.boot.web.embedded.tomcat.TomcatServletWebServerFactory.getTomcatWebServer(TomcatServletWebServerFactory.java:517) ~[spring-boot-3.5.14.jar!/:3.5.14]
	at org.springframework.boot.web.embedded.tomcat.TomcatServletWebServerFactory.getWebServer(TomcatServletWebServerFactory.java:219) ~[spring-boot-3.5.14.jar!/:3.5.14]
	at org.springframework.boot.web.servlet.context.ServletWebServerApplicationContext.createWebServer(ServletWebServerApplicationContext.java:193) ~[spring-boot-3.5.14.jar!/:3.5.14]
	at org.springframework.boot.web.servlet.context.ServletWebServerApplicationContext.onRefresh(ServletWebServerApplicationContext.java:167) ~[spring-boot-3.5.14.jar!/:3.5.14]
	at org.springframework.context.support.AbstractApplicationContext.refresh(AbstractApplicationContext.java:622) ~[spring-context-6.2.18.jar!/:6.2.18]
	at org.springframework.boot.web.servlet.context.ServletWebServerApplicationContext.refresh(ServletWebServerApplicationContext.java:146) ~[spring-boot-3.5.14.jar!/:3.5.14]
	at org.springframework.boot.SpringApplication.refresh(SpringApplication.java:752) ~[spring-boot-3.5.14.jar!/:3.5.14]
	at org.springframework.boot.SpringApplication.refreshContext(SpringApplication.java:439) ~[spring-boot-3.5.14.jar!/:3.5.14]
	at org.springframework.boot.SpringApplication.run(SpringApplication.java:318) ~[spring-boot-3.5.14.jar!/:3.5.14]
	at org.springframework.boot.SpringApplication.run(SpringApplication.java:1361) ~[spring-boot-3.5.14.jar!/:3.5.14]
	at org.springframework.boot.SpringApplication.run(SpringApplication.java:1350) ~[spring-boot-3.5.14.jar!/:3.5.14]
	at com.firstteam.taskbountyplatform.TaskBountyPlatformApplication.main(TaskBountyPlatformApplication.java:14) ~[!/:0.0.1-SNAPSHOT]
	at java.base/jdk.internal.reflect.NativeMethodAccessorImpl.invoke0(Native Method) ~[na:na]
	at java.base/jdk.internal.reflect.NativeMethodAccessorImpl.invoke(NativeMethodAccessorImpl.java:77) ~[na:na]
	at java.base/jdk.internal.reflect.DelegatingMethodAccessorImpl.invoke(DelegatingMethodAccessorImpl.java:43) ~[na:na]
	at java.base/java.lang.reflect.Method.invoke(Method.java:569) ~[na:na]
	at org.springframework.boot.loader.launch.Launcher.launch(Launcher.java:106) ~[TaskBountyPlatform-0.0.1-SNAPSHOT.jar:0.0.1-SNAPSHOT]
	at org.springframework.boot.loader.launch.Launcher.launch(Launcher.java:64) ~[TaskBountyPlatform-0.0.1-SNAPSHOT.jar:0.0.1-SNAPSHOT]
	at org.springframework.boot.loader.launch.JarLauncher.main(JarLauncher.java:40) ~[TaskBountyPlatform-0.0.1-SNAPSHOT.jar:0.0.1-SNAPSHOT]
Caused by: com.mysql.cj.jdbc.exceptions.MysqlDataTruncation: Data truncation: Data too long for column 'config_value' at row 1
	at com.mysql.cj.jdbc.exceptions.SQLExceptionsMapping.translateException(SQLExceptionsMapping.java:96) ~[mysql-connector-j-9.7.0.jar!/:9.7.0]
	at com.mysql.cj.jdbc.StatementImpl.executeInternal(StatementImpl.java:839) ~[mysql-connector-j-9.7.0.jar!/:9.7.0]
	at com.mysql.cj.jdbc.StatementImpl.execute(StatementImpl.java:687) ~[mysql-connector-j-9.7.0.jar!/:9.7.0]
	at com.zaxxer.hikari.pool.ProxyStatement.execute(ProxyStatement.java:95) ~[HikariCP-6.3.3.jar!/:na]
	at com.zaxxer.hikari.pool.HikariProxyStatement.execute(HikariProxyStatement.java) ~[HikariCP-6.3.3.jar!/:na]
	at org.hibernate.tool.schema.internal.exec.GenerationTargetToDatabase.accept(GenerationTargetToDatabase.java:80) ~[hibernate-core-6.6.49.Final.jar!/:6.6.49.Final]
	... 115 common frames omitted

2026-06-11T21:02:36.846+08:00  INFO 1601903 --- [TaskBountyPlatform] [main] j.LocalContainerEntityManagerFactoryBean : Initialized JPA EntityManagerFactory for persistence unit 'default'
2026-06-11T21:02:37.143+08:00  INFO 1601903 --- [TaskBountyPlatform] [main] o.s.d.j.r.query.QueryEnhancerFactory     : Hibernate is in classpath; If applicable, HQL parser will be used.
2026-06-11T21:02:37.788+08:00 DEBUG 1601903 --- [TaskBountyPlatform] [main] c.f.t.a.s.JwtAuthenticationFilter        : Filter 'jwtAuthenticationFilter' configured for use
2026-06-11T21:02:38.707+08:00  WARN 1601903 --- [TaskBountyPlatform] [main] JpaBaseConfiguration$JpaWebConfiguration : spring.jpa.open-in-view is enabled by default. Therefore, database queries may be performed during view rendering. Explicitly configure spring.jpa.open-in-view to disable this warning
2026-06-11T21:02:38.738+08:00  INFO 1601903 --- [TaskBountyPlatform] [main] o.s.b.a.w.s.WelcomePageHandlerMapping    : Adding welcome page: class path resource [static/index.html]
2026-06-11T21:02:39.060+08:00  INFO 1601903 --- [TaskBountyPlatform] [main] o.s.b.a.e.web.EndpointLinksResolver      : Exposing 4 endpoints beneath base path '/actuator'
2026-06-11T21:02:39.092+08:00  WARN 1601903 --- [TaskBountyPlatform] [main] .s.s.UserDetailsServiceAutoConfiguration : 

Using generated security password: 73ac3b6e-0dc6-4613-9acd-efa894a05e14

This generated password is for development use only. Your security configuration must be updated before running your application in production.

2026-06-11T21:02:39.102+08:00  INFO 1601903 --- [TaskBountyPlatform] [main] r$InitializeUserDetailsManagerConfigurer : Global AuthenticationManager configured with UserDetailsService bean with name inMemoryUserDetailsManager
2026-06-11T21:02:39.575+08:00  INFO 1601903 --- [TaskBountyPlatform] [main] o.s.b.w.embedded.tomcat.TomcatWebServer  : Tomcat started on port 8080 (http) with context path '/'
2026-06-11T21:02:39.605+08:00  INFO 1601903 --- [TaskBountyPlatform] [main] c.f.t.TaskBountyPlatformApplication      : Started TaskBountyPlatformApplication in 8.037 seconds (process running for 8.543)
2026-06-11T21:03:09.359+08:00  INFO 1601903 --- [TaskBountyPlatform] [http-nio-8080-exec-2] o.a.c.c.C.[Tomcat].[localhost].[/]       : Initializing Spring DispatcherServlet 'dispatcherServlet'
2026-06-11T21:03:09.359+08:00  INFO 1601903 --- [TaskBountyPlatform] [http-nio-8080-exec-2] o.s.web.servlet.DispatcherServlet        : Initializing Servlet 'dispatcherServlet'
2026-06-11T21:03:09.361+08:00  INFO 1601903 --- [TaskBountyPlatform] [http-nio-8080-exec-2] o.s.web.servlet.DispatcherServlet        : Completed initialization in 2 ms
2026-06-11T21:03:38.659+08:00 DEBUG 1601903 --- [TaskBountyPlatform] [http-nio-8080-exec-8] c.f.t.c.e.GlobalExceptionHandler         : SPA fallback: /avatars/default.png -> /index.html
2026-06-11T21:04:07.720+08:00 DEBUG 1601903 --- [TaskBountyPlatform] [http-nio-8080-exec-10] c.f.t.c.e.GlobalExceptionHandler         : SPA fallback: /.well-known/appspecific/com.chrome.devtools.json -> /index.html
2026-06-11T21:04:16.880+08:00 DEBUG 1601903 --- [TaskBountyPlatform] [http-nio-8080-exec-4] c.f.t.c.e.GlobalExceptionHandler         : SPA fallback: /task/17 -> /index.html
2026-06-11T21:04:17.030+08:00 DEBUG 1601903 --- [TaskBountyPlatform] [http-nio-8080-exec-5] c.f.t.c.e.GlobalExceptionHandler         : SPA fallback: /.well-known/appspecific/com.chrome.devtools.json -> /index.html
2026-06-11T21:04:41.567+08:00 DEBUG 1601903 --- [TaskBountyPlatform] [http-nio-8080-exec-7] c.f.t.audit.service.AuditLogService      : Audit log created: id=28, operatorId=1, actionType=TASK_PUBLISH, targetType=TASK, targetId=18
2026-06-11T21:04:41.567+08:00  INFO 1601903 --- [TaskBountyPlatform] [http-nio-8080-exec-7] c.f.t.task.service.TaskService           : Task published: id=18, publisherId=1, title=ceshi2.0, reward=50
2026-06-11T21:04:54.008+08:00 DEBUG 1601903 --- [TaskBountyPlatform] [http-nio-8080-exec-5] c.f.t.c.e.GlobalExceptionHandler         : SPA fallback: /task/18 -> /index.html
2026-06-11T21:04:54.128+08:00 DEBUG 1601903 --- [TaskBountyPlatform] [http-nio-8080-exec-1] c.f.t.c.e.GlobalExceptionHandler         : SPA fallback: /.well-known/appspecific/com.chrome.devtools.json -> /index.html
2026-06-11T21:05:00.003+08:00  INFO 1601903 --- [TaskBountyPlatform] [scheduling-1] c.f.t.scheduler.TaskTimeoutScheduler     : Starting checkPendingConfirmationTimeout...
2026-06-11T21:05:00.037+08:00  INFO 1601903 --- [TaskBountyPlatform] [scheduling-1] c.f.t.scheduler.TaskTimeoutScheduler     : Found 0 PENDING_CONFIRMATION tasks
2026-06-11T21:05:00.037+08:00  INFO 1601903 --- [TaskBountyPlatform] [scheduling-1] c.f.t.scheduler.TaskTimeoutScheduler     : checkPendingConfirmationTimeout completed. Processed 0 tasks
2026-06-11T21:05:00.038+08:00  INFO 1601903 --- [TaskBountyPlatform] [scheduling-1] c.f.t.scheduler.TaskTimeoutScheduler     : Starting checkUnclaimedTaskTimeout...
2026-06-11T21:05:00.042+08:00  INFO 1601903 --- [TaskBountyPlatform] [scheduling-1] c.f.t.scheduler.TaskTimeoutScheduler     : Found 0 published tasks past auto-cancel deadline
2026-06-11T21:05:00.042+08:00  INFO 1601903 --- [TaskBountyPlatform] [scheduling-1] c.f.t.scheduler.TaskTimeoutScheduler     : checkUnclaimedTaskTimeout completed. Processed 0 tasks
2026-06-11T21:05:00.043+08:00  INFO 1601903 --- [TaskBountyPlatform] [scheduling-1] c.f.t.scheduler.TaskTimeoutScheduler     : Starting checkDeliveryTimeout...
2026-06-11T21:05:00.047+08:00  INFO 1601903 --- [TaskBountyPlatform] [scheduling-1] c.f.t.scheduler.TaskTimeoutScheduler     : Found 1 overdue IN_PROGRESS tasks
2026-06-11T21:05:00.058+08:00 DEBUG 1601903 --- [TaskBountyPlatform] [scheduling-1] c.f.t.n.service.NotificationService      : Notification created: id=201, receiverId=1, type=TASK_UPDATE
2026-06-11T21:05:00.065+08:00 DEBUG 1601903 --- [TaskBountyPlatform] [scheduling-1] c.f.t.n.service.NotificationService      : Notification created: id=202, receiverId=13, type=TASK_UPDATE
2026-06-11T21:05:00.067+08:00  INFO 1601903 --- [TaskBountyPlatform] [scheduling-1] c.f.t.scheduler.TaskTimeoutScheduler     : checkDeliveryTimeout completed. Processed 1 tasks
2026-06-11T21:05:06.457+08:00 DEBUG 1601903 --- [TaskBountyPlatform] [http-nio-8080-exec-7] c.f.t.c.e.GlobalExceptionHandler         : SPA fallback: /.well-known/appspecific/com.chrome.devtools.json -> /index.html
2026-06-11T21:05:11.538+08:00 DEBUG 1601903 --- [TaskBountyPlatform] [http-nio-8080-exec-8] c.f.t.c.e.GlobalExceptionHandler         : SPA fallback: /task/18 -> /index.html
2026-06-11T21:05:11.646+08:00 DEBUG 1601903 --- [TaskBountyPlatform] [http-nio-8080-exec-10] c.f.t.c.e.GlobalExceptionHandler         : SPA fallback: /.well-known/appspecific/com.chrome.devtools.json -> /index.html
2026-06-11T21:10:00.004+08:00  INFO 1601903 --- [TaskBountyPlatform] [scheduling-1] c.f.t.s.ReviewAuditTimeoutScheduler      : Starting checkReviewAuditTimeout...
2026-06-11T21:10:00.015+08:00 DEBUG 1601903 --- [TaskBountyPlatform] [scheduling-1] c.f.t.s.ReviewAuditTimeoutScheduler      : No expired review audits found
2026-06-11T21:10:00.017+08:00  INFO 1601903 --- [TaskBountyPlatform] [scheduling-1] c.f.t.scheduler.TaskTimeoutScheduler     : Starting checkUnclaimedTaskTimeout...
2026-06-11T21:10:00.019+08:00  INFO 1601903 --- [TaskBountyPlatform] [scheduling-1] c.f.t.scheduler.TaskTimeoutScheduler     : Found 0 published tasks past auto-cancel deadline
2026-06-11T21:10:00.019+08:00  INFO 1601903 --- [TaskBountyPlatform] [scheduling-1] c.f.t.scheduler.TaskTimeoutScheduler     : checkUnclaimedTaskTimeout completed. Processed 0 tasks
2026-06-11T21:10:00.020+08:00  INFO 1601903 --- [TaskBountyPlatform] [scheduling-1] c.f.t.scheduler.TaskTimeoutScheduler     : Starting checkDeliveryTimeout...
2026-06-11T21:10:00.022+08:00  INFO 1601903 --- [TaskBountyPlatform] [scheduling-1] c.f.t.scheduler.TaskTimeoutScheduler     : Found 1 overdue IN_PROGRESS tasks
2026-06-11T21:10:00.027+08:00 DEBUG 1601903 --- [TaskBountyPlatform] [scheduling-1] c.f.t.n.service.NotificationService      : Notification created: id=203, receiverId=1, type=TASK_UPDATE
2026-06-11T21:10:00.033+08:00 DEBUG 1601903 --- [TaskBountyPlatform] [scheduling-1] c.f.t.n.service.NotificationService      : Notification created: id=204, receiverId=13, type=TASK_UPDATE
2026-06-11T21:10:00.035+08:00  INFO 1601903 --- [TaskBountyPlatform] [scheduling-1] c.f.t.scheduler.TaskTimeoutScheduler     : checkDeliveryTimeout completed. Processed 1 tasks
2026-06-11T21:10:00.035+08:00  INFO 1601903 --- [TaskBountyPlatform] [scheduling-1] c.f.t.scheduler.TaskTimeoutScheduler     : Starting checkPendingConfirmationTimeout...
2026-06-11T21:10:00.037+08:00  INFO 1601903 --- [TaskBountyPlatform] [scheduling-1] c.f.t.scheduler.TaskTimeoutScheduler     : Found 0 PENDING_CONFIRMATION tasks
2026-06-11T21:10:00.037+08:00  INFO 1601903 --- [TaskBountyPlatform] [scheduling-1] c.f.t.scheduler.TaskTimeoutScheduler     : checkPendingConfirmationTimeout completed. Processed 0 tasks
2026-06-11T21:15:00.000+08:00  INFO 1601903 --- [TaskBountyPlatform] [scheduling-1] c.f.t.scheduler.ReviewTimeoutScheduler   : Starting createDefaultReviews...
2026-06-11T21:15:00.015+08:00  INFO 1601903 --- [TaskBountyPlatform] [scheduling-1] c.f.t.scheduler.ReviewTimeoutScheduler   : Found 0 COMPLETED tasks older than 24 hours
2026-06-11T21:15:00.015+08:00  INFO 1601903 --- [TaskBountyPlatform] [scheduling-1] c.f.t.scheduler.ReviewTimeoutScheduler   : createDefaultReviews completed. Created 0 default reviews
2026-06-11T21:15:00.015+08:00  INFO 1601903 --- [TaskBountyPlatform] [scheduling-1] c.f.t.scheduler.TaskTimeoutScheduler     : Starting checkPendingConfirmationTimeout...
2026-06-11T21:15:00.018+08:00  INFO 1601903 --- [TaskBountyPlatform] [scheduling-1] c.f.t.scheduler.TaskTimeoutScheduler     : Found 0 PENDING_CONFIRMATION tasks
2026-06-11T21:15:00.018+08:00  INFO 1601903 --- [TaskBountyPlatform] [scheduling-1] c.f.t.scheduler.TaskTimeoutScheduler     : checkPendingConfirmationTimeout completed. Processed 0 tasks
2026-06-11T21:15:00.018+08:00  INFO 1601903 --- [TaskBountyPlatform] [scheduling-1] c.f.t.scheduler.TaskTimeoutScheduler     : Starting checkUnclaimedTaskTimeout...
2026-06-11T21:15:00.020+08:00  INFO 1601903 --- [TaskBountyPlatform] [scheduling-1] c.f.t.scheduler.TaskTimeoutScheduler     : Found 0 published tasks past auto-cancel deadline
2026-06-11T21:15:00.020+08:00  INFO 1601903 --- [TaskBountyPlatform] [scheduling-1] c.f.t.scheduler.TaskTimeoutScheduler     : checkUnclaimedTaskTimeout completed. Processed 0 tasks
2026-06-11T21:15:00.020+08:00  INFO 1601903 --- [TaskBountyPlatform] [scheduling-1] c.f.t.scheduler.TaskTimeoutScheduler     : Starting checkDeliveryTimeout...
2026-06-11T21:15:00.022+08:00  INFO 1601903 --- [TaskBountyPlatform] [scheduling-1] c.f.t.scheduler.TaskTimeoutScheduler     : Found 1 overdue IN_PROGRESS tasks
2026-06-11T21:15:00.027+08:00 DEBUG 1601903 --- [TaskBountyPlatform] [scheduling-1] c.f.t.n.service.NotificationService      : Notification created: id=205, receiverId=1, type=TASK_UPDATE
2026-06-11T21:15:00.032+08:00 DEBUG 1601903 --- [TaskBountyPlatform] [scheduling-1] c.f.t.n.service.NotificationService      : Notification created: id=206, receiverId=13, type=TASK_UPDATE
2026-06-11T21:15:00.034+08:00  INFO 1601903 --- [TaskBountyPlatform] [scheduling-1] c.f.t.scheduler.TaskTimeoutScheduler     : checkDeliveryTimeout completed. Processed 1 tasks
2026-06-11T21:20:00.000+08:00  INFO 1601903 --- [TaskBountyPlatform] [scheduling-1] c.f.t.scheduler.TaskTimeoutScheduler     : Starting checkDeliveryTimeout...
2026-06-11T21:20:00.005+08:00  INFO 1601903 --- [TaskBountyPlatform] [scheduling-1] c.f.t.scheduler.TaskTimeoutScheduler     : Found 1 overdue IN_PROGRESS tasks
2026-06-11T21:20:00.011+08:00 DEBUG 1601903 --- [TaskBountyPlatform] [scheduling-1] c.f.t.n.service.NotificationService      : Notification created: id=207, receiverId=1, type=TASK_UPDATE
2026-06-11T21:20:00.020+08:00 DEBUG 1601903 --- [TaskBountyPlatform] [scheduling-1] c.f.t.n.service.NotificationService      : Notification created: id=208, receiverId=13, type=TASK_UPDATE
2026-06-11T21:20:00.022+08:00  INFO 1601903 --- [TaskBountyPlatform] [scheduling-1] c.f.t.scheduler.TaskTimeoutScheduler     : checkDeliveryTimeout completed. Processed 1 tasks
2026-06-11T21:20:00.023+08:00  INFO 1601903 --- [TaskBountyPlatform] [scheduling-1] c.f.t.scheduler.TaskTimeoutScheduler     : Starting checkPendingConfirmationTimeout...
2026-06-11T21:20:00.025+08:00  INFO 1601903 --- [TaskBountyPlatform] [scheduling-1] c.f.t.scheduler.TaskTimeoutScheduler     : Found 0 PENDING_CONFIRMATION tasks
2026-06-11T21:20:00.025+08:00  INFO 1601903 --- [TaskBountyPlatform] [scheduling-1] c.f.t.scheduler.TaskTimeoutScheduler     : checkPendingConfirmationTimeout completed. Processed 0 tasks
2026-06-11T21:20:00.026+08:00  INFO 1601903 --- [TaskBountyPlatform] [scheduling-1] c.f.t.s.ReviewAuditTimeoutScheduler      : Starting checkReviewAuditTimeout...
2026-06-11T21:20:00.033+08:00 DEBUG 1601903 --- [TaskBountyPlatform] [scheduling-1] c.f.t.s.ReviewAuditTimeoutScheduler      : No expired review audits found
2026-06-11T21:20:00.035+08:00  INFO 1601903 --- [TaskBountyPlatform] [scheduling-1] c.f.t.scheduler.TaskTimeoutScheduler     : Starting checkUnclaimedTaskTimeout...
2026-06-11T21:20:00.037+08:00  INFO 1601903 --- [TaskBountyPlatform] [scheduling-1] c.f.t.scheduler.TaskTimeoutScheduler     : Found 0 published tasks past auto-cancel deadline
2026-06-11T21:20:00.037+08:00  INFO 1601903 --- [TaskBountyPlatform] [scheduling-1] c.f.t.scheduler.TaskTimeoutScheduler     : checkUnclaimedTaskTimeout completed. Processed 0 tasks
2026-06-11T21:25:00.000+08:00  INFO 1601903 --- [TaskBountyPlatform] [scheduling-1] c.f.t.scheduler.TaskTimeoutScheduler     : Starting checkUnclaimedTaskTimeout...
2026-06-11T21:25:00.002+08:00  INFO 1601903 --- [TaskBountyPlatform] [scheduling-1] c.f.t.scheduler.TaskTimeoutScheduler     : Found 0 published tasks past auto-cancel deadline
2026-06-11T21:25:00.003+08:00  INFO 1601903 --- [TaskBountyPlatform] [scheduling-1] c.f.t.scheduler.TaskTimeoutScheduler     : checkUnclaimedTaskTimeout completed. Processed 0 tasks
2026-06-11T21:25:00.003+08:00  INFO 1601903 --- [TaskBountyPlatform] [scheduling-1] c.f.t.scheduler.TaskTimeoutScheduler     : Starting checkPendingConfirmationTimeout...
2026-06-11T21:25:00.005+08:00  INFO 1601903 --- [TaskBountyPlatform] [scheduling-1] c.f.t.scheduler.TaskTimeoutScheduler     : Found 0 PENDING_CONFIRMATION tasks
2026-06-11T21:25:00.005+08:00  INFO 1601903 --- [TaskBountyPlatform] [scheduling-1] c.f.t.scheduler.TaskTimeoutScheduler     : checkPendingConfirmationTimeout completed. Processed 0 tasks
2026-06-11T21:25:00.005+08:00  INFO 1601903 --- [TaskBountyPlatform] [scheduling-1] c.f.t.scheduler.TaskTimeoutScheduler     : Starting checkDeliveryTimeout...
2026-06-11T21:25:00.007+08:00  INFO 1601903 --- [TaskBountyPlatform] [scheduling-1] c.f.t.scheduler.TaskTimeoutScheduler     : Found 1 overdue IN_PROGRESS tasks
2026-06-11T21:25:00.011+08:00 DEBUG 1601903 --- [TaskBountyPlatform] [scheduling-1] c.f.t.n.service.NotificationService      : Notification created: id=209, receiverId=1, type=TASK_UPDATE
2026-06-11T21:25:00.016+08:00 DEBUG 1601903 --- [TaskBountyPlatform] [scheduling-1] c.f.t.n.service.NotificationService      : Notification created: id=210, receiverId=13, type=TASK_UPDATE
2026-06-11T21:25:00.017+08:00  INFO 1601903 --- [TaskBountyPlatform] [scheduling-1] c.f.t.scheduler.TaskTimeoutScheduler     : checkDeliveryTimeout completed. Processed 1 tasks
2026-06-11T21:30:00.000+08:00  INFO 1601903 --- [TaskBountyPlatform] [scheduling-1] c.f.t.scheduler.TaskTimeoutScheduler     : Starting checkPendingConfirmationTimeout...
2026-06-11T21:30:00.003+08:00  INFO 1601903 --- [TaskBountyPlatform] [scheduling-1] c.f.t.scheduler.TaskTimeoutScheduler     : Found 0 PENDING_CONFIRMATION tasks
2026-06-11T21:30:00.003+08:00  INFO 1601903 --- [TaskBountyPlatform] [scheduling-1] c.f.t.scheduler.TaskTimeoutScheduler     : checkPendingConfirmationTimeout completed. Processed 0 tasks
2026-06-11T21:30:00.004+08:00  INFO 1601903 --- [TaskBountyPlatform] [scheduling-1] c.f.t.scheduler.TaskTimeoutScheduler     : Starting checkDeliveryTimeout...
2026-06-11T21:30:00.006+08:00  INFO 1601903 --- [TaskBountyPlatform] [scheduling-1] c.f.t.scheduler.TaskTimeoutScheduler     : Found 1 overdue IN_PROGRESS tasks
2026-06-11T21:30:00.009+08:00 DEBUG 1601903 --- [TaskBountyPlatform] [scheduling-1] c.f.t.n.service.NotificationService      : Notification created: id=211, receiverId=1, type=TASK_UPDATE
2026-06-11T21:30:00.015+08:00 DEBUG 1601903 --- [TaskBountyPlatform] [scheduling-1] c.f.t.n.service.NotificationService      : Notification created: id=212, receiverId=13, type=TASK_UPDATE
2026-06-11T21:30:00.017+08:00  INFO 1601903 --- [TaskBountyPlatform] [scheduling-1] c.f.t.scheduler.TaskTimeoutScheduler     : checkDeliveryTimeout completed. Processed 1 tasks
2026-06-11T21:30:00.018+08:00  INFO 1601903 --- [TaskBountyPlatform] [scheduling-1] c.f.t.s.ReviewAuditTimeoutScheduler      : Starting checkReviewAuditTimeout...
2026-06-11T21:30:00.022+08:00 DEBUG 1601903 --- [TaskBountyPlatform] [scheduling-1] c.f.t.s.ReviewAuditTimeoutScheduler      : No expired review audits found
2026-06-11T21:30:00.023+08:00  INFO 1601903 --- [TaskBountyPlatform] [scheduling-1] c.f.t.scheduler.TaskTimeoutScheduler     : Starting checkUnclaimedTaskTimeout...
2026-06-11T21:30:00.024+08:00  INFO 1601903 --- [TaskBountyPlatform] [scheduling-1] c.f.t.scheduler.TaskTimeoutScheduler     : Found 0 published tasks past auto-cancel deadline
2026-06-11T21:30:00.024+08:00  INFO 1601903 --- [TaskBountyPlatform] [scheduling-1] c.f.t.scheduler.TaskTimeoutScheduler     : checkUnclaimedTaskTimeout completed. Processed 0 tasks
2026-06-11T21:30:00.024+08:00  INFO 1601903 --- [TaskBountyPlatform] [scheduling-1] c.f.t.scheduler.ReviewTimeoutScheduler   : Starting createDefaultReviews...
2026-06-11T21:30:00.027+08:00  INFO 1601903 --- [TaskBountyPlatform] [scheduling-1] c.f.t.scheduler.ReviewTimeoutScheduler   : Found 0 COMPLETED tasks older than 24 hours
2026-06-11T21:30:00.027+08:00  INFO 1601903 --- [TaskBountyPlatform] [scheduling-1] c.f.t.scheduler.ReviewTimeoutScheduler   : createDefaultReviews completed. Created 0 default reviews
2026-06-11T21:35:00.000+08:00  INFO 1601903 --- [TaskBountyPlatform] [scheduling-1] c.f.t.scheduler.TaskTimeoutScheduler     : Starting checkUnclaimedTaskTimeout...
2026-06-11T21:35:00.004+08:00  INFO 1601903 --- [TaskBountyPlatform] [scheduling-1] c.f.t.scheduler.TaskTimeoutScheduler     : Found 0 published tasks past auto-cancel deadline
2026-06-11T21:35:00.004+08:00  INFO 1601903 --- [TaskBountyPlatform] [scheduling-1] c.f.t.scheduler.TaskTimeoutScheduler     : checkUnclaimedTaskTimeout completed. Processed 0 tasks
2026-06-11T21:35:00.005+08:00  INFO 1601903 --- [TaskBountyPlatform] [scheduling-1] c.f.t.scheduler.TaskTimeoutScheduler     : Starting checkDeliveryTimeout...
2026-06-11T21:35:00.007+08:00  INFO 1601903 --- [TaskBountyPlatform] [scheduling-1] c.f.t.scheduler.TaskTimeoutScheduler     : Found 1 overdue IN_PROGRESS tasks
2026-06-11T21:35:00.012+08:00 DEBUG 1601903 --- [TaskBountyPlatform] [scheduling-1] c.f.t.n.service.NotificationService      : Notification created: id=213, receiverId=1, type=TASK_UPDATE
2026-06-11T21:35:00.017+08:00 DEBUG 1601903 --- [TaskBountyPlatform] [scheduling-1] c.f.t.n.service.NotificationService      : Notification created: id=214, receiverId=13, type=TASK_UPDATE
2026-06-11T21:35:00.019+08:00  INFO 1601903 --- [TaskBountyPlatform] [scheduling-1] c.f.t.scheduler.TaskTimeoutScheduler     : checkDeliveryTimeout completed. Processed 1 tasks
2026-06-11T21:35:00.019+08:00  INFO 1601903 --- [TaskBountyPlatform] [scheduling-1] c.f.t.scheduler.TaskTimeoutScheduler     : Starting checkPendingConfirmationTimeout...
2026-06-11T21:35:00.021+08:00  INFO 1601903 --- [TaskBountyPlatform] [scheduling-1] c.f.t.scheduler.TaskTimeoutScheduler     : Found 0 PENDING_CONFIRMATION tasks
2026-06-11T21:35:00.021+08:00  INFO 1601903 --- [TaskBountyPlatform] [scheduling-1] c.f.t.scheduler.TaskTimeoutScheduler     : checkPendingConfirmationTimeout completed. Processed 0 tasks
2026-06-11T21:40:00.002+08:00  INFO 1601903 --- [TaskBountyPlatform] [scheduling-1] c.f.t.s.ReviewAuditTimeoutScheduler      : Starting checkReviewAuditTimeout...
2026-06-11T21:40:00.009+08:00 DEBUG 1601903 --- [TaskBountyPlatform] [scheduling-1] c.f.t.s.ReviewAuditTimeoutScheduler      : No expired review audits found
2026-06-11T21:40:00.012+08:00  INFO 1601903 --- [TaskBountyPlatform] [scheduling-1] c.f.t.scheduler.TaskTimeoutScheduler     : Starting checkPendingConfirmationTimeout...
2026-06-11T21:40:00.015+08:00  INFO 1601903 --- [TaskBountyPlatform] [scheduling-1] c.f.t.scheduler.TaskTimeoutScheduler     : Found 0 PENDING_CONFIRMATION tasks
2026-06-11T21:40:00.015+08:00  INFO 1601903 --- [TaskBountyPlatform] [scheduling-1] c.f.t.scheduler.TaskTimeoutScheduler     : checkPendingConfirmationTimeout completed. Processed 0 tasks
2026-06-11T21:40:00.015+08:00  INFO 1601903 --- [TaskBountyPlatform] [scheduling-1] c.f.t.scheduler.TaskTimeoutScheduler     : Starting checkDeliveryTimeout...
2026-06-11T21:40:00.018+08:00  INFO 1601903 --- [TaskBountyPlatform] [scheduling-1] c.f.t.scheduler.TaskTimeoutScheduler     : Found 1 overdue IN_PROGRESS tasks
2026-06-11T21:40:00.022+08:00 DEBUG 1601903 --- [TaskBountyPlatform] [scheduling-1] c.f.t.n.service.NotificationService      : Notification created: id=215, receiverId=1, type=TASK_UPDATE
2026-06-11T21:40:00.031+08:00 DEBUG 1601903 --- [TaskBountyPlatform] [scheduling-1] c.f.t.n.service.NotificationService      : Notification created: id=216, receiverId=13, type=TASK_UPDATE
2026-06-11T21:40:00.032+08:00  INFO 1601903 --- [TaskBountyPlatform] [scheduling-1] c.f.t.scheduler.TaskTimeoutScheduler     : checkDeliveryTimeout completed. Processed 1 tasks
2026-06-11T21:40:00.033+08:00  INFO 1601903 --- [TaskBountyPlatform] [scheduling-1] c.f.t.scheduler.TaskTimeoutScheduler     : Starting checkUnclaimedTaskTimeout...
2026-06-11T21:40:00.036+08:00  INFO 1601903 --- [TaskBountyPlatform] [scheduling-1] c.f.t.scheduler.TaskTimeoutScheduler     : Found 0 published tasks past auto-cancel deadline
2026-06-11T21:40:00.036+08:00  INFO 1601903 --- [TaskBountyPlatform] [scheduling-1] c.f.t.scheduler.TaskTimeoutScheduler     : checkUnclaimedTaskTimeout completed. Processed 0 tasks
2026-06-11T21:42:39.650+08:00  INFO 1858279 --- [TaskBountyPlatform] [main] c.f.t.TaskBountyPlatformApplication      : Starting TaskBountyPlatformApplication using Java 21.0.10 with PID 1858279 (/home/gr/cxy/code/Micro-task-Bounty-Platform/backend/target/classes started by gr in /home/gr/cxy/code/Micro-task-Bounty-Platform/backend)
2026-06-11T21:42:39.651+08:00 DEBUG 1858279 --- [TaskBountyPlatform] [main] c.f.t.TaskBountyPlatformApplication      : Running with Spring Boot v3.5.14, Spring v6.2.18
2026-06-11T21:42:39.652+08:00  INFO 1858279 --- [TaskBountyPlatform] [main] c.f.t.TaskBountyPlatformApplication      : No active profile set, falling back to 1 default profile: "default"
2026-06-11T21:42:40.597+08:00  INFO 1858279 --- [TaskBountyPlatform] [main] .s.d.r.c.RepositoryConfigurationDelegate : Bootstrapping Spring Data JPA repositories in DEFAULT mode.
2026-06-11T21:42:40.681+08:00  INFO 1858279 --- [TaskBountyPlatform] [main] .s.d.r.c.RepositoryConfigurationDelegate : Finished Spring Data repository scanning in 76 ms. Found 18 JPA repository interfaces.
2026-06-11T21:42:41.181+08:00  INFO 1858279 --- [TaskBountyPlatform] [main] o.s.b.w.embedded.tomcat.TomcatWebServer  : Tomcat initialized with port 8080 (http)
2026-06-11T21:42:41.190+08:00  INFO 1858279 --- [TaskBountyPlatform] [main] o.apache.catalina.core.StandardService   : Starting service [Tomcat]
2026-06-11T21:42:41.191+08:00  INFO 1858279 --- [TaskBountyPlatform] [main] o.apache.catalina.core.StandardEngine    : Starting Servlet engine: [Apache Tomcat/10.1.54]
2026-06-11T21:42:41.222+08:00  INFO 1858279 --- [TaskBountyPlatform] [main] o.a.c.c.C.[Tomcat].[localhost].[/]       : Initializing Spring embedded WebApplicationContext
2026-06-11T21:42:41.223+08:00  INFO 1858279 --- [TaskBountyPlatform] [main] w.s.c.ServletWebServerApplicationContext : Root WebApplicationContext: initialization completed in 1536 ms
2026-06-11T21:42:41.434+08:00  INFO 1858279 --- [TaskBountyPlatform] [main] o.hibernate.jpa.internal.util.LogHelper  : HHH000204: Processing PersistenceUnitInfo [name: default]
2026-06-11T21:42:41.461+08:00  INFO 1858279 --- [TaskBountyPlatform] [main] org.hibernate.Version                    : HHH000412: Hibernate ORM core version 6.6.49.Final
2026-06-11T21:42:41.479+08:00  INFO 1858279 --- [TaskBountyPlatform] [main] o.h.c.internal.RegionFactoryInitiator    : HHH000026: Second-level cache disabled
2026-06-11T21:42:41.702+08:00  INFO 1858279 --- [TaskBountyPlatform] [main] o.s.o.j.p.SpringPersistenceUnitInfo      : No LoadTimeWeaver setup: ignoring JPA class transformer
2026-06-11T21:42:41.723+08:00  INFO 1858279 --- [TaskBountyPlatform] [main] com.zaxxer.hikari.HikariDataSource       : HikariPool-1 - Starting...
2026-06-11T21:42:41.997+08:00  INFO 1858279 --- [TaskBountyPlatform] [main] com.zaxxer.hikari.pool.HikariPool        : HikariPool-1 - Added connection com.mysql.cj.jdbc.ConnectionImpl@51c6e775
2026-06-11T21:42:41.998+08:00  INFO 1858279 --- [TaskBountyPlatform] [main] com.zaxxer.hikari.HikariDataSource       : HikariPool-1 - Start completed.
2026-06-11T21:42:42.048+08:00  WARN 1858279 --- [TaskBountyPlatform] [main] org.hibernate.orm.deprecation            : HHH90000025: MySQLDialect does not need to be specified explicitly using 'hibernate.dialect' (remove the property setting and it will be selected by default)
2026-06-11T21:42:42.063+08:00  INFO 1858279 --- [TaskBountyPlatform] [main] org.hibernate.orm.connections.pooling    : HHH10001005: Database info:
	Database JDBC URL [Connecting through datasource 'HikariDataSource (HikariPool-1)']
	Database driver: undefined/unknown
	Database version: 8.0.42
	Autocommit mode: undefined/unknown
	Isolation level: undefined/unknown
	Minimum pool size: undefined/unknown
	Maximum pool size: undefined/unknown
2026-06-11T21:42:42.869+08:00  INFO 1858279 --- [TaskBountyPlatform] [main] o.h.e.t.j.p.i.JtaPlatformInitiator       : HHH000489: No JTA platform available (set 'hibernate.transaction.jta.platform' to enable JTA platform integration)
2026-06-11T21:42:43.085+08:00  WARN 1858279 --- [TaskBountyPlatform] [main] o.h.t.s.i.ExceptionHandlerLoggedImpl     : GenerationTarget encountered exception accepting command : Error executing DDL "
    alter table system_configs 
       modify column config_value varchar(500) not null" via JDBC [Data truncation: Data too long for column 'config_value' at row 1]

org.hibernate.tool.schema.spi.CommandAcceptanceException: Error executing DDL "
    alter table system_configs 
       modify column config_value varchar(500) not null" via JDBC [Data truncation: Data too long for column 'config_value' at row 1]
	at org.hibernate.tool.schema.internal.exec.GenerationTargetToDatabase.accept(GenerationTargetToDatabase.java:94) ~[hibernate-core-6.6.49.Final.jar:6.6.49.Final]
	at org.hibernate.tool.schema.internal.AbstractSchemaMigrator.applySqlString(AbstractSchemaMigrator.java:576) ~[hibernate-core-6.6.49.Final.jar:6.6.49.Final]
	at org.hibernate.tool.schema.internal.AbstractSchemaMigrator.applySqlStrings(AbstractSchemaMigrator.java:516) ~[hibernate-core-6.6.49.Final.jar:6.6.49.Final]
	at org.hibernate.tool.schema.internal.AbstractSchemaMigrator.migrateTable(AbstractSchemaMigrator.java:334) ~[hibernate-core-6.6.49.Final.jar:6.6.49.Final]
	at org.hibernate.tool.schema.internal.GroupedSchemaMigratorImpl.performTablesMigration(GroupedSchemaMigratorImpl.java:84) ~[hibernate-core-6.6.49.Final.jar:6.6.49.Final]
	at org.hibernate.tool.schema.internal.AbstractSchemaMigrator.performMigration(AbstractSchemaMigrator.java:233) ~[hibernate-core-6.6.49.Final.jar:6.6.49.Final]
	at org.hibernate.tool.schema.internal.AbstractSchemaMigrator.doMigration(AbstractSchemaMigrator.java:112) ~[hibernate-core-6.6.49.Final.jar:6.6.49.Final]
	at org.hibernate.tool.schema.spi.SchemaManagementToolCoordinator.performDatabaseAction(SchemaManagementToolCoordinator.java:280) ~[hibernate-core-6.6.49.Final.jar:6.6.49.Final]
	at org.hibernate.tool.schema.spi.SchemaManagementToolCoordinator.lambda$process$5(SchemaManagementToolCoordinator.java:144) ~[hibernate-core-6.6.49.Final.jar:6.6.49.Final]
	at java.base/java.util.HashMap.forEach(Unknown Source) ~[na:na]
	at org.hibernate.tool.schema.spi.SchemaManagementToolCoordinator.process(SchemaManagementToolCoordinator.java:141) ~[hibernate-core-6.6.49.Final.jar:6.6.49.Final]
	at org.hibernate.boot.internal.SessionFactoryObserverForSchemaExport.sessionFactoryCreated(SessionFactoryObserverForSchemaExport.java:37) ~[hibernate-core-6.6.49.Final.jar:6.6.49.Final]
	at org.hibernate.internal.SessionFactoryObserverChain.sessionFactoryCreated(SessionFactoryObserverChain.java:35) ~[hibernate-core-6.6.49.Final.jar:6.6.49.Final]
	at org.hibernate.internal.SessionFactoryImpl.<init>(SessionFactoryImpl.java:324) ~[hibernate-core-6.6.49.Final.jar:6.6.49.Final]
	at org.hibernate.boot.internal.SessionFactoryBuilderImpl.build(SessionFactoryBuilderImpl.java:463) ~[hibernate-core-6.6.49.Final.jar:6.6.49.Final]
	at org.hibernate.jpa.boot.internal.EntityManagerFactoryBuilderImpl.build(EntityManagerFactoryBuilderImpl.java:1517) ~[hibernate-core-6.6.49.Final.jar:6.6.49.Final]
	at org.springframework.orm.jpa.vendor.SpringHibernateJpaPersistenceProvider.createContainerEntityManagerFactory(SpringHibernateJpaPersistenceProvider.java:66) ~[spring-orm-6.2.18.jar:6.2.18]
	at org.springframework.orm.jpa.LocalContainerEntityManagerFactoryBean.createNativeEntityManagerFactory(LocalContainerEntityManagerFactoryBean.java:388) ~[spring-orm-6.2.18.jar:6.2.18]
	at org.springframework.orm.jpa.AbstractEntityManagerFactoryBean.buildNativeEntityManagerFactory(AbstractEntityManagerFactoryBean.java:419) ~[spring-orm-6.2.18.jar:6.2.18]
	at org.springframework.orm.jpa.AbstractEntityManagerFactoryBean.afterPropertiesSet(AbstractEntityManagerFactoryBean.java:400) ~[spring-orm-6.2.18.jar:6.2.18]
	at org.springframework.orm.jpa.LocalContainerEntityManagerFactoryBean.afterPropertiesSet(LocalContainerEntityManagerFactoryBean.java:364) ~[spring-orm-6.2.18.jar:6.2.18]
	at org.springframework.beans.factory.support.AbstractAutowireCapableBeanFactory.invokeInitMethods(AbstractAutowireCapableBeanFactory.java:1873) ~[spring-beans-6.2.18.jar:6.2.18]
	at org.springframework.beans.factory.support.AbstractAutowireCapableBeanFactory.initializeBean(AbstractAutowireCapableBeanFactory.java:1822) ~[spring-beans-6.2.18.jar:6.2.18]
	at org.springframework.beans.factory.support.AbstractAutowireCapableBeanFactory.doCreateBean(AbstractAutowireCapableBeanFactory.java:607) ~[spring-beans-6.2.18.jar:6.2.18]
	at org.springframework.beans.factory.support.AbstractAutowireCapableBeanFactory.createBean(AbstractAutowireCapableBeanFactory.java:529) ~[spring-beans-6.2.18.jar:6.2.18]
	at org.springframework.beans.factory.support.AbstractBeanFactory.lambda$doGetBean$0(AbstractBeanFactory.java:339) ~[spring-beans-6.2.18.jar:6.2.18]
	at org.springframework.beans.factory.support.DefaultSingletonBeanRegistry.getSingleton(DefaultSingletonBeanRegistry.java:373) ~[spring-beans-6.2.18.jar:6.2.18]
	at org.springframework.beans.factory.support.AbstractBeanFactory.doGetBean(AbstractBeanFactory.java:337) ~[spring-beans-6.2.18.jar:6.2.18]
	at org.springframework.beans.factory.support.AbstractBeanFactory.getBean(AbstractBeanFactory.java:202) ~[spring-beans-6.2.18.jar:6.2.18]
	at org.springframework.beans.factory.support.BeanDefinitionValueResolver.resolveReference(BeanDefinitionValueResolver.java:365) ~[spring-beans-6.2.18.jar:6.2.18]
	at org.springframework.beans.factory.support.BeanDefinitionValueResolver.resolveValueIfNecessary(BeanDefinitionValueResolver.java:135) ~[spring-beans-6.2.18.jar:6.2.18]
	at org.springframework.beans.factory.support.ConstructorResolver.resolveConstructorArguments(ConstructorResolver.java:691) ~[spring-beans-6.2.18.jar:6.2.18]
	at org.springframework.beans.factory.support.ConstructorResolver.instantiateUsingFactoryMethod(ConstructorResolver.java:513) ~[spring-beans-6.2.18.jar:6.2.18]
	at org.springframework.beans.factory.support.AbstractAutowireCapableBeanFactory.instantiateUsingFactoryMethod(AbstractAutowireCapableBeanFactory.java:1375) ~[spring-beans-6.2.18.jar:6.2.18]
	at org.springframework.beans.factory.support.AbstractAutowireCapableBeanFactory.createBeanInstance(AbstractAutowireCapableBeanFactory.java:1205) ~[spring-beans-6.2.18.jar:6.2.18]
	at org.springframework.beans.factory.support.AbstractAutowireCapableBeanFactory.doCreateBean(AbstractAutowireCapableBeanFactory.java:569) ~[spring-beans-6.2.18.jar:6.2.18]
	at org.springframework.beans.factory.support.AbstractAutowireCapableBeanFactory.createBean(AbstractAutowireCapableBeanFactory.java:529) ~[spring-beans-6.2.18.jar:6.2.18]
	at org.springframework.beans.factory.support.AbstractBeanFactory.lambda$doGetBean$0(AbstractBeanFactory.java:339) ~[spring-beans-6.2.18.jar:6.2.18]
	at org.springframework.beans.factory.support.DefaultSingletonBeanRegistry.getSingleton(DefaultSingletonBeanRegistry.java:373) ~[spring-beans-6.2.18.jar:6.2.18]
	at org.springframework.beans.factory.support.AbstractBeanFactory.doGetBean(AbstractBeanFactory.java:337) ~[spring-beans-6.2.18.jar:6.2.18]
	at org.springframework.beans.factory.support.AbstractBeanFactory.getBean(AbstractBeanFactory.java:202) ~[spring-beans-6.2.18.jar:6.2.18]
	at org.springframework.beans.factory.support.BeanDefinitionValueResolver.resolveReference(BeanDefinitionValueResolver.java:365) ~[spring-beans-6.2.18.jar:6.2.18]
	at org.springframework.beans.factory.support.BeanDefinitionValueResolver.resolveValueIfNecessary(BeanDefinitionValueResolver.java:135) ~[spring-beans-6.2.18.jar:6.2.18]
	at org.springframework.beans.factory.support.AbstractAutowireCapableBeanFactory.applyPropertyValues(AbstractAutowireCapableBeanFactory.java:1725) ~[spring-beans-6.2.18.jar:6.2.18]
	at org.springframework.beans.factory.support.AbstractAutowireCapableBeanFactory.populateBean(AbstractAutowireCapableBeanFactory.java:1474) ~[spring-beans-6.2.18.jar:6.2.18]
	at org.springframework.beans.factory.support.AbstractAutowireCapableBeanFactory.doCreateBean(AbstractAutowireCapableBeanFactory.java:606) ~[spring-beans-6.2.18.jar:6.2.18]
	at org.springframework.beans.factory.support.AbstractAutowireCapableBeanFactory.createBean(AbstractAutowireCapableBeanFactory.java:529) ~[spring-beans-6.2.18.jar:6.2.18]
	at org.springframework.beans.factory.support.AbstractBeanFactory.lambda$doGetBean$0(AbstractBeanFactory.java:339) ~[spring-beans-6.2.18.jar:6.2.18]
	at org.springframework.beans.factory.support.DefaultSingletonBeanRegistry.getSingleton(DefaultSingletonBeanRegistry.java:373) ~[spring-beans-6.2.18.jar:6.2.18]
	at org.springframework.beans.factory.support.AbstractBeanFactory.doGetBean(AbstractBeanFactory.java:337) ~[spring-beans-6.2.18.jar:6.2.18]
	at org.springframework.beans.factory.support.AbstractBeanFactory.getBean(AbstractBeanFactory.java:202) ~[spring-beans-6.2.18.jar:6.2.18]
	at org.springframework.beans.factory.support.DefaultListableBeanFactory.doResolveDependency(DefaultListableBeanFactory.java:1708) ~[spring-beans-6.2.18.jar:6.2.18]
	at org.springframework.beans.factory.support.DefaultListableBeanFactory.resolveDependency(DefaultListableBeanFactory.java:1653) ~[spring-beans-6.2.18.jar:6.2.18]
	at org.springframework.beans.factory.support.ConstructorResolver.resolveAutowiredArgument(ConstructorResolver.java:913) ~[spring-beans-6.2.18.jar:6.2.18]
	at org.springframework.beans.factory.support.ConstructorResolver.createArgumentArray(ConstructorResolver.java:791) ~[spring-beans-6.2.18.jar:6.2.18]
	at org.springframework.beans.factory.support.ConstructorResolver.autowireConstructor(ConstructorResolver.java:240) ~[spring-beans-6.2.18.jar:6.2.18]
	at org.springframework.beans.factory.support.AbstractAutowireCapableBeanFactory.autowireConstructor(AbstractAutowireCapableBeanFactory.java:1395) ~[spring-beans-6.2.18.jar:6.2.18]
	at org.springframework.beans.factory.support.AbstractAutowireCapableBeanFactory.createBeanInstance(AbstractAutowireCapableBeanFactory.java:1232) ~[spring-beans-6.2.18.jar:6.2.18]
	at org.springframework.beans.factory.support.AbstractAutowireCapableBeanFactory.doCreateBean(AbstractAutowireCapableBeanFactory.java:569) ~[spring-beans-6.2.18.jar:6.2.18]
	at org.springframework.beans.factory.support.AbstractAutowireCapableBeanFactory.createBean(AbstractAutowireCapableBeanFactory.java:529) ~[spring-beans-6.2.18.jar:6.2.18]
	at org.springframework.beans.factory.support.AbstractBeanFactory.lambda$doGetBean$0(AbstractBeanFactory.java:339) ~[spring-beans-6.2.18.jar:6.2.18]
	at org.springframework.beans.factory.support.DefaultSingletonBeanRegistry.getSingleton(DefaultSingletonBeanRegistry.java:373) ~[spring-beans-6.2.18.jar:6.2.18]
	at org.springframework.beans.factory.support.AbstractBeanFactory.doGetBean(AbstractBeanFactory.java:337) ~[spring-beans-6.2.18.jar:6.2.18]
	at org.springframework.beans.factory.support.AbstractBeanFactory.getBean(AbstractBeanFactory.java:207) ~[spring-beans-6.2.18.jar:6.2.18]
	at org.springframework.boot.web.servlet.ServletContextInitializerBeans.getOrderedBeansOfType(ServletContextInitializerBeans.java:230) ~[spring-boot-3.5.14.jar:3.5.14]
	at org.springframework.boot.web.servlet.ServletContextInitializerBeans.addAsRegistrationBean(ServletContextInitializerBeans.java:184) ~[spring-boot-3.5.14.jar:3.5.14]
	at org.springframework.boot.web.servlet.ServletContextInitializerBeans.addAsRegistrationBean(ServletContextInitializerBeans.java:179) ~[spring-boot-3.5.14.jar:3.5.14]
	at org.springframework.boot.web.servlet.ServletContextInitializerBeans.addAdaptableBeans(ServletContextInitializerBeans.java:164) ~[spring-boot-3.5.14.jar:3.5.14]
	at org.springframework.boot.web.servlet.ServletContextInitializerBeans.<init>(ServletContextInitializerBeans.java:96) ~[spring-boot-3.5.14.jar:3.5.14]
	at org.springframework.boot.web.servlet.context.ServletWebServerApplicationContext.getServletContextInitializerBeans(ServletWebServerApplicationContext.java:271) ~[spring-boot-3.5.14.jar:3.5.14]
	at org.springframework.boot.web.servlet.context.ServletWebServerApplicationContext.selfInitialize(ServletWebServerApplicationContext.java:245) ~[spring-boot-3.5.14.jar:3.5.14]
	at org.springframework.boot.web.embedded.tomcat.TomcatStarter.onStartup(TomcatStarter.java:52) ~[spring-boot-3.5.14.jar:3.5.14]
	at org.apache.catalina.core.StandardContext.startInternal(StandardContext.java:4452) ~[tomcat-embed-core-10.1.54.jar:10.1.54]
	at org.apache.catalina.util.LifecycleBase.start(LifecycleBase.java:164) ~[tomcat-embed-core-10.1.54.jar:10.1.54]
	at org.apache.catalina.core.ContainerBase$StartChild.call(ContainerBase.java:1201) ~[tomcat-embed-core-10.1.54.jar:10.1.54]
	at org.apache.catalina.core.ContainerBase$StartChild.call(ContainerBase.java:1191) ~[tomcat-embed-core-10.1.54.jar:10.1.54]
	at java.base/java.util.concurrent.FutureTask.run(Unknown Source) ~[na:na]
	at org.apache.tomcat.util.threads.InlineExecutorService.execute(InlineExecutorService.java:81) ~[tomcat-embed-core-10.1.54.jar:10.1.54]
	at java.base/java.util.concurrent.AbstractExecutorService.submit(Unknown Source) ~[na:na]
	at org.apache.catalina.core.ContainerBase.startInternal(ContainerBase.java:747) ~[tomcat-embed-core-10.1.54.jar:10.1.54]
	at org.apache.catalina.core.StandardHost.startInternal(StandardHost.java:783) ~[tomcat-embed-core-10.1.54.jar:10.1.54]
	at org.apache.catalina.util.LifecycleBase.start(LifecycleBase.java:164) ~[tomcat-embed-core-10.1.54.jar:10.1.54]
	at org.apache.catalina.core.ContainerBase$StartChild.call(ContainerBase.java:1201) ~[tomcat-embed-core-10.1.54.jar:10.1.54]
	at org.apache.catalina.core.ContainerBase$StartChild.call(ContainerBase.java:1191) ~[tomcat-embed-core-10.1.54.jar:10.1.54]
	at java.base/java.util.concurrent.FutureTask.run(Unknown Source) ~[na:na]
	at org.apache.tomcat.util.threads.InlineExecutorService.execute(InlineExecutorService.java:81) ~[tomcat-embed-core-10.1.54.jar:10.1.54]
	at java.base/java.util.concurrent.AbstractExecutorService.submit(Unknown Source) ~[na:na]
	at org.apache.catalina.core.ContainerBase.startInternal(ContainerBase.java:747) ~[tomcat-embed-core-10.1.54.jar:10.1.54]
	at org.apache.catalina.core.StandardEngine.startInternal(StandardEngine.java:201) ~[tomcat-embed-core-10.1.54.jar:10.1.54]
	at org.apache.catalina.util.LifecycleBase.start(LifecycleBase.java:164) ~[tomcat-embed-core-10.1.54.jar:10.1.54]
	at org.apache.catalina.core.StandardService.startInternal(StandardService.java:410) ~[tomcat-embed-core-10.1.54.jar:10.1.54]
	at org.apache.catalina.util.LifecycleBase.start(LifecycleBase.java:164) ~[tomcat-embed-core-10.1.54.jar:10.1.54]
	at org.apache.catalina.core.StandardServer.startInternal(StandardServer.java:868) ~[tomcat-embed-core-10.1.54.jar:10.1.54]
	at org.apache.catalina.util.LifecycleBase.start(LifecycleBase.java:164) ~[tomcat-embed-core-10.1.54.jar:10.1.54]
	at org.apache.catalina.startup.Tomcat.start(Tomcat.java:436) ~[tomcat-embed-core-10.1.54.jar:10.1.54]
	at org.springframework.boot.web.embedded.tomcat.TomcatWebServer.initialize(TomcatWebServer.java:128) ~[spring-boot-3.5.14.jar:3.5.14]
	at org.springframework.boot.web.embedded.tomcat.TomcatWebServer.<init>(TomcatWebServer.java:107) ~[spring-boot-3.5.14.jar:3.5.14]
	at org.springframework.boot.web.embedded.tomcat.TomcatServletWebServerFactory.getTomcatWebServer(TomcatServletWebServerFactory.java:517) ~[spring-boot-3.5.14.jar:3.5.14]
	at org.springframework.boot.web.embedded.tomcat.TomcatServletWebServerFactory.getWebServer(TomcatServletWebServerFactory.java:219) ~[spring-boot-3.5.14.jar:3.5.14]
	at org.springframework.boot.web.servlet.context.ServletWebServerApplicationContext.createWebServer(ServletWebServerApplicationContext.java:193) ~[spring-boot-3.5.14.jar:3.5.14]
	at org.springframework.boot.web.servlet.context.ServletWebServerApplicationContext.onRefresh(ServletWebServerApplicationContext.java:167) ~[spring-boot-3.5.14.jar:3.5.14]
	at org.springframework.context.support.AbstractApplicationContext.refresh(AbstractApplicationContext.java:622) ~[spring-context-6.2.18.jar:6.2.18]
	at org.springframework.boot.web.servlet.context.ServletWebServerApplicationContext.refresh(ServletWebServerApplicationContext.java:146) ~[spring-boot-3.5.14.jar:3.5.14]
	at org.springframework.boot.SpringApplication.refresh(SpringApplication.java:752) ~[spring-boot-3.5.14.jar:3.5.14]
	at org.springframework.boot.SpringApplication.refreshContext(SpringApplication.java:439) ~[spring-boot-3.5.14.jar:3.5.14]
	at org.springframework.boot.SpringApplication.run(SpringApplication.java:318) ~[spring-boot-3.5.14.jar:3.5.14]
	at org.springframework.boot.SpringApplication.run(SpringApplication.java:1361) ~[spring-boot-3.5.14.jar:3.5.14]
	at org.springframework.boot.SpringApplication.run(SpringApplication.java:1350) ~[spring-boot-3.5.14.jar:3.5.14]
	at com.firstteam.taskbountyplatform.TaskBountyPlatformApplication.main(TaskBountyPlatformApplication.java:14) ~[classes/:na]
Caused by: com.mysql.cj.jdbc.exceptions.MysqlDataTruncation: Data truncation: Data too long for column 'config_value' at row 1
	at com.mysql.cj.jdbc.exceptions.SQLExceptionsMapping.translateException(SQLExceptionsMapping.java:96) ~[mysql-connector-j-9.7.0.jar:9.7.0]
	at com.mysql.cj.jdbc.StatementImpl.executeInternal(StatementImpl.java:839) ~[mysql-connector-j-9.7.0.jar:9.7.0]
	at com.mysql.cj.jdbc.StatementImpl.execute(StatementImpl.java:687) ~[mysql-connector-j-9.7.0.jar:9.7.0]
	at com.zaxxer.hikari.pool.ProxyStatement.execute(ProxyStatement.java:95) ~[HikariCP-6.3.3.jar:na]
	at com.zaxxer.hikari.pool.HikariProxyStatement.execute(HikariProxyStatement.java) ~[HikariCP-6.3.3.jar:na]
	at org.hibernate.tool.schema.internal.exec.GenerationTargetToDatabase.accept(GenerationTargetToDatabase.java:80) ~[hibernate-core-6.6.49.Final.jar:6.6.49.Final]
	... 108 common frames omitted

2026-06-11T21:42:43.138+08:00  INFO 1858279 --- [TaskBountyPlatform] [main] j.LocalContainerEntityManagerFactoryBean : Initialized JPA EntityManagerFactory for persistence unit 'default'
2026-06-11T21:42:43.428+08:00  INFO 1858279 --- [TaskBountyPlatform] [main] o.s.d.j.r.query.QueryEnhancerFactory     : Hibernate is in classpath; If applicable, HQL parser will be used.
2026-06-11T21:42:43.888+08:00 DEBUG 1858279 --- [TaskBountyPlatform] [main] c.f.t.a.s.JwtAuthenticationFilter        : Filter 'jwtAuthenticationFilter' configured for use
2026-06-11T21:42:44.795+08:00  WARN 1858279 --- [TaskBountyPlatform] [main] JpaBaseConfiguration$JpaWebConfiguration : spring.jpa.open-in-view is enabled by default. Therefore, database queries may be performed during view rendering. Explicitly configure spring.jpa.open-in-view to disable this warning
2026-06-11T21:42:44.827+08:00  INFO 1858279 --- [TaskBountyPlatform] [main] o.s.b.a.w.s.WelcomePageHandlerMapping    : Adding welcome page: class path resource [static/index.html]
2026-06-11T21:42:45.159+08:00  INFO 1858279 --- [TaskBountyPlatform] [main] o.s.b.a.e.web.EndpointLinksResolver      : Exposing 4 endpoints beneath base path '/actuator'
2026-06-11T21:42:45.203+08:00  WARN 1858279 --- [TaskBountyPlatform] [main] .s.s.UserDetailsServiceAutoConfiguration : 

Using generated security password: b68d40d7-3c6d-4b93-8211-eaa8348e177b

This generated password is for development use only. Your security configuration must be updated before running your application in production.

2026-06-11T21:42:45.210+08:00  INFO 1858279 --- [TaskBountyPlatform] [main] r$InitializeUserDetailsManagerConfigurer : Global AuthenticationManager configured with UserDetailsService bean with name inMemoryUserDetailsManager
2026-06-11T21:42:45.723+08:00  WARN 1858279 --- [TaskBountyPlatform] [main] ConfigServletWebServerApplicationContext : Exception encountered during context initialization - cancelling refresh attempt: org.springframework.context.ApplicationContextException: Failed to start bean 'webServerStartStop'
2026-06-11T21:42:45.730+08:00  INFO 1858279 --- [TaskBountyPlatform] [main] j.LocalContainerEntityManagerFactoryBean : Closing JPA EntityManagerFactory for persistence unit 'default'
2026-06-11T21:42:45.733+08:00  INFO 1858279 --- [TaskBountyPlatform] [main] com.zaxxer.hikari.HikariDataSource       : HikariPool-1 - Shutdown initiated...
2026-06-11T21:42:45.745+08:00  INFO 1858279 --- [TaskBountyPlatform] [main] com.zaxxer.hikari.HikariDataSource       : HikariPool-1 - Shutdown completed.
2026-06-11T21:42:45.767+08:00  INFO 1858279 --- [TaskBountyPlatform] [main] .s.b.a.l.ConditionEvaluationReportLogger : 

Error starting ApplicationContext. To display the condition evaluation report re-run your application with 'debug' enabled.
2026-06-11T21:42:45.777+08:00 ERROR 1858279 --- [TaskBountyPlatform] [main] o.s.b.d.LoggingFailureAnalysisReporter   : 

***************************
APPLICATION FAILED TO START
***************************

Description:

Web server failed to start. Port 8080 was already in use.

Action:

Identify and stop the process that's listening on port 8080 or configure this application to listen on another port.

2026-06-11T21:42:56.963+08:00  INFO 1601903 --- [TaskBountyPlatform] [SpringApplicationShutdownHook] o.s.b.w.e.tomcat.GracefulShutdown        : Commencing graceful shutdown. Waiting for active requests to complete
2026-06-11T21:42:56.966+08:00  INFO 1601903 --- [TaskBountyPlatform] [tomcat-shutdown] o.s.b.w.e.tomcat.GracefulShutdown        : Graceful shutdown complete
2026-06-11T21:42:56.976+08:00  INFO 1601903 --- [TaskBountyPlatform] [SpringApplicationShutdownHook] j.LocalContainerEntityManagerFactoryBean : Closing JPA EntityManagerFactory for persistence unit 'default'
2026-06-11T21:42:56.979+08:00  INFO 1601903 --- [TaskBountyPlatform] [SpringApplicationShutdownHook] com.zaxxer.hikari.HikariDataSource       : HikariPool-1 - Shutdown initiated...
2026-06-11T21:42:56.985+08:00  INFO 1601903 --- [TaskBountyPlatform] [SpringApplicationShutdownHook] com.zaxxer.hikari.HikariDataSource       : HikariPool-1 - Shutdown completed.
2026-06-11T21:43:13.934+08:00  INFO 1864059 --- [TaskBountyPlatform] [main] c.f.t.TaskBountyPlatformApplication      : Starting TaskBountyPlatformApplication using Java 21.0.10 with PID 1864059 (/home/gr/cxy/code/Micro-task-Bounty-Platform/backend/target/classes started by gr in /home/gr/cxy/code/Micro-task-Bounty-Platform/backend)
2026-06-11T21:43:13.935+08:00 DEBUG 1864059 --- [TaskBountyPlatform] [main] c.f.t.TaskBountyPlatformApplication      : Running with Spring Boot v3.5.14, Spring v6.2.18
2026-06-11T21:43:13.935+08:00  INFO 1864059 --- [TaskBountyPlatform] [main] c.f.t.TaskBountyPlatformApplication      : No active profile set, falling back to 1 default profile: "default"
2026-06-11T21:43:14.864+08:00  INFO 1864059 --- [TaskBountyPlatform] [main] .s.d.r.c.RepositoryConfigurationDelegate : Bootstrapping Spring Data JPA repositories in DEFAULT mode.
2026-06-11T21:43:14.944+08:00  INFO 1864059 --- [TaskBountyPlatform] [main] .s.d.r.c.RepositoryConfigurationDelegate : Finished Spring Data repository scanning in 72 ms. Found 18 JPA repository interfaces.
2026-06-11T21:43:15.402+08:00  INFO 1864059 --- [TaskBountyPlatform] [main] o.s.b.w.embedded.tomcat.TomcatWebServer  : Tomcat initialized with port 8080 (http)
2026-06-11T21:43:15.411+08:00  INFO 1864059 --- [TaskBountyPlatform] [main] o.apache.catalina.core.StandardService   : Starting service [Tomcat]
2026-06-11T21:43:15.412+08:00  INFO 1864059 --- [TaskBountyPlatform] [main] o.apache.catalina.core.StandardEngine    : Starting Servlet engine: [Apache Tomcat/10.1.54]
2026-06-11T21:43:15.452+08:00  INFO 1864059 --- [TaskBountyPlatform] [main] o.a.c.c.C.[Tomcat].[localhost].[/]       : Initializing Spring embedded WebApplicationContext
2026-06-11T21:43:15.453+08:00  INFO 1864059 --- [TaskBountyPlatform] [main] w.s.c.ServletWebServerApplicationContext : Root WebApplicationContext: initialization completed in 1489 ms
2026-06-11T21:43:15.670+08:00  INFO 1864059 --- [TaskBountyPlatform] [main] o.hibernate.jpa.internal.util.LogHelper  : HHH000204: Processing PersistenceUnitInfo [name: default]
2026-06-11T21:43:15.708+08:00  INFO 1864059 --- [TaskBountyPlatform] [main] org.hibernate.Version                    : HHH000412: Hibernate ORM core version 6.6.49.Final
2026-06-11T21:43:15.733+08:00  INFO 1864059 --- [TaskBountyPlatform] [main] o.h.c.internal.RegionFactoryInitiator    : HHH000026: Second-level cache disabled
2026-06-11T21:43:15.937+08:00  INFO 1864059 --- [TaskBountyPlatform] [main] o.s.o.j.p.SpringPersistenceUnitInfo      : No LoadTimeWeaver setup: ignoring JPA class transformer
2026-06-11T21:43:15.955+08:00  INFO 1864059 --- [TaskBountyPlatform] [main] com.zaxxer.hikari.HikariDataSource       : HikariPool-1 - Starting...
2026-06-11T21:43:16.225+08:00  INFO 1864059 --- [TaskBountyPlatform] [main] com.zaxxer.hikari.pool.HikariPool        : HikariPool-1 - Added connection com.mysql.cj.jdbc.ConnectionImpl@2b82018
2026-06-11T21:43:16.226+08:00  INFO 1864059 --- [TaskBountyPlatform] [main] com.zaxxer.hikari.HikariDataSource       : HikariPool-1 - Start completed.
2026-06-11T21:43:16.271+08:00  WARN 1864059 --- [TaskBountyPlatform] [main] org.hibernate.orm.deprecation            : HHH90000025: MySQLDialect does not need to be specified explicitly using 'hibernate.dialect' (remove the property setting and it will be selected by default)
2026-06-11T21:43:16.285+08:00  INFO 1864059 --- [TaskBountyPlatform] [main] org.hibernate.orm.connections.pooling    : HHH10001005: Database info:
	Database JDBC URL [Connecting through datasource 'HikariDataSource (HikariPool-1)']
	Database driver: undefined/unknown
	Database version: 8.0.42
	Autocommit mode: undefined/unknown
	Isolation level: undefined/unknown
	Minimum pool size: undefined/unknown
	Maximum pool size: undefined/unknown
2026-06-11T21:43:17.052+08:00  INFO 1864059 --- [TaskBountyPlatform] [main] o.h.e.t.j.p.i.JtaPlatformInitiator       : HHH000489: No JTA platform available (set 'hibernate.transaction.jta.platform' to enable JTA platform integration)
2026-06-11T21:43:17.285+08:00  WARN 1864059 --- [TaskBountyPlatform] [main] o.h.t.s.i.ExceptionHandlerLoggedImpl     : GenerationTarget encountered exception accepting command : Error executing DDL "
    alter table system_configs 
       modify column config_value varchar(500) not null" via JDBC [Data truncation: Data too long for column 'config_value' at row 1]

org.hibernate.tool.schema.spi.CommandAcceptanceException: Error executing DDL "
    alter table system_configs 
       modify column config_value varchar(500) not null" via JDBC [Data truncation: Data too long for column 'config_value' at row 1]
	at org.hibernate.tool.schema.internal.exec.GenerationTargetToDatabase.accept(GenerationTargetToDatabase.java:94) ~[hibernate-core-6.6.49.Final.jar:6.6.49.Final]
	at org.hibernate.tool.schema.internal.AbstractSchemaMigrator.applySqlString(AbstractSchemaMigrator.java:576) ~[hibernate-core-6.6.49.Final.jar:6.6.49.Final]
	at org.hibernate.tool.schema.internal.AbstractSchemaMigrator.applySqlStrings(AbstractSchemaMigrator.java:516) ~[hibernate-core-6.6.49.Final.jar:6.6.49.Final]
	at org.hibernate.tool.schema.internal.AbstractSchemaMigrator.migrateTable(AbstractSchemaMigrator.java:334) ~[hibernate-core-6.6.49.Final.jar:6.6.49.Final]
	at org.hibernate.tool.schema.internal.GroupedSchemaMigratorImpl.performTablesMigration(GroupedSchemaMigratorImpl.java:84) ~[hibernate-core-6.6.49.Final.jar:6.6.49.Final]
	at org.hibernate.tool.schema.internal.AbstractSchemaMigrator.performMigration(AbstractSchemaMigrator.java:233) ~[hibernate-core-6.6.49.Final.jar:6.6.49.Final]
	at org.hibernate.tool.schema.internal.AbstractSchemaMigrator.doMigration(AbstractSchemaMigrator.java:112) ~[hibernate-core-6.6.49.Final.jar:6.6.49.Final]
	at org.hibernate.tool.schema.spi.SchemaManagementToolCoordinator.performDatabaseAction(SchemaManagementToolCoordinator.java:280) ~[hibernate-core-6.6.49.Final.jar:6.6.49.Final]
	at org.hibernate.tool.schema.spi.SchemaManagementToolCoordinator.lambda$process$5(SchemaManagementToolCoordinator.java:144) ~[hibernate-core-6.6.49.Final.jar:6.6.49.Final]
	at java.base/java.util.HashMap.forEach(Unknown Source) ~[na:na]
	at org.hibernate.tool.schema.spi.SchemaManagementToolCoordinator.process(SchemaManagementToolCoordinator.java:141) ~[hibernate-core-6.6.49.Final.jar:6.6.49.Final]
	at org.hibernate.boot.internal.SessionFactoryObserverForSchemaExport.sessionFactoryCreated(SessionFactoryObserverForSchemaExport.java:37) ~[hibernate-core-6.6.49.Final.jar:6.6.49.Final]
	at org.hibernate.internal.SessionFactoryObserverChain.sessionFactoryCreated(SessionFactoryObserverChain.java:35) ~[hibernate-core-6.6.49.Final.jar:6.6.49.Final]
	at org.hibernate.internal.SessionFactoryImpl.<init>(SessionFactoryImpl.java:324) ~[hibernate-core-6.6.49.Final.jar:6.6.49.Final]
	at org.hibernate.boot.internal.SessionFactoryBuilderImpl.build(SessionFactoryBuilderImpl.java:463) ~[hibernate-core-6.6.49.Final.jar:6.6.49.Final]
	at org.hibernate.jpa.boot.internal.EntityManagerFactoryBuilderImpl.build(EntityManagerFactoryBuilderImpl.java:1517) ~[hibernate-core-6.6.49.Final.jar:6.6.49.Final]
	at org.springframework.orm.jpa.vendor.SpringHibernateJpaPersistenceProvider.createContainerEntityManagerFactory(SpringHibernateJpaPersistenceProvider.java:66) ~[spring-orm-6.2.18.jar:6.2.18]
	at org.springframework.orm.jpa.LocalContainerEntityManagerFactoryBean.createNativeEntityManagerFactory(LocalContainerEntityManagerFactoryBean.java:388) ~[spring-orm-6.2.18.jar:6.2.18]
	at org.springframework.orm.jpa.AbstractEntityManagerFactoryBean.buildNativeEntityManagerFactory(AbstractEntityManagerFactoryBean.java:419) ~[spring-orm-6.2.18.jar:6.2.18]
	at org.springframework.orm.jpa.AbstractEntityManagerFactoryBean.afterPropertiesSet(AbstractEntityManagerFactoryBean.java:400) ~[spring-orm-6.2.18.jar:6.2.18]
	at org.springframework.orm.jpa.LocalContainerEntityManagerFactoryBean.afterPropertiesSet(LocalContainerEntityManagerFactoryBean.java:364) ~[spring-orm-6.2.18.jar:6.2.18]
	at org.springframework.beans.factory.support.AbstractAutowireCapableBeanFactory.invokeInitMethods(AbstractAutowireCapableBeanFactory.java:1873) ~[spring-beans-6.2.18.jar:6.2.18]
	at org.springframework.beans.factory.support.AbstractAutowireCapableBeanFactory.initializeBean(AbstractAutowireCapableBeanFactory.java:1822) ~[spring-beans-6.2.18.jar:6.2.18]
	at org.springframework.beans.factory.support.AbstractAutowireCapableBeanFactory.doCreateBean(AbstractAutowireCapableBeanFactory.java:607) ~[spring-beans-6.2.18.jar:6.2.18]
	at org.springframework.beans.factory.support.AbstractAutowireCapableBeanFactory.createBean(AbstractAutowireCapableBeanFactory.java:529) ~[spring-beans-6.2.18.jar:6.2.18]
	at org.springframework.beans.factory.support.AbstractBeanFactory.lambda$doGetBean$0(AbstractBeanFactory.java:339) ~[spring-beans-6.2.18.jar:6.2.18]
	at org.springframework.beans.factory.support.DefaultSingletonBeanRegistry.getSingleton(DefaultSingletonBeanRegistry.java:373) ~[spring-beans-6.2.18.jar:6.2.18]
	at org.springframework.beans.factory.support.AbstractBeanFactory.doGetBean(AbstractBeanFactory.java:337) ~[spring-beans-6.2.18.jar:6.2.18]
	at org.springframework.beans.factory.support.AbstractBeanFactory.getBean(AbstractBeanFactory.java:202) ~[spring-beans-6.2.18.jar:6.2.18]
	at org.springframework.beans.factory.support.BeanDefinitionValueResolver.resolveReference(BeanDefinitionValueResolver.java:365) ~[spring-beans-6.2.18.jar:6.2.18]
	at org.springframework.beans.factory.support.BeanDefinitionValueResolver.resolveValueIfNecessary(BeanDefinitionValueResolver.java:135) ~[spring-beans-6.2.18.jar:6.2.18]
	at org.springframework.beans.factory.support.ConstructorResolver.resolveConstructorArguments(ConstructorResolver.java:691) ~[spring-beans-6.2.18.jar:6.2.18]
	at org.springframework.beans.factory.support.ConstructorResolver.instantiateUsingFactoryMethod(ConstructorResolver.java:513) ~[spring-beans-6.2.18.jar:6.2.18]
	at org.springframework.beans.factory.support.AbstractAutowireCapableBeanFactory.instantiateUsingFactoryMethod(AbstractAutowireCapableBeanFactory.java:1375) ~[spring-beans-6.2.18.jar:6.2.18]
	at org.springframework.beans.factory.support.AbstractAutowireCapableBeanFactory.createBeanInstance(AbstractAutowireCapableBeanFactory.java:1205) ~[spring-beans-6.2.18.jar:6.2.18]
	at org.springframework.beans.factory.support.AbstractAutowireCapableBeanFactory.doCreateBean(AbstractAutowireCapableBeanFactory.java:569) ~[spring-beans-6.2.18.jar:6.2.18]
	at org.springframework.beans.factory.support.AbstractAutowireCapableBeanFactory.createBean(AbstractAutowireCapableBeanFactory.java:529) ~[spring-beans-6.2.18.jar:6.2.18]
	at org.springframework.beans.factory.support.AbstractBeanFactory.lambda$doGetBean$0(AbstractBeanFactory.java:339) ~[spring-beans-6.2.18.jar:6.2.18]
	at org.springframework.beans.factory.support.DefaultSingletonBeanRegistry.getSingleton(DefaultSingletonBeanRegistry.java:373) ~[spring-beans-6.2.18.jar:6.2.18]
	at org.springframework.beans.factory.support.AbstractBeanFactory.doGetBean(AbstractBeanFactory.java:337) ~[spring-beans-6.2.18.jar:6.2.18]
	at org.springframework.beans.factory.support.AbstractBeanFactory.getBean(AbstractBeanFactory.java:202) ~[spring-beans-6.2.18.jar:6.2.18]
	at org.springframework.beans.factory.support.BeanDefinitionValueResolver.resolveReference(BeanDefinitionValueResolver.java:365) ~[spring-beans-6.2.18.jar:6.2.18]
	at org.springframework.beans.factory.support.BeanDefinitionValueResolver.resolveValueIfNecessary(BeanDefinitionValueResolver.java:135) ~[spring-beans-6.2.18.jar:6.2.18]
	at org.springframework.beans.factory.support.AbstractAutowireCapableBeanFactory.applyPropertyValues(AbstractAutowireCapableBeanFactory.java:1725) ~[spring-beans-6.2.18.jar:6.2.18]
	at org.springframework.beans.factory.support.AbstractAutowireCapableBeanFactory.populateBean(AbstractAutowireCapableBeanFactory.java:1474) ~[spring-beans-6.2.18.jar:6.2.18]
	at org.springframework.beans.factory.support.AbstractAutowireCapableBeanFactory.doCreateBean(AbstractAutowireCapableBeanFactory.java:606) ~[spring-beans-6.2.18.jar:6.2.18]
	at org.springframework.beans.factory.support.AbstractAutowireCapableBeanFactory.createBean(AbstractAutowireCapableBeanFactory.java:529) ~[spring-beans-6.2.18.jar:6.2.18]
	at org.springframework.beans.factory.support.AbstractBeanFactory.lambda$doGetBean$0(AbstractBeanFactory.java:339) ~[spring-beans-6.2.18.jar:6.2.18]
	at org.springframework.beans.factory.support.DefaultSingletonBeanRegistry.getSingleton(DefaultSingletonBeanRegistry.java:373) ~[spring-beans-6.2.18.jar:6.2.18]
	at org.springframework.beans.factory.support.AbstractBeanFactory.doGetBean(AbstractBeanFactory.java:337) ~[spring-beans-6.2.18.jar:6.2.18]
	at org.springframework.beans.factory.support.AbstractBeanFactory.getBean(AbstractBeanFactory.java:202) ~[spring-beans-6.2.18.jar:6.2.18]
	at org.springframework.beans.factory.support.DefaultListableBeanFactory.doResolveDependency(DefaultListableBeanFactory.java:1708) ~[spring-beans-6.2.18.jar:6.2.18]
	at org.springframework.beans.factory.support.DefaultListableBeanFactory.resolveDependency(DefaultListableBeanFactory.java:1653) ~[spring-beans-6.2.18.jar:6.2.18]
	at org.springframework.beans.factory.support.ConstructorResolver.resolveAutowiredArgument(ConstructorResolver.java:913) ~[spring-beans-6.2.18.jar:6.2.18]
	at org.springframework.beans.factory.support.ConstructorResolver.createArgumentArray(ConstructorResolver.java:791) ~[spring-beans-6.2.18.jar:6.2.18]
	at org.springframework.beans.factory.support.ConstructorResolver.autowireConstructor(ConstructorResolver.java:240) ~[spring-beans-6.2.18.jar:6.2.18]
	at org.springframework.beans.factory.support.AbstractAutowireCapableBeanFactory.autowireConstructor(AbstractAutowireCapableBeanFactory.java:1395) ~[spring-beans-6.2.18.jar:6.2.18]
	at org.springframework.beans.factory.support.AbstractAutowireCapableBeanFactory.createBeanInstance(AbstractAutowireCapableBeanFactory.java:1232) ~[spring-beans-6.2.18.jar:6.2.18]
	at org.springframework.beans.factory.support.AbstractAutowireCapableBeanFactory.doCreateBean(AbstractAutowireCapableBeanFactory.java:569) ~[spring-beans-6.2.18.jar:6.2.18]
	at org.springframework.beans.factory.support.AbstractAutowireCapableBeanFactory.createBean(AbstractAutowireCapableBeanFactory.java:529) ~[spring-beans-6.2.18.jar:6.2.18]
	at org.springframework.beans.factory.support.AbstractBeanFactory.lambda$doGetBean$0(AbstractBeanFactory.java:339) ~[spring-beans-6.2.18.jar:6.2.18]
	at org.springframework.beans.factory.support.DefaultSingletonBeanRegistry.getSingleton(DefaultSingletonBeanRegistry.java:373) ~[spring-beans-6.2.18.jar:6.2.18]
	at org.springframework.beans.factory.support.AbstractBeanFactory.doGetBean(AbstractBeanFactory.java:337) ~[spring-beans-6.2.18.jar:6.2.18]
	at org.springframework.beans.factory.support.AbstractBeanFactory.getBean(AbstractBeanFactory.java:207) ~[spring-beans-6.2.18.jar:6.2.18]
	at org.springframework.boot.web.servlet.ServletContextInitializerBeans.getOrderedBeansOfType(ServletContextInitializerBeans.java:230) ~[spring-boot-3.5.14.jar:3.5.14]
	at org.springframework.boot.web.servlet.ServletContextInitializerBeans.addAsRegistrationBean(ServletContextInitializerBeans.java:184) ~[spring-boot-3.5.14.jar:3.5.14]
	at org.springframework.boot.web.servlet.ServletContextInitializerBeans.addAsRegistrationBean(ServletContextInitializerBeans.java:179) ~[spring-boot-3.5.14.jar:3.5.14]
	at org.springframework.boot.web.servlet.ServletContextInitializerBeans.addAdaptableBeans(ServletContextInitializerBeans.java:164) ~[spring-boot-3.5.14.jar:3.5.14]
	at org.springframework.boot.web.servlet.ServletContextInitializerBeans.<init>(ServletContextInitializerBeans.java:96) ~[spring-boot-3.5.14.jar:3.5.14]
	at org.springframework.boot.web.servlet.context.ServletWebServerApplicationContext.getServletContextInitializerBeans(ServletWebServerApplicationContext.java:271) ~[spring-boot-3.5.14.jar:3.5.14]
	at org.springframework.boot.web.servlet.context.ServletWebServerApplicationContext.selfInitialize(ServletWebServerApplicationContext.java:245) ~[spring-boot-3.5.14.jar:3.5.14]
	at org.springframework.boot.web.embedded.tomcat.TomcatStarter.onStartup(TomcatStarter.java:52) ~[spring-boot-3.5.14.jar:3.5.14]
	at org.apache.catalina.core.StandardContext.startInternal(StandardContext.java:4452) ~[tomcat-embed-core-10.1.54.jar:10.1.54]
	at org.apache.catalina.util.LifecycleBase.start(LifecycleBase.java:164) ~[tomcat-embed-core-10.1.54.jar:10.1.54]
	at org.apache.catalina.core.ContainerBase$StartChild.call(ContainerBase.java:1201) ~[tomcat-embed-core-10.1.54.jar:10.1.54]
	at org.apache.catalina.core.ContainerBase$StartChild.call(ContainerBase.java:1191) ~[tomcat-embed-core-10.1.54.jar:10.1.54]
	at java.base/java.util.concurrent.FutureTask.run(Unknown Source) ~[na:na]
	at org.apache.tomcat.util.threads.InlineExecutorService.execute(InlineExecutorService.java:81) ~[tomcat-embed-core-10.1.54.jar:10.1.54]
	at java.base/java.util.concurrent.AbstractExecutorService.submit(Unknown Source) ~[na:na]
	at org.apache.catalina.core.ContainerBase.startInternal(ContainerBase.java:747) ~[tomcat-embed-core-10.1.54.jar:10.1.54]
	at org.apache.catalina.core.StandardHost.startInternal(StandardHost.java:783) ~[tomcat-embed-core-10.1.54.jar:10.1.54]
	at org.apache.catalina.util.LifecycleBase.start(LifecycleBase.java:164) ~[tomcat-embed-core-10.1.54.jar:10.1.54]
	at org.apache.catalina.core.ContainerBase$StartChild.call(ContainerBase.java:1201) ~[tomcat-embed-core-10.1.54.jar:10.1.54]
	at org.apache.catalina.core.ContainerBase$StartChild.call(ContainerBase.java:1191) ~[tomcat-embed-core-10.1.54.jar:10.1.54]
	at java.base/java.util.concurrent.FutureTask.run(Unknown Source) ~[na:na]
	at org.apache.tomcat.util.threads.InlineExecutorService.execute(InlineExecutorService.java:81) ~[tomcat-embed-core-10.1.54.jar:10.1.54]
	at java.base/java.util.concurrent.AbstractExecutorService.submit(Unknown Source) ~[na:na]
	at org.apache.catalina.core.ContainerBase.startInternal(ContainerBase.java:747) ~[tomcat-embed-core-10.1.54.jar:10.1.54]
	at org.apache.catalina.core.StandardEngine.startInternal(StandardEngine.java:201) ~[tomcat-embed-core-10.1.54.jar:10.1.54]
	at org.apache.catalina.util.LifecycleBase.start(LifecycleBase.java:164) ~[tomcat-embed-core-10.1.54.jar:10.1.54]
	at org.apache.catalina.core.StandardService.startInternal(StandardService.java:410) ~[tomcat-embed-core-10.1.54.jar:10.1.54]
	at org.apache.catalina.util.LifecycleBase.start(LifecycleBase.java:164) ~[tomcat-embed-core-10.1.54.jar:10.1.54]
	at org.apache.catalina.core.StandardServer.startInternal(StandardServer.java:868) ~[tomcat-embed-core-10.1.54.jar:10.1.54]
	at org.apache.catalina.util.LifecycleBase.start(LifecycleBase.java:164) ~[tomcat-embed-core-10.1.54.jar:10.1.54]
	at org.apache.catalina.startup.Tomcat.start(Tomcat.java:436) ~[tomcat-embed-core-10.1.54.jar:10.1.54]
	at org.springframework.boot.web.embedded.tomcat.TomcatWebServer.initialize(TomcatWebServer.java:128) ~[spring-boot-3.5.14.jar:3.5.14]
	at org.springframework.boot.web.embedded.tomcat.TomcatWebServer.<init>(TomcatWebServer.java:107) ~[spring-boot-3.5.14.jar:3.5.14]
	at org.springframework.boot.web.embedded.tomcat.TomcatServletWebServerFactory.getTomcatWebServer(TomcatServletWebServerFactory.java:517) ~[spring-boot-3.5.14.jar:3.5.14]
	at org.springframework.boot.web.embedded.tomcat.TomcatServletWebServerFactory.getWebServer(TomcatServletWebServerFactory.java:219) ~[spring-boot-3.5.14.jar:3.5.14]
	at org.springframework.boot.web.servlet.context.ServletWebServerApplicationContext.createWebServer(ServletWebServerApplicationContext.java:193) ~[spring-boot-3.5.14.jar:3.5.14]
	at org.springframework.boot.web.servlet.context.ServletWebServerApplicationContext.onRefresh(ServletWebServerApplicationContext.java:167) ~[spring-boot-3.5.14.jar:3.5.14]
	at org.springframework.context.support.AbstractApplicationContext.refresh(AbstractApplicationContext.java:622) ~[spring-context-6.2.18.jar:6.2.18]
	at org.springframework.boot.web.servlet.context.ServletWebServerApplicationContext.refresh(ServletWebServerApplicationContext.java:146) ~[spring-boot-3.5.14.jar:3.5.14]
	at org.springframework.boot.SpringApplication.refresh(SpringApplication.java:752) ~[spring-boot-3.5.14.jar:3.5.14]
	at org.springframework.boot.SpringApplication.refreshContext(SpringApplication.java:439) ~[spring-boot-3.5.14.jar:3.5.14]
	at org.springframework.boot.SpringApplication.run(SpringApplication.java:318) ~[spring-boot-3.5.14.jar:3.5.14]
	at org.springframework.boot.SpringApplication.run(SpringApplication.java:1361) ~[spring-boot-3.5.14.jar:3.5.14]
	at org.springframework.boot.SpringApplication.run(SpringApplication.java:1350) ~[spring-boot-3.5.14.jar:3.5.14]
	at com.firstteam.taskbountyplatform.TaskBountyPlatformApplication.main(TaskBountyPlatformApplication.java:14) ~[classes/:na]
Caused by: com.mysql.cj.jdbc.exceptions.MysqlDataTruncation: Data truncation: Data too long for column 'config_value' at row 1
	at com.mysql.cj.jdbc.exceptions.SQLExceptionsMapping.translateException(SQLExceptionsMapping.java:96) ~[mysql-connector-j-9.7.0.jar:9.7.0]
	at com.mysql.cj.jdbc.StatementImpl.executeInternal(StatementImpl.java:839) ~[mysql-connector-j-9.7.0.jar:9.7.0]
	at com.mysql.cj.jdbc.StatementImpl.execute(StatementImpl.java:687) ~[mysql-connector-j-9.7.0.jar:9.7.0]
	at com.zaxxer.hikari.pool.ProxyStatement.execute(ProxyStatement.java:95) ~[HikariCP-6.3.3.jar:na]
	at com.zaxxer.hikari.pool.HikariProxyStatement.execute(HikariProxyStatement.java) ~[HikariCP-6.3.3.jar:na]
	at org.hibernate.tool.schema.internal.exec.GenerationTargetToDatabase.accept(GenerationTargetToDatabase.java:80) ~[hibernate-core-6.6.49.Final.jar:6.6.49.Final]
	... 108 common frames omitted

2026-06-11T21:43:17.330+08:00  INFO 1864059 --- [TaskBountyPlatform] [main] j.LocalContainerEntityManagerFactoryBean : Initialized JPA EntityManagerFactory for persistence unit 'default'
2026-06-11T21:43:17.553+08:00  INFO 1864059 --- [TaskBountyPlatform] [main] o.s.d.j.r.query.QueryEnhancerFactory     : Hibernate is in classpath; If applicable, HQL parser will be used.
2026-06-11T21:43:17.976+08:00 DEBUG 1864059 --- [TaskBountyPlatform] [main] c.f.t.a.s.JwtAuthenticationFilter        : Filter 'jwtAuthenticationFilter' configured for use
2026-06-11T21:43:18.860+08:00  WARN 1864059 --- [TaskBountyPlatform] [main] JpaBaseConfiguration$JpaWebConfiguration : spring.jpa.open-in-view is enabled by default. Therefore, database queries may be performed during view rendering. Explicitly configure spring.jpa.open-in-view to disable this warning
2026-06-11T21:43:18.902+08:00  INFO 1864059 --- [TaskBountyPlatform] [main] o.s.b.a.w.s.WelcomePageHandlerMapping    : Adding welcome page: class path resource [static/index.html]
2026-06-11T21:43:19.179+08:00  INFO 1864059 --- [TaskBountyPlatform] [main] o.s.b.a.e.web.EndpointLinksResolver      : Exposing 4 endpoints beneath base path '/actuator'
2026-06-11T21:43:19.223+08:00  WARN 1864059 --- [TaskBountyPlatform] [main] .s.s.UserDetailsServiceAutoConfiguration : 

Using generated security password: d63f6c4a-8c42-43b5-9a02-a1c79b84028d

This generated password is for development use only. Your security configuration must be updated before running your application in production.

2026-06-11T21:43:19.229+08:00  INFO 1864059 --- [TaskBountyPlatform] [main] r$InitializeUserDetailsManagerConfigurer : Global AuthenticationManager configured with UserDetailsService bean with name inMemoryUserDetailsManager
2026-06-11T21:43:19.672+08:00  INFO 1864059 --- [TaskBountyPlatform] [main] o.s.b.w.embedded.tomcat.TomcatWebServer  : Tomcat started on port 8080 (http) with context path '/'
2026-06-11T21:43:19.693+08:00  INFO 1864059 --- [TaskBountyPlatform] [main] c.f.t.TaskBountyPlatformApplication      : Started TaskBountyPlatformApplication in 6.152 seconds (process running for 6.366)
2026-06-11T21:43:30.639+08:00  INFO 1864059 --- [TaskBountyPlatform] [http-nio-8080-exec-1] o.a.c.c.C.[Tomcat].[localhost].[/]       : Initializing Spring DispatcherServlet 'dispatcherServlet'
2026-06-11T21:43:30.640+08:00  INFO 1864059 --- [TaskBountyPlatform] [http-nio-8080-exec-1] o.s.web.servlet.DispatcherServlet        : Initializing Servlet 'dispatcherServlet'
2026-06-11T21:43:30.641+08:00  INFO 1864059 --- [TaskBountyPlatform] [http-nio-8080-exec-1] o.s.web.servlet.DispatcherServlet        : Completed initialization in 1 ms
2026-06-11T21:43:35.288+08:00 DEBUG 1864059 --- [TaskBountyPlatform] [http-nio-8080-exec-4] c.f.t.c.e.GlobalExceptionHandler         : SPA fallback: /task-hall -> /index.html
2026-06-11T21:43:37.072+08:00 DEBUG 1864059 --- [TaskBountyPlatform] [http-nio-8080-exec-5] c.f.t.c.e.GlobalExceptionHandler         : SPA fallback: /task-hall -> /index.html
2026-06-11T21:43:44.381+08:00 DEBUG 1864059 --- [TaskBountyPlatform] [http-nio-8080-exec-5] c.f.t.c.e.GlobalExceptionHandler         : SPA fallback: /.well-known/appspecific/com.chrome.devtools.json -> /index.html
2026-06-11T21:43:52.354+08:00 DEBUG 1864059 --- [TaskBountyPlatform] [http-nio-8080-exec-8] c.f.t.c.e.GlobalExceptionHandler         : SPA fallback: /avatars/default.png -> /index.html
2026-06-11T21:44:07.989+08:00 DEBUG 1864059 --- [TaskBountyPlatform] [http-nio-8080-exec-10] c.f.t.c.e.GlobalExceptionHandler         : SPA fallback: /task-hall -> /index.html
2026-06-11T21:44:07.989+08:00 DEBUG 1864059 --- [TaskBountyPlatform] [http-nio-8080-exec-3] c.f.t.c.e.GlobalExceptionHandler         : SPA fallback: /.well-known/appspecific/com.chrome.devtools.json -> /index.html
2026-06-11T21:44:16.999+08:00 DEBUG 1864059 --- [TaskBountyPlatform] [http-nio-8080-exec-9] c.f.t.c.e.GlobalExceptionHandler         : SPA fallback: /task/18 -> /index.html
2026-06-11T21:44:17.080+08:00 DEBUG 1864059 --- [TaskBountyPlatform] [http-nio-8080-exec-3] c.f.t.c.e.GlobalExceptionHandler         : SPA fallback: /.well-known/appspecific/com.chrome.devtools.json -> /index.html
2026-06-11T21:44:56.931+08:00 DEBUG 1864059 --- [TaskBountyPlatform] [http-nio-8080-exec-3] c.f.t.c.e.GlobalExceptionHandler         : SPA fallback: /avatars/default.png -> /index.html
2026-06-11T21:45:00.004+08:00  INFO 1864059 --- [TaskBountyPlatform] [scheduling-1] c.f.t.scheduler.TaskTimeoutScheduler     : Starting checkUnclaimedTaskTimeout...
2026-06-11T21:45:00.062+08:00  INFO 1864059 --- [TaskBountyPlatform] [scheduling-1] c.f.t.scheduler.TaskTimeoutScheduler     : Found 0 published tasks past auto-cancel deadline
2026-06-11T21:45:00.062+08:00  INFO 1864059 --- [TaskBountyPlatform] [scheduling-1] c.f.t.scheduler.TaskTimeoutScheduler     : checkUnclaimedTaskTimeout completed. Processed 0 tasks
2026-06-11T21:45:00.064+08:00  INFO 1864059 --- [TaskBountyPlatform] [scheduling-1] c.f.t.scheduler.ReviewTimeoutScheduler   : Starting createDefaultReviews...
2026-06-11T21:45:00.071+08:00  INFO 1864059 --- [TaskBountyPlatform] [scheduling-1] c.f.t.scheduler.ReviewTimeoutScheduler   : Found 0 COMPLETED tasks older than 24 hours
2026-06-11T21:45:00.071+08:00  INFO 1864059 --- [TaskBountyPlatform] [scheduling-1] c.f.t.scheduler.ReviewTimeoutScheduler   : createDefaultReviews completed. Created 0 default reviews
2026-06-11T21:45:00.072+08:00  INFO 1864059 --- [TaskBountyPlatform] [scheduling-1] c.f.t.scheduler.TaskTimeoutScheduler     : Starting checkPendingConfirmationTimeout...
2026-06-11T21:45:00.077+08:00  INFO 1864059 --- [TaskBountyPlatform] [scheduling-1] c.f.t.scheduler.TaskTimeoutScheduler     : Found 0 PENDING_CONFIRMATION tasks
2026-06-11T21:45:00.077+08:00  INFO 1864059 --- [TaskBountyPlatform] [scheduling-1] c.f.t.scheduler.TaskTimeoutScheduler     : checkPendingConfirmationTimeout completed. Processed 0 tasks
2026-06-11T21:45:00.077+08:00  INFO 1864059 --- [TaskBountyPlatform] [scheduling-1] c.f.t.scheduler.TaskTimeoutScheduler     : Starting checkDeliveryTimeout...
2026-06-11T21:45:00.082+08:00  INFO 1864059 --- [TaskBountyPlatform] [scheduling-1] c.f.t.scheduler.TaskTimeoutScheduler     : Found 1 overdue IN_PROGRESS tasks
2026-06-11T21:45:00.123+08:00 DEBUG 1864059 --- [TaskBountyPlatform] [scheduling-1] c.f.t.n.service.NotificationService      : Notification created: id=217, receiverId=1, type=TASK_UPDATE
2026-06-11T21:45:00.131+08:00 DEBUG 1864059 --- [TaskBountyPlatform] [scheduling-1] c.f.t.n.service.NotificationService      : Notification created: id=218, receiverId=13, type=TASK_UPDATE
2026-06-11T21:45:00.132+08:00  INFO 1864059 --- [TaskBountyPlatform] [scheduling-1] c.f.t.scheduler.TaskTimeoutScheduler     : checkDeliveryTimeout completed. Processed 1 tasks
2026-06-11T21:45:15.278+08:00 DEBUG 1864059 --- [TaskBountyPlatform] [http-nio-8080-exec-6] c.f.t.c.e.GlobalExceptionHandler         : SPA fallback: /task-hall -> /index.html
2026-06-11T21:45:16.104+08:00 DEBUG 1864059 --- [TaskBountyPlatform] [http-nio-8080-exec-10] c.f.t.c.e.GlobalExceptionHandler         : SPA fallback: /.well-known/appspecific/com.chrome.devtools.json -> /index.html
2026-06-11T21:45:19.517+08:00 DEBUG 1864059 --- [TaskBountyPlatform] [http-nio-8080-exec-6] c.f.t.c.e.GlobalExceptionHandler         : SPA fallback: /task/18 -> /index.html
2026-06-11T21:45:19.603+08:00 DEBUG 1864059 --- [TaskBountyPlatform] [http-nio-8080-exec-10] c.f.t.c.e.GlobalExceptionHandler         : SPA fallback: /.well-known/appspecific/com.chrome.devtools.json -> /index.html
2026-06-11T21:45:45.230+08:00 DEBUG 1864059 --- [TaskBountyPlatform] [http-nio-8080-exec-10] c.f.t.audit.service.AuditLogService      : Audit log created: id=29, operatorId=3, actionType=TASK_PUBLISH, targetType=TASK, targetId=19
2026-06-11T21:45:45.230+08:00  INFO 1864059 --- [TaskBountyPlatform] [http-nio-8080-exec-10] c.f.t.task.service.TaskService           : Task published: id=19, publisherId=3, title=李四发布测试, reward=50
2026-06-11T21:45:50.843+08:00 DEBUG 1864059 --- [TaskBountyPlatform] [http-nio-8080-exec-9] c.f.t.c.e.GlobalExceptionHandler         : SPA fallback: /task/18 -> /index.html
2026-06-11T21:45:50.925+08:00 DEBUG 1864059 --- [TaskBountyPlatform] [http-nio-8080-exec-3] c.f.t.c.e.GlobalExceptionHandler         : SPA fallback: /.well-known/appspecific/com.chrome.devtools.json -> /index.html
2026-06-11T21:46:03.303+08:00 DEBUG 1864059 --- [TaskBountyPlatform] [http-nio-8080-exec-1] c.f.t.c.e.GlobalExceptionHandler         : SPA fallback: /task/19 -> /index.html
2026-06-11T21:46:03.397+08:00 DEBUG 1864059 --- [TaskBountyPlatform] [http-nio-8080-exec-6] c.f.t.c.e.GlobalExceptionHandler         : SPA fallback: /.well-known/appspecific/com.chrome.devtools.json -> /index.html
2026-06-11T21:50:00.003+08:00  INFO 1864059 --- [TaskBountyPlatform] [scheduling-1] c.f.t.s.ReviewAuditTimeoutScheduler      : Starting checkReviewAuditTimeout...
2026-06-11T21:50:00.017+08:00 DEBUG 1864059 --- [TaskBountyPlatform] [scheduling-1] c.f.t.s.ReviewAuditTimeoutScheduler      : No expired review audits found
2026-06-11T21:50:00.020+08:00  INFO 1864059 --- [TaskBountyPlatform] [scheduling-1] c.f.t.scheduler.TaskTimeoutScheduler     : Starting checkPendingConfirmationTimeout...
2026-06-11T21:50:00.022+08:00  INFO 1864059 --- [TaskBountyPlatform] [scheduling-1] c.f.t.scheduler.TaskTimeoutScheduler     : Found 0 PENDING_CONFIRMATION tasks
2026-06-11T21:50:00.023+08:00  INFO 1864059 --- [TaskBountyPlatform] [scheduling-1] c.f.t.scheduler.TaskTimeoutScheduler     : checkPendingConfirmationTimeout completed. Processed 0 tasks
2026-06-11T21:50:00.023+08:00  INFO 1864059 --- [TaskBountyPlatform] [scheduling-1] c.f.t.scheduler.TaskTimeoutScheduler     : Starting checkDeliveryTimeout...
2026-06-11T21:50:00.025+08:00  INFO 1864059 --- [TaskBountyPlatform] [scheduling-1] c.f.t.scheduler.TaskTimeoutScheduler     : Found 1 overdue IN_PROGRESS tasks
2026-06-11T21:50:00.031+08:00 DEBUG 1864059 --- [TaskBountyPlatform] [scheduling-1] c.f.t.n.service.NotificationService      : Notification created: id=219, receiverId=1, type=TASK_UPDATE
2026-06-11T21:50:00.040+08:00 DEBUG 1864059 --- [TaskBountyPlatform] [scheduling-1] c.f.t.n.service.NotificationService      : Notification created: id=220, receiverId=13, type=TASK_UPDATE
2026-06-11T21:50:00.042+08:00  INFO 1864059 --- [TaskBountyPlatform] [scheduling-1] c.f.t.scheduler.TaskTimeoutScheduler     : checkDeliveryTimeout completed. Processed 1 tasks
2026-06-11T21:50:00.042+08:00  INFO 1864059 --- [TaskBountyPlatform] [scheduling-1] c.f.t.scheduler.TaskTimeoutScheduler     : Starting checkUnclaimedTaskTimeout...
2026-06-11T21:50:00.045+08:00  INFO 1864059 --- [TaskBountyPlatform] [scheduling-1] c.f.t.scheduler.TaskTimeoutScheduler     : Found 0 published tasks past auto-cancel deadline
2026-06-11T21:50:00.046+08:00  INFO 1864059 --- [TaskBountyPlatform] [scheduling-1] c.f.t.scheduler.TaskTimeoutScheduler     : checkUnclaimedTaskTimeout completed. Processed 0 tasks
2026-06-11T21:52:07.206+08:00  INFO 1864059 --- [TaskBountyPlatform] [SpringApplicationShutdownHook] o.s.b.w.e.tomcat.GracefulShutdown        : Commencing graceful shutdown. Waiting for active requests to complete
2026-06-11T21:52:07.208+08:00  INFO 1864059 --- [TaskBountyPlatform] [tomcat-shutdown] o.s.b.w.e.tomcat.GracefulShutdown        : Graceful shutdown complete
2026-06-11T21:52:07.220+08:00  INFO 1864059 --- [TaskBountyPlatform] [SpringApplicationShutdownHook] j.LocalContainerEntityManagerFactoryBean : Closing JPA EntityManagerFactory for persistence unit 'default'
2026-06-11T21:52:07.223+08:00  INFO 1864059 --- [TaskBountyPlatform] [SpringApplicationShutdownHook] com.zaxxer.hikari.HikariDataSource       : HikariPool-1 - Shutdown initiated...
2026-06-11T21:52:07.231+08:00  INFO 1864059 --- [TaskBountyPlatform] [SpringApplicationShutdownHook] com.zaxxer.hikari.HikariDataSource       : HikariPool-1 - Shutdown completed.
2026-06-11T21:52:35.200+08:00  INFO 2144002 --- [TaskBountyPlatform] [main] c.f.t.TaskBountyPlatformApplication      : Starting TaskBountyPlatformApplication v0.0.1-SNAPSHOT using Java 17.0.15 with PID 2144002 (/home/gr/cxy/code/Micro-task-Bounty-Platform/backend/target/TaskBountyPlatform-0.0.1-SNAPSHOT.jar started by gr in /home/gr/cxy/code/Micro-task-Bounty-Platform/backend)
2026-06-11T21:52:35.201+08:00 DEBUG 2144002 --- [TaskBountyPlatform] [main] c.f.t.TaskBountyPlatformApplication      : Running with Spring Boot v3.5.14, Spring v6.2.18
2026-06-11T21:52:35.202+08:00  INFO 2144002 --- [TaskBountyPlatform] [main] c.f.t.TaskBountyPlatformApplication      : No active profile set, falling back to 1 default profile: "default"
2026-06-11T21:52:36.500+08:00  INFO 2144002 --- [TaskBountyPlatform] [main] .s.d.r.c.RepositoryConfigurationDelegate : Bootstrapping Spring Data JPA repositories in DEFAULT mode.
2026-06-11T21:52:36.591+08:00  INFO 2144002 --- [TaskBountyPlatform] [main] .s.d.r.c.RepositoryConfigurationDelegate : Finished Spring Data repository scanning in 80 ms. Found 18 JPA repository interfaces.
2026-06-11T21:52:37.279+08:00  INFO 2144002 --- [TaskBountyPlatform] [main] o.s.b.w.embedded.tomcat.TomcatWebServer  : Tomcat initialized with port 8080 (http)
2026-06-11T21:52:37.294+08:00  INFO 2144002 --- [TaskBountyPlatform] [main] o.apache.catalina.core.StandardService   : Starting service [Tomcat]
2026-06-11T21:52:37.294+08:00  INFO 2144002 --- [TaskBountyPlatform] [main] o.apache.catalina.core.StandardEngine    : Starting Servlet engine: [Apache Tomcat/10.1.54]
2026-06-11T21:52:37.326+08:00  INFO 2144002 --- [TaskBountyPlatform] [main] o.a.c.c.C.[Tomcat].[localhost].[/]       : Initializing Spring embedded WebApplicationContext
2026-06-11T21:52:37.326+08:00  INFO 2144002 --- [TaskBountyPlatform] [main] w.s.c.ServletWebServerApplicationContext : Root WebApplicationContext: initialization completed in 2076 ms
2026-06-11T21:52:37.635+08:00  INFO 2144002 --- [TaskBountyPlatform] [main] o.hibernate.jpa.internal.util.LogHelper  : HHH000204: Processing PersistenceUnitInfo [name: default]
2026-06-11T21:52:37.689+08:00  INFO 2144002 --- [TaskBountyPlatform] [main] org.hibernate.Version                    : HHH000412: Hibernate ORM core version 6.6.49.Final
2026-06-11T21:52:37.723+08:00  INFO 2144002 --- [TaskBountyPlatform] [main] o.h.c.internal.RegionFactoryInitiator    : HHH000026: Second-level cache disabled
2026-06-11T21:52:37.969+08:00  INFO 2144002 --- [TaskBountyPlatform] [main] o.s.o.j.p.SpringPersistenceUnitInfo      : No LoadTimeWeaver setup: ignoring JPA class transformer
2026-06-11T21:52:37.999+08:00  INFO 2144002 --- [TaskBountyPlatform] [main] com.zaxxer.hikari.HikariDataSource       : HikariPool-1 - Starting...
2026-06-11T21:52:38.296+08:00  INFO 2144002 --- [TaskBountyPlatform] [main] com.zaxxer.hikari.pool.HikariPool        : HikariPool-1 - Added connection com.mysql.cj.jdbc.ConnectionImpl@6148827c
2026-06-11T21:52:38.298+08:00  INFO 2144002 --- [TaskBountyPlatform] [main] com.zaxxer.hikari.HikariDataSource       : HikariPool-1 - Start completed.
2026-06-11T21:52:38.365+08:00  WARN 2144002 --- [TaskBountyPlatform] [main] org.hibernate.orm.deprecation            : HHH90000025: MySQLDialect does not need to be specified explicitly using 'hibernate.dialect' (remove the property setting and it will be selected by default)
2026-06-11T21:52:38.387+08:00  INFO 2144002 --- [TaskBountyPlatform] [main] org.hibernate.orm.connections.pooling    : HHH10001005: Database info:
	Database JDBC URL [Connecting through datasource 'HikariDataSource (HikariPool-1)']
	Database driver: undefined/unknown
	Database version: 8.0.42
	Autocommit mode: undefined/unknown
	Isolation level: undefined/unknown
	Minimum pool size: undefined/unknown
	Maximum pool size: undefined/unknown
2026-06-11T21:52:39.435+08:00  INFO 2144002 --- [TaskBountyPlatform] [main] o.h.e.t.j.p.i.JtaPlatformInitiator       : HHH000489: No JTA platform available (set 'hibernate.transaction.jta.platform' to enable JTA platform integration)
2026-06-11T21:52:39.606+08:00  WARN 2144002 --- [TaskBountyPlatform] [main] o.h.t.s.i.ExceptionHandlerLoggedImpl     : GenerationTarget encountered exception accepting command : Error executing DDL "
    alter table system_configs 
       modify column config_value varchar(500) not null" via JDBC [Data truncation: Data too long for column 'config_value' at row 1]

org.hibernate.tool.schema.spi.CommandAcceptanceException: Error executing DDL "
    alter table system_configs 
       modify column config_value varchar(500) not null" via JDBC [Data truncation: Data too long for column 'config_value' at row 1]
	at org.hibernate.tool.schema.internal.exec.GenerationTargetToDatabase.accept(GenerationTargetToDatabase.java:94) ~[hibernate-core-6.6.49.Final.jar!/:6.6.49.Final]
	at org.hibernate.tool.schema.internal.AbstractSchemaMigrator.applySqlString(AbstractSchemaMigrator.java:576) ~[hibernate-core-6.6.49.Final.jar!/:6.6.49.Final]
	at org.hibernate.tool.schema.internal.AbstractSchemaMigrator.applySqlStrings(AbstractSchemaMigrator.java:516) ~[hibernate-core-6.6.49.Final.jar!/:6.6.49.Final]
	at org.hibernate.tool.schema.internal.AbstractSchemaMigrator.migrateTable(AbstractSchemaMigrator.java:334) ~[hibernate-core-6.6.49.Final.jar!/:6.6.49.Final]
	at org.hibernate.tool.schema.internal.GroupedSchemaMigratorImpl.performTablesMigration(GroupedSchemaMigratorImpl.java:84) ~[hibernate-core-6.6.49.Final.jar!/:6.6.49.Final]
	at org.hibernate.tool.schema.internal.AbstractSchemaMigrator.performMigration(AbstractSchemaMigrator.java:233) ~[hibernate-core-6.6.49.Final.jar!/:6.6.49.Final]
	at org.hibernate.tool.schema.internal.AbstractSchemaMigrator.doMigration(AbstractSchemaMigrator.java:112) ~[hibernate-core-6.6.49.Final.jar!/:6.6.49.Final]
	at org.hibernate.tool.schema.spi.SchemaManagementToolCoordinator.performDatabaseAction(SchemaManagementToolCoordinator.java:280) ~[hibernate-core-6.6.49.Final.jar!/:6.6.49.Final]
	at org.hibernate.tool.schema.spi.SchemaManagementToolCoordinator.lambda$process$5(SchemaManagementToolCoordinator.java:144) ~[hibernate-core-6.6.49.Final.jar!/:6.6.49.Final]
	at java.base/java.util.HashMap.forEach(HashMap.java:1421) ~[na:na]
	at org.hibernate.tool.schema.spi.SchemaManagementToolCoordinator.process(SchemaManagementToolCoordinator.java:141) ~[hibernate-core-6.6.49.Final.jar!/:6.6.49.Final]
	at org.hibernate.boot.internal.SessionFactoryObserverForSchemaExport.sessionFactoryCreated(SessionFactoryObserverForSchemaExport.java:37) ~[hibernate-core-6.6.49.Final.jar!/:6.6.49.Final]
	at org.hibernate.internal.SessionFactoryObserverChain.sessionFactoryCreated(SessionFactoryObserverChain.java:35) ~[hibernate-core-6.6.49.Final.jar!/:6.6.49.Final]
	at org.hibernate.internal.SessionFactoryImpl.<init>(SessionFactoryImpl.java:324) ~[hibernate-core-6.6.49.Final.jar!/:6.6.49.Final]
	at org.hibernate.boot.internal.SessionFactoryBuilderImpl.build(SessionFactoryBuilderImpl.java:463) ~[hibernate-core-6.6.49.Final.jar!/:6.6.49.Final]
	at org.hibernate.jpa.boot.internal.EntityManagerFactoryBuilderImpl.build(EntityManagerFactoryBuilderImpl.java:1517) ~[hibernate-core-6.6.49.Final.jar!/:6.6.49.Final]
	at org.springframework.orm.jpa.vendor.SpringHibernateJpaPersistenceProvider.createContainerEntityManagerFactory(SpringHibernateJpaPersistenceProvider.java:66) ~[spring-orm-6.2.18.jar!/:6.2.18]
	at org.springframework.orm.jpa.LocalContainerEntityManagerFactoryBean.createNativeEntityManagerFactory(LocalContainerEntityManagerFactoryBean.java:388) ~[spring-orm-6.2.18.jar!/:6.2.18]
	at org.springframework.orm.jpa.AbstractEntityManagerFactoryBean.buildNativeEntityManagerFactory(AbstractEntityManagerFactoryBean.java:419) ~[spring-orm-6.2.18.jar!/:6.2.18]
	at org.springframework.orm.jpa.AbstractEntityManagerFactoryBean.afterPropertiesSet(AbstractEntityManagerFactoryBean.java:400) ~[spring-orm-6.2.18.jar!/:6.2.18]
	at org.springframework.orm.jpa.LocalContainerEntityManagerFactoryBean.afterPropertiesSet(LocalContainerEntityManagerFactoryBean.java:364) ~[spring-orm-6.2.18.jar!/:6.2.18]
	at org.springframework.beans.factory.support.AbstractAutowireCapableBeanFactory.invokeInitMethods(AbstractAutowireCapableBeanFactory.java:1873) ~[spring-beans-6.2.18.jar!/:6.2.18]
	at org.springframework.beans.factory.support.AbstractAutowireCapableBeanFactory.initializeBean(AbstractAutowireCapableBeanFactory.java:1822) ~[spring-beans-6.2.18.jar!/:6.2.18]
	at org.springframework.beans.factory.support.AbstractAutowireCapableBeanFactory.doCreateBean(AbstractAutowireCapableBeanFactory.java:607) ~[spring-beans-6.2.18.jar!/:6.2.18]
	at org.springframework.beans.factory.support.AbstractAutowireCapableBeanFactory.createBean(AbstractAutowireCapableBeanFactory.java:529) ~[spring-beans-6.2.18.jar!/:6.2.18]
	at org.springframework.beans.factory.support.AbstractBeanFactory.lambda$doGetBean$0(AbstractBeanFactory.java:339) ~[spring-beans-6.2.18.jar!/:6.2.18]
	at org.springframework.beans.factory.support.DefaultSingletonBeanRegistry.getSingleton(DefaultSingletonBeanRegistry.java:373) ~[spring-beans-6.2.18.jar!/:6.2.18]
	at org.springframework.beans.factory.support.AbstractBeanFactory.doGetBean(AbstractBeanFactory.java:337) ~[spring-beans-6.2.18.jar!/:6.2.18]
	at org.springframework.beans.factory.support.AbstractBeanFactory.getBean(AbstractBeanFactory.java:202) ~[spring-beans-6.2.18.jar!/:6.2.18]
	at org.springframework.beans.factory.support.BeanDefinitionValueResolver.resolveReference(BeanDefinitionValueResolver.java:365) ~[spring-beans-6.2.18.jar!/:6.2.18]
	at org.springframework.beans.factory.support.BeanDefinitionValueResolver.resolveValueIfNecessary(BeanDefinitionValueResolver.java:135) ~[spring-beans-6.2.18.jar!/:6.2.18]
	at org.springframework.beans.factory.support.ConstructorResolver.resolveConstructorArguments(ConstructorResolver.java:691) ~[spring-beans-6.2.18.jar!/:6.2.18]
	at org.springframework.beans.factory.support.ConstructorResolver.instantiateUsingFactoryMethod(ConstructorResolver.java:513) ~[spring-beans-6.2.18.jar!/:6.2.18]
	at org.springframework.beans.factory.support.AbstractAutowireCapableBeanFactory.instantiateUsingFactoryMethod(AbstractAutowireCapableBeanFactory.java:1375) ~[spring-beans-6.2.18.jar!/:6.2.18]
	at org.springframework.beans.factory.support.AbstractAutowireCapableBeanFactory.createBeanInstance(AbstractAutowireCapableBeanFactory.java:1205) ~[spring-beans-6.2.18.jar!/:6.2.18]
	at org.springframework.beans.factory.support.AbstractAutowireCapableBeanFactory.doCreateBean(AbstractAutowireCapableBeanFactory.java:569) ~[spring-beans-6.2.18.jar!/:6.2.18]
	at org.springframework.beans.factory.support.AbstractAutowireCapableBeanFactory.createBean(AbstractAutowireCapableBeanFactory.java:529) ~[spring-beans-6.2.18.jar!/:6.2.18]
	at org.springframework.beans.factory.support.AbstractBeanFactory.lambda$doGetBean$0(AbstractBeanFactory.java:339) ~[spring-beans-6.2.18.jar!/:6.2.18]
	at org.springframework.beans.factory.support.DefaultSingletonBeanRegistry.getSingleton(DefaultSingletonBeanRegistry.java:373) ~[spring-beans-6.2.18.jar!/:6.2.18]
	at org.springframework.beans.factory.support.AbstractBeanFactory.doGetBean(AbstractBeanFactory.java:337) ~[spring-beans-6.2.18.jar!/:6.2.18]
	at org.springframework.beans.factory.support.AbstractBeanFactory.getBean(AbstractBeanFactory.java:202) ~[spring-beans-6.2.18.jar!/:6.2.18]
	at org.springframework.beans.factory.support.BeanDefinitionValueResolver.resolveReference(BeanDefinitionValueResolver.java:365) ~[spring-beans-6.2.18.jar!/:6.2.18]
	at org.springframework.beans.factory.support.BeanDefinitionValueResolver.resolveValueIfNecessary(BeanDefinitionValueResolver.java:135) ~[spring-beans-6.2.18.jar!/:6.2.18]
	at org.springframework.beans.factory.support.AbstractAutowireCapableBeanFactory.applyPropertyValues(AbstractAutowireCapableBeanFactory.java:1725) ~[spring-beans-6.2.18.jar!/:6.2.18]
	at org.springframework.beans.factory.support.AbstractAutowireCapableBeanFactory.populateBean(AbstractAutowireCapableBeanFactory.java:1474) ~[spring-beans-6.2.18.jar!/:6.2.18]
	at org.springframework.beans.factory.support.AbstractAutowireCapableBeanFactory.doCreateBean(AbstractAutowireCapableBeanFactory.java:606) ~[spring-beans-6.2.18.jar!/:6.2.18]
	at org.springframework.beans.factory.support.AbstractAutowireCapableBeanFactory.createBean(AbstractAutowireCapableBeanFactory.java:529) ~[spring-beans-6.2.18.jar!/:6.2.18]
	at org.springframework.beans.factory.support.AbstractBeanFactory.lambda$doGetBean$0(AbstractBeanFactory.java:339) ~[spring-beans-6.2.18.jar!/:6.2.18]
	at org.springframework.beans.factory.support.DefaultSingletonBeanRegistry.getSingleton(DefaultSingletonBeanRegistry.java:373) ~[spring-beans-6.2.18.jar!/:6.2.18]
	at org.springframework.beans.factory.support.AbstractBeanFactory.doGetBean(AbstractBeanFactory.java:337) ~[spring-beans-6.2.18.jar!/:6.2.18]
	at org.springframework.beans.factory.support.AbstractBeanFactory.getBean(AbstractBeanFactory.java:202) ~[spring-beans-6.2.18.jar!/:6.2.18]
	at org.springframework.beans.factory.support.DefaultListableBeanFactory.doResolveDependency(DefaultListableBeanFactory.java:1708) ~[spring-beans-6.2.18.jar!/:6.2.18]
	at org.springframework.beans.factory.support.DefaultListableBeanFactory.resolveDependency(DefaultListableBeanFactory.java:1653) ~[spring-beans-6.2.18.jar!/:6.2.18]
	at org.springframework.beans.factory.support.ConstructorResolver.resolveAutowiredArgument(ConstructorResolver.java:913) ~[spring-beans-6.2.18.jar!/:6.2.18]
	at org.springframework.beans.factory.support.ConstructorResolver.createArgumentArray(ConstructorResolver.java:791) ~[spring-beans-6.2.18.jar!/:6.2.18]
	at org.springframework.beans.factory.support.ConstructorResolver.autowireConstructor(ConstructorResolver.java:240) ~[spring-beans-6.2.18.jar!/:6.2.18]
	at org.springframework.beans.factory.support.AbstractAutowireCapableBeanFactory.autowireConstructor(AbstractAutowireCapableBeanFactory.java:1395) ~[spring-beans-6.2.18.jar!/:6.2.18]
	at org.springframework.beans.factory.support.AbstractAutowireCapableBeanFactory.createBeanInstance(AbstractAutowireCapableBeanFactory.java:1232) ~[spring-beans-6.2.18.jar!/:6.2.18]
	at org.springframework.beans.factory.support.AbstractAutowireCapableBeanFactory.doCreateBean(AbstractAutowireCapableBeanFactory.java:569) ~[spring-beans-6.2.18.jar!/:6.2.18]
	at org.springframework.beans.factory.support.AbstractAutowireCapableBeanFactory.createBean(AbstractAutowireCapableBeanFactory.java:529) ~[spring-beans-6.2.18.jar!/:6.2.18]
	at org.springframework.beans.factory.support.AbstractBeanFactory.lambda$doGetBean$0(AbstractBeanFactory.java:339) ~[spring-beans-6.2.18.jar!/:6.2.18]
	at org.springframework.beans.factory.support.DefaultSingletonBeanRegistry.getSingleton(DefaultSingletonBeanRegistry.java:373) ~[spring-beans-6.2.18.jar!/:6.2.18]
	at org.springframework.beans.factory.support.AbstractBeanFactory.doGetBean(AbstractBeanFactory.java:337) ~[spring-beans-6.2.18.jar!/:6.2.18]
	at org.springframework.beans.factory.support.AbstractBeanFactory.getBean(AbstractBeanFactory.java:207) ~[spring-beans-6.2.18.jar!/:6.2.18]
	at org.springframework.boot.web.servlet.ServletContextInitializerBeans.getOrderedBeansOfType(ServletContextInitializerBeans.java:230) ~[spring-boot-3.5.14.jar!/:3.5.14]
	at org.springframework.boot.web.servlet.ServletContextInitializerBeans.addAsRegistrationBean(ServletContextInitializerBeans.java:184) ~[spring-boot-3.5.14.jar!/:3.5.14]
	at org.springframework.boot.web.servlet.ServletContextInitializerBeans.addAsRegistrationBean(ServletContextInitializerBeans.java:179) ~[spring-boot-3.5.14.jar!/:3.5.14]
	at org.springframework.boot.web.servlet.ServletContextInitializerBeans.addAdaptableBeans(ServletContextInitializerBeans.java:164) ~[spring-boot-3.5.14.jar!/:3.5.14]
	at org.springframework.boot.web.servlet.ServletContextInitializerBeans.<init>(ServletContextInitializerBeans.java:96) ~[spring-boot-3.5.14.jar!/:3.5.14]
	at org.springframework.boot.web.servlet.context.ServletWebServerApplicationContext.getServletContextInitializerBeans(ServletWebServerApplicationContext.java:271) ~[spring-boot-3.5.14.jar!/:3.5.14]
	at org.springframework.boot.web.servlet.context.ServletWebServerApplicationContext.selfInitialize(ServletWebServerApplicationContext.java:245) ~[spring-boot-3.5.14.jar!/:3.5.14]
	at org.springframework.boot.web.embedded.tomcat.TomcatStarter.onStartup(TomcatStarter.java:52) ~[spring-boot-3.5.14.jar!/:3.5.14]
	at org.apache.catalina.core.StandardContext.startInternal(StandardContext.java:4452) ~[tomcat-embed-core-10.1.54.jar!/:na]
	at org.apache.catalina.util.LifecycleBase.start(LifecycleBase.java:164) ~[tomcat-embed-core-10.1.54.jar!/:na]
	at org.apache.catalina.core.ContainerBase$StartChild.call(ContainerBase.java:1201) ~[tomcat-embed-core-10.1.54.jar!/:na]
	at org.apache.catalina.core.ContainerBase$StartChild.call(ContainerBase.java:1191) ~[tomcat-embed-core-10.1.54.jar!/:na]
	at java.base/java.util.concurrent.FutureTask.run(FutureTask.java:264) ~[na:na]
	at org.apache.tomcat.util.threads.InlineExecutorService.execute(InlineExecutorService.java:81) ~[tomcat-embed-core-10.1.54.jar!/:na]
	at java.base/java.util.concurrent.AbstractExecutorService.submit(AbstractExecutorService.java:145) ~[na:na]
	at org.apache.catalina.core.ContainerBase.startInternal(ContainerBase.java:747) ~[tomcat-embed-core-10.1.54.jar!/:na]
	at org.apache.catalina.core.StandardHost.startInternal(StandardHost.java:783) ~[tomcat-embed-core-10.1.54.jar!/:na]
	at org.apache.catalina.util.LifecycleBase.start(LifecycleBase.java:164) ~[tomcat-embed-core-10.1.54.jar!/:na]
	at org.apache.catalina.core.ContainerBase$StartChild.call(ContainerBase.java:1201) ~[tomcat-embed-core-10.1.54.jar!/:na]
	at org.apache.catalina.core.ContainerBase$StartChild.call(ContainerBase.java:1191) ~[tomcat-embed-core-10.1.54.jar!/:na]
	at java.base/java.util.concurrent.FutureTask.run(FutureTask.java:264) ~[na:na]
	at org.apache.tomcat.util.threads.InlineExecutorService.execute(InlineExecutorService.java:81) ~[tomcat-embed-core-10.1.54.jar!/:na]
	at java.base/java.util.concurrent.AbstractExecutorService.submit(AbstractExecutorService.java:145) ~[na:na]
	at org.apache.catalina.core.ContainerBase.startInternal(ContainerBase.java:747) ~[tomcat-embed-core-10.1.54.jar!/:na]
	at org.apache.catalina.core.StandardEngine.startInternal(StandardEngine.java:201) ~[tomcat-embed-core-10.1.54.jar!/:na]
	at org.apache.catalina.util.LifecycleBase.start(LifecycleBase.java:164) ~[tomcat-embed-core-10.1.54.jar!/:na]
	at org.apache.catalina.core.StandardService.startInternal(StandardService.java:410) ~[tomcat-embed-core-10.1.54.jar!/:na]
	at org.apache.catalina.util.LifecycleBase.start(LifecycleBase.java:164) ~[tomcat-embed-core-10.1.54.jar!/:na]
	at org.apache.catalina.core.StandardServer.startInternal(StandardServer.java:868) ~[tomcat-embed-core-10.1.54.jar!/:na]
	at org.apache.catalina.util.LifecycleBase.start(LifecycleBase.java:164) ~[tomcat-embed-core-10.1.54.jar!/:na]
	at org.apache.catalina.startup.Tomcat.start(Tomcat.java:436) ~[tomcat-embed-core-10.1.54.jar!/:na]
	at org.springframework.boot.web.embedded.tomcat.TomcatWebServer.initialize(TomcatWebServer.java:128) ~[spring-boot-3.5.14.jar!/:3.5.14]
	at org.springframework.boot.web.embedded.tomcat.TomcatWebServer.<init>(TomcatWebServer.java:107) ~[spring-boot-3.5.14.jar!/:3.5.14]
	at org.springframework.boot.web.embedded.tomcat.TomcatServletWebServerFactory.getTomcatWebServer(TomcatServletWebServerFactory.java:517) ~[spring-boot-3.5.14.jar!/:3.5.14]
	at org.springframework.boot.web.embedded.tomcat.TomcatServletWebServerFactory.getWebServer(TomcatServletWebServerFactory.java:219) ~[spring-boot-3.5.14.jar!/:3.5.14]
	at org.springframework.boot.web.servlet.context.ServletWebServerApplicationContext.createWebServer(ServletWebServerApplicationContext.java:193) ~[spring-boot-3.5.14.jar!/:3.5.14]
	at org.springframework.boot.web.servlet.context.ServletWebServerApplicationContext.onRefresh(ServletWebServerApplicationContext.java:167) ~[spring-boot-3.5.14.jar!/:3.5.14]
	at org.springframework.context.support.AbstractApplicationContext.refresh(AbstractApplicationContext.java:622) ~[spring-context-6.2.18.jar!/:6.2.18]
	at org.springframework.boot.web.servlet.context.ServletWebServerApplicationContext.refresh(ServletWebServerApplicationContext.java:146) ~[spring-boot-3.5.14.jar!/:3.5.14]
	at org.springframework.boot.SpringApplication.refresh(SpringApplication.java:752) ~[spring-boot-3.5.14.jar!/:3.5.14]
	at org.springframework.boot.SpringApplication.refreshContext(SpringApplication.java:439) ~[spring-boot-3.5.14.jar!/:3.5.14]
	at org.springframework.boot.SpringApplication.run(SpringApplication.java:318) ~[spring-boot-3.5.14.jar!/:3.5.14]
	at org.springframework.boot.SpringApplication.run(SpringApplication.java:1361) ~[spring-boot-3.5.14.jar!/:3.5.14]
	at org.springframework.boot.SpringApplication.run(SpringApplication.java:1350) ~[spring-boot-3.5.14.jar!/:3.5.14]
	at com.firstteam.taskbountyplatform.TaskBountyPlatformApplication.main(TaskBountyPlatformApplication.java:14) ~[!/:0.0.1-SNAPSHOT]
	at java.base/jdk.internal.reflect.NativeMethodAccessorImpl.invoke0(Native Method) ~[na:na]
	at java.base/jdk.internal.reflect.NativeMethodAccessorImpl.invoke(NativeMethodAccessorImpl.java:77) ~[na:na]
	at java.base/jdk.internal.reflect.DelegatingMethodAccessorImpl.invoke(DelegatingMethodAccessorImpl.java:43) ~[na:na]
	at java.base/java.lang.reflect.Method.invoke(Method.java:569) ~[na:na]
	at org.springframework.boot.loader.launch.Launcher.launch(Launcher.java:106) ~[TaskBountyPlatform-0.0.1-SNAPSHOT.jar:0.0.1-SNAPSHOT]
	at org.springframework.boot.loader.launch.Launcher.launch(Launcher.java:64) ~[TaskBountyPlatform-0.0.1-SNAPSHOT.jar:0.0.1-SNAPSHOT]
	at org.springframework.boot.loader.launch.JarLauncher.main(JarLauncher.java:40) ~[TaskBountyPlatform-0.0.1-SNAPSHOT.jar:0.0.1-SNAPSHOT]
Caused by: com.mysql.cj.jdbc.exceptions.MysqlDataTruncation: Data truncation: Data too long for column 'config_value' at row 1
	at com.mysql.cj.jdbc.exceptions.SQLExceptionsMapping.translateException(SQLExceptionsMapping.java:96) ~[mysql-connector-j-9.7.0.jar!/:9.7.0]
	at com.mysql.cj.jdbc.StatementImpl.executeInternal(StatementImpl.java:839) ~[mysql-connector-j-9.7.0.jar!/:9.7.0]
	at com.mysql.cj.jdbc.StatementImpl.execute(StatementImpl.java:687) ~[mysql-connector-j-9.7.0.jar!/:9.7.0]
	at com.zaxxer.hikari.pool.ProxyStatement.execute(ProxyStatement.java:95) ~[HikariCP-6.3.3.jar!/:na]
	at com.zaxxer.hikari.pool.HikariProxyStatement.execute(HikariProxyStatement.java) ~[HikariCP-6.3.3.jar!/:na]
	at org.hibernate.tool.schema.internal.exec.GenerationTargetToDatabase.accept(GenerationTargetToDatabase.java:80) ~[hibernate-core-6.6.49.Final.jar!/:6.6.49.Final]
	... 115 common frames omitted

2026-06-11T21:52:39.657+08:00  INFO 2144002 --- [TaskBountyPlatform] [main] j.LocalContainerEntityManagerFactoryBean : Initialized JPA EntityManagerFactory for persistence unit 'default'
2026-06-11T21:52:39.917+08:00  INFO 2144002 --- [TaskBountyPlatform] [main] o.s.d.j.r.query.QueryEnhancerFactory     : Hibernate is in classpath; If applicable, HQL parser will be used.
2026-06-11T21:52:40.495+08:00 DEBUG 2144002 --- [TaskBountyPlatform] [main] c.f.t.a.s.JwtAuthenticationFilter        : Filter 'jwtAuthenticationFilter' configured for use
2026-06-11T21:52:41.435+08:00  WARN 2144002 --- [TaskBountyPlatform] [main] JpaBaseConfiguration$JpaWebConfiguration : spring.jpa.open-in-view is enabled by default. Therefore, database queries may be performed during view rendering. Explicitly configure spring.jpa.open-in-view to disable this warning
2026-06-11T21:52:41.469+08:00  INFO 2144002 --- [TaskBountyPlatform] [main] o.s.b.a.w.s.WelcomePageHandlerMapping    : Adding welcome page: class path resource [static/index.html]
2026-06-11T21:52:41.824+08:00  INFO 2144002 --- [TaskBountyPlatform] [main] o.s.b.a.e.web.EndpointLinksResolver      : Exposing 4 endpoints beneath base path '/actuator'
2026-06-11T21:52:41.854+08:00  WARN 2144002 --- [TaskBountyPlatform] [main] .s.s.UserDetailsServiceAutoConfiguration : 

Using generated security password: d6e43eb3-bd56-460c-8c19-44ae2d29597e

This generated password is for development use only. Your security configuration must be updated before running your application in production.

2026-06-11T21:52:41.863+08:00  INFO 2144002 --- [TaskBountyPlatform] [main] r$InitializeUserDetailsManagerConfigurer : Global AuthenticationManager configured with UserDetailsService bean with name inMemoryUserDetailsManager
2026-06-11T21:52:42.330+08:00  INFO 2144002 --- [TaskBountyPlatform] [main] o.s.b.w.embedded.tomcat.TomcatWebServer  : Tomcat started on port 8080 (http) with context path '/'
2026-06-11T21:52:42.357+08:00  INFO 2144002 --- [TaskBountyPlatform] [main] c.f.t.TaskBountyPlatformApplication      : Started TaskBountyPlatformApplication in 7.754 seconds (process running for 8.226)
2026-06-11T21:52:50.457+08:00  INFO 2144002 --- [TaskBountyPlatform] [http-nio-8080-exec-1] o.a.c.c.C.[Tomcat].[localhost].[/]       : Initializing Spring DispatcherServlet 'dispatcherServlet'
2026-06-11T21:52:50.457+08:00  INFO 2144002 --- [TaskBountyPlatform] [http-nio-8080-exec-1] o.s.web.servlet.DispatcherServlet        : Initializing Servlet 'dispatcherServlet'
2026-06-11T21:52:50.459+08:00  INFO 2144002 --- [TaskBountyPlatform] [http-nio-8080-exec-1] o.s.web.servlet.DispatcherServlet        : Completed initialization in 2 ms
2026-06-11T21:55:00.002+08:00  INFO 2144002 --- [TaskBountyPlatform] [scheduling-1] c.f.t.scheduler.TaskTimeoutScheduler     : Starting checkPendingConfirmationTimeout...
2026-06-11T21:55:00.042+08:00  INFO 2144002 --- [TaskBountyPlatform] [scheduling-1] c.f.t.scheduler.TaskTimeoutScheduler     : Found 0 PENDING_CONFIRMATION tasks
2026-06-11T21:55:00.043+08:00  INFO 2144002 --- [TaskBountyPlatform] [scheduling-1] c.f.t.scheduler.TaskTimeoutScheduler     : checkPendingConfirmationTimeout completed. Processed 0 tasks
2026-06-11T21:55:00.044+08:00  INFO 2144002 --- [TaskBountyPlatform] [scheduling-1] c.f.t.scheduler.TaskTimeoutScheduler     : Starting checkDeliveryTimeout...
2026-06-11T21:55:00.051+08:00  INFO 2144002 --- [TaskBountyPlatform] [scheduling-1] c.f.t.scheduler.TaskTimeoutScheduler     : Found 1 overdue IN_PROGRESS tasks
2026-06-11T21:55:00.092+08:00 DEBUG 2144002 --- [TaskBountyPlatform] [scheduling-1] c.f.t.n.service.NotificationService      : Notification created: id=221, receiverId=1, type=TASK_UPDATE
2026-06-11T21:55:00.108+08:00 DEBUG 2144002 --- [TaskBountyPlatform] [scheduling-1] c.f.t.n.service.NotificationService      : Notification created: id=222, receiverId=13, type=TASK_UPDATE
2026-06-11T21:55:00.109+08:00  INFO 2144002 --- [TaskBountyPlatform] [scheduling-1] c.f.t.scheduler.TaskTimeoutScheduler     : checkDeliveryTimeout completed. Processed 1 tasks
2026-06-11T21:55:00.110+08:00  INFO 2144002 --- [TaskBountyPlatform] [scheduling-1] c.f.t.scheduler.TaskTimeoutScheduler     : Starting checkUnclaimedTaskTimeout...
2026-06-11T21:55:00.117+08:00  INFO 2144002 --- [TaskBountyPlatform] [scheduling-1] c.f.t.scheduler.TaskTimeoutScheduler     : Found 0 published tasks past auto-cancel deadline
2026-06-11T21:55:00.117+08:00  INFO 2144002 --- [TaskBountyPlatform] [scheduling-1] c.f.t.scheduler.TaskTimeoutScheduler     : checkUnclaimedTaskTimeout completed. Processed 0 tasks
2026-06-11T22:00:00.001+08:00  INFO 2144002 --- [TaskBountyPlatform] [scheduling-1] c.f.t.scheduler.TaskTimeoutScheduler     : Starting sendPreDeadlineReminders...
2026-06-11T22:00:00.012+08:00  INFO 2144002 --- [TaskBountyPlatform] [scheduling-1] c.f.t.scheduler.TaskTimeoutScheduler     : sendPreDeadlineReminders completed. Sent 0 urgent reminders
2026-06-11T22:00:00.015+08:00  INFO 2144002 --- [TaskBountyPlatform] [scheduling-1] c.f.t.scheduler.ReviewTimeoutScheduler   : Starting createDefaultReviews...
2026-06-11T22:00:00.028+08:00  INFO 2144002 --- [TaskBountyPlatform] [scheduling-1] c.f.t.scheduler.ReviewTimeoutScheduler   : Found 0 COMPLETED tasks older than 24 hours
2026-06-11T22:00:00.028+08:00  INFO 2144002 --- [TaskBountyPlatform] [scheduling-1] c.f.t.scheduler.ReviewTimeoutScheduler   : createDefaultReviews completed. Created 0 default reviews
2026-06-11T22:00:00.030+08:00  INFO 2144002 --- [TaskBountyPlatform] [scheduling-1] c.f.t.s.ReviewAuditTimeoutScheduler      : Starting checkReviewAuditTimeout...
2026-06-11T22:00:00.046+08:00 DEBUG 2144002 --- [TaskBountyPlatform] [scheduling-1] c.f.t.s.ReviewAuditTimeoutScheduler      : No expired review audits found
2026-06-11T22:00:00.048+08:00  INFO 2144002 --- [TaskBountyPlatform] [scheduling-1] c.f.t.scheduler.TaskTimeoutScheduler     : Starting checkUnclaimedTaskTimeout...
2026-06-11T22:00:00.051+08:00  INFO 2144002 --- [TaskBountyPlatform] [scheduling-1] c.f.t.scheduler.TaskTimeoutScheduler     : Found 0 published tasks past auto-cancel deadline
2026-06-11T22:00:00.051+08:00  INFO 2144002 --- [TaskBountyPlatform] [scheduling-1] c.f.t.scheduler.TaskTimeoutScheduler     : checkUnclaimedTaskTimeout completed. Processed 0 tasks
2026-06-11T22:00:00.052+08:00  INFO 2144002 --- [TaskBountyPlatform] [scheduling-1] c.f.t.scheduler.TaskTimeoutScheduler     : Starting checkPendingConfirmationTimeout...
2026-06-11T22:00:00.054+08:00  INFO 2144002 --- [TaskBountyPlatform] [scheduling-1] c.f.t.scheduler.TaskTimeoutScheduler     : Found 0 PENDING_CONFIRMATION tasks
2026-06-11T22:00:00.054+08:00  INFO 2144002 --- [TaskBountyPlatform] [scheduling-1] c.f.t.scheduler.TaskTimeoutScheduler     : checkPendingConfirmationTimeout completed. Processed 0 tasks
2026-06-11T22:00:00.054+08:00  INFO 2144002 --- [TaskBountyPlatform] [scheduling-1] c.f.t.scheduler.TaskTimeoutScheduler     : Starting checkDeliveryTimeout...
2026-06-11T22:00:00.058+08:00  INFO 2144002 --- [TaskBountyPlatform] [scheduling-1] c.f.t.scheduler.TaskTimeoutScheduler     : Found 1 overdue IN_PROGRESS tasks
2026-06-11T22:00:00.063+08:00 DEBUG 2144002 --- [TaskBountyPlatform] [scheduling-1] c.f.t.n.service.NotificationService      : Notification created: id=223, receiverId=1, type=TASK_UPDATE
2026-06-11T22:00:00.070+08:00 DEBUG 2144002 --- [TaskBountyPlatform] [scheduling-1] c.f.t.n.service.NotificationService      : Notification created: id=224, receiverId=13, type=TASK_UPDATE
2026-06-11T22:00:00.071+08:00  INFO 2144002 --- [TaskBountyPlatform] [scheduling-1] c.f.t.scheduler.TaskTimeoutScheduler     : checkDeliveryTimeout completed. Processed 1 tasks
2026-06-11T22:05:00.000+08:00  INFO 2144002 --- [TaskBountyPlatform] [scheduling-1] c.f.t.scheduler.TaskTimeoutScheduler     : Starting checkPendingConfirmationTimeout...
2026-06-11T22:05:00.004+08:00  INFO 2144002 --- [TaskBountyPlatform] [scheduling-1] c.f.t.scheduler.TaskTimeoutScheduler     : Found 0 PENDING_CONFIRMATION tasks
2026-06-11T22:05:00.005+08:00  INFO 2144002 --- [TaskBountyPlatform] [scheduling-1] c.f.t.scheduler.TaskTimeoutScheduler     : checkPendingConfirmationTimeout completed. Processed 0 tasks
2026-06-11T22:05:00.005+08:00  INFO 2144002 --- [TaskBountyPlatform] [scheduling-1] c.f.t.scheduler.TaskTimeoutScheduler     : Starting checkUnclaimedTaskTimeout...
2026-06-11T22:05:00.008+08:00  INFO 2144002 --- [TaskBountyPlatform] [scheduling-1] c.f.t.scheduler.TaskTimeoutScheduler     : Found 0 published tasks past auto-cancel deadline
2026-06-11T22:05:00.008+08:00  INFO 2144002 --- [TaskBountyPlatform] [scheduling-1] c.f.t.scheduler.TaskTimeoutScheduler     : checkUnclaimedTaskTimeout completed. Processed 0 tasks
2026-06-11T22:05:00.009+08:00  INFO 2144002 --- [TaskBountyPlatform] [scheduling-1] c.f.t.scheduler.TaskTimeoutScheduler     : Starting checkDeliveryTimeout...
2026-06-11T22:05:00.012+08:00  INFO 2144002 --- [TaskBountyPlatform] [scheduling-1] c.f.t.scheduler.TaskTimeoutScheduler     : Found 1 overdue IN_PROGRESS tasks
2026-06-11T22:05:00.016+08:00 DEBUG 2144002 --- [TaskBountyPlatform] [scheduling-1] c.f.t.n.service.NotificationService      : Notification created: id=225, receiverId=1, type=TASK_UPDATE
2026-06-11T22:05:00.027+08:00 DEBUG 2144002 --- [TaskBountyPlatform] [scheduling-1] c.f.t.n.service.NotificationService      : Notification created: id=226, receiverId=13, type=TASK_UPDATE
2026-06-11T22:05:00.029+08:00  INFO 2144002 --- [TaskBountyPlatform] [scheduling-1] c.f.t.scheduler.TaskTimeoutScheduler     : checkDeliveryTimeout completed. Processed 1 tasks
2026-06-11T22:08:53.131+08:00 DEBUG 2144002 --- [TaskBountyPlatform] [http-nio-8080-exec-1] c.f.t.c.e.GlobalExceptionHandler         : SPA fallback: /task-hall -> /index.html
2026-06-11T22:10:00.000+08:00  INFO 2144002 --- [TaskBountyPlatform] [scheduling-1] c.f.t.scheduler.TaskTimeoutScheduler     : Starting checkUnclaimedTaskTimeout...
2026-06-11T22:10:00.006+08:00  INFO 2144002 --- [TaskBountyPlatform] [scheduling-1] c.f.t.scheduler.TaskTimeoutScheduler     : Found 0 published tasks past auto-cancel deadline
2026-06-11T22:10:00.007+08:00  INFO 2144002 --- [TaskBountyPlatform] [scheduling-1] c.f.t.scheduler.TaskTimeoutScheduler     : checkUnclaimedTaskTimeout completed. Processed 0 tasks
2026-06-11T22:10:00.009+08:00  INFO 2144002 --- [TaskBountyPlatform] [scheduling-1] c.f.t.scheduler.TaskTimeoutScheduler     : Starting checkDeliveryTimeout...
2026-06-11T22:10:00.012+08:00  INFO 2144002 --- [TaskBountyPlatform] [scheduling-1] c.f.t.scheduler.TaskTimeoutScheduler     : Found 1 overdue IN_PROGRESS tasks
2026-06-11T22:10:00.017+08:00 DEBUG 2144002 --- [TaskBountyPlatform] [scheduling-1] c.f.t.n.service.NotificationService      : Notification created: id=227, receiverId=1, type=TASK_UPDATE
2026-06-11T22:10:00.022+08:00 DEBUG 2144002 --- [TaskBountyPlatform] [scheduling-1] c.f.t.n.service.NotificationService      : Notification created: id=228, receiverId=13, type=TASK_UPDATE
2026-06-11T22:10:00.024+08:00  INFO 2144002 --- [TaskBountyPlatform] [scheduling-1] c.f.t.scheduler.TaskTimeoutScheduler     : checkDeliveryTimeout completed. Processed 1 tasks
2026-06-11T22:10:00.024+08:00  INFO 2144002 --- [TaskBountyPlatform] [scheduling-1] c.f.t.scheduler.TaskTimeoutScheduler     : Starting checkPendingConfirmationTimeout...
2026-06-11T22:10:00.026+08:00  INFO 2144002 --- [TaskBountyPlatform] [scheduling-1] c.f.t.scheduler.TaskTimeoutScheduler     : Found 0 PENDING_CONFIRMATION tasks
2026-06-11T22:10:00.026+08:00  INFO 2144002 --- [TaskBountyPlatform] [scheduling-1] c.f.t.scheduler.TaskTimeoutScheduler     : checkPendingConfirmationTimeout completed. Processed 0 tasks
2026-06-11T22:10:00.027+08:00  INFO 2144002 --- [TaskBountyPlatform] [scheduling-1] c.f.t.s.ReviewAuditTimeoutScheduler      : Starting checkReviewAuditTimeout...
2026-06-11T22:10:00.032+08:00 DEBUG 2144002 --- [TaskBountyPlatform] [scheduling-1] c.f.t.s.ReviewAuditTimeoutScheduler      : No expired review audits found
2026-06-11T22:14:19.112+08:00  INFO 2344945 --- [TaskBountyPlatform] [main] c.f.t.TaskBountyPlatformApplication      : Starting TaskBountyPlatformApplication v0.0.1-SNAPSHOT using Java 17.0.15 with PID 2344945 (/home/gr/cxy/code/Micro-task-Bounty-Platform/backend/target/TaskBountyPlatform-0.0.1-SNAPSHOT.jar started by gr in /home/gr/cxy/code/Micro-task-Bounty-Platform/backend)
2026-06-11T22:14:19.113+08:00 DEBUG 2344945 --- [TaskBountyPlatform] [main] c.f.t.TaskBountyPlatformApplication      : Running with Spring Boot v3.5.14, Spring v6.2.18
2026-06-11T22:14:19.114+08:00  INFO 2344945 --- [TaskBountyPlatform] [main] c.f.t.TaskBountyPlatformApplication      : No active profile set, falling back to 1 default profile: "default"
2026-06-11T22:14:20.326+08:00  INFO 2344945 --- [TaskBountyPlatform] [main] .s.d.r.c.RepositoryConfigurationDelegate : Bootstrapping Spring Data JPA repositories in DEFAULT mode.
2026-06-11T22:14:20.428+08:00  INFO 2344945 --- [TaskBountyPlatform] [main] .s.d.r.c.RepositoryConfigurationDelegate : Finished Spring Data repository scanning in 94 ms. Found 18 JPA repository interfaces.
2026-06-11T22:14:21.110+08:00  INFO 2344945 --- [TaskBountyPlatform] [main] o.s.b.w.embedded.tomcat.TomcatWebServer  : Tomcat initialized with port 8080 (http)
2026-06-11T22:14:21.124+08:00  INFO 2344945 --- [TaskBountyPlatform] [main] o.apache.catalina.core.StandardService   : Starting service [Tomcat]
2026-06-11T22:14:21.125+08:00  INFO 2344945 --- [TaskBountyPlatform] [main] o.apache.catalina.core.StandardEngine    : Starting Servlet engine: [Apache Tomcat/10.1.54]
2026-06-11T22:14:21.157+08:00  INFO 2344945 --- [TaskBountyPlatform] [main] o.a.c.c.C.[Tomcat].[localhost].[/]       : Initializing Spring embedded WebApplicationContext
2026-06-11T22:14:21.157+08:00  INFO 2344945 --- [TaskBountyPlatform] [main] w.s.c.ServletWebServerApplicationContext : Root WebApplicationContext: initialization completed in 1999 ms
2026-06-11T22:14:21.485+08:00  INFO 2344945 --- [TaskBountyPlatform] [main] o.hibernate.jpa.internal.util.LogHelper  : HHH000204: Processing PersistenceUnitInfo [name: default]
2026-06-11T22:14:21.534+08:00  INFO 2344945 --- [TaskBountyPlatform] [main] org.hibernate.Version                    : HHH000412: Hibernate ORM core version 6.6.49.Final
2026-06-11T22:14:21.562+08:00  INFO 2344945 --- [TaskBountyPlatform] [main] o.h.c.internal.RegionFactoryInitiator    : HHH000026: Second-level cache disabled
2026-06-11T22:14:21.770+08:00  INFO 2344945 --- [TaskBountyPlatform] [main] o.s.o.j.p.SpringPersistenceUnitInfo      : No LoadTimeWeaver setup: ignoring JPA class transformer
2026-06-11T22:14:21.792+08:00  INFO 2344945 --- [TaskBountyPlatform] [main] com.zaxxer.hikari.HikariDataSource       : HikariPool-1 - Starting...
2026-06-11T22:14:22.091+08:00  INFO 2344945 --- [TaskBountyPlatform] [main] com.zaxxer.hikari.pool.HikariPool        : HikariPool-1 - Added connection com.mysql.cj.jdbc.ConnectionImpl@6e6f5842
2026-06-11T22:14:22.093+08:00  INFO 2344945 --- [TaskBountyPlatform] [main] com.zaxxer.hikari.HikariDataSource       : HikariPool-1 - Start completed.
2026-06-11T22:14:22.160+08:00  WARN 2344945 --- [TaskBountyPlatform] [main] org.hibernate.orm.deprecation            : HHH90000025: MySQLDialect does not need to be specified explicitly using 'hibernate.dialect' (remove the property setting and it will be selected by default)
2026-06-11T22:14:22.179+08:00  INFO 2344945 --- [TaskBountyPlatform] [main] org.hibernate.orm.connections.pooling    : HHH10001005: Database info:
	Database JDBC URL [Connecting through datasource 'HikariDataSource (HikariPool-1)']
	Database driver: undefined/unknown
	Database version: 8.0.42
	Autocommit mode: undefined/unknown
	Isolation level: undefined/unknown
	Minimum pool size: undefined/unknown
	Maximum pool size: undefined/unknown
2026-06-11T22:14:23.241+08:00  INFO 2344945 --- [TaskBountyPlatform] [main] o.h.e.t.j.p.i.JtaPlatformInitiator       : HHH000489: No JTA platform available (set 'hibernate.transaction.jta.platform' to enable JTA platform integration)
2026-06-11T22:14:23.414+08:00  WARN 2344945 --- [TaskBountyPlatform] [main] o.h.t.s.i.ExceptionHandlerLoggedImpl     : GenerationTarget encountered exception accepting command : Error executing DDL "
    alter table system_configs 
       modify column config_value varchar(500) not null" via JDBC [Data truncation: Data too long for column 'config_value' at row 1]

org.hibernate.tool.schema.spi.CommandAcceptanceException: Error executing DDL "
    alter table system_configs 
       modify column config_value varchar(500) not null" via JDBC [Data truncation: Data too long for column 'config_value' at row 1]
	at org.hibernate.tool.schema.internal.exec.GenerationTargetToDatabase.accept(GenerationTargetToDatabase.java:94) ~[hibernate-core-6.6.49.Final.jar!/:6.6.49.Final]
	at org.hibernate.tool.schema.internal.AbstractSchemaMigrator.applySqlString(AbstractSchemaMigrator.java:576) ~[hibernate-core-6.6.49.Final.jar!/:6.6.49.Final]
	at org.hibernate.tool.schema.internal.AbstractSchemaMigrator.applySqlStrings(AbstractSchemaMigrator.java:516) ~[hibernate-core-6.6.49.Final.jar!/:6.6.49.Final]
	at org.hibernate.tool.schema.internal.AbstractSchemaMigrator.migrateTable(AbstractSchemaMigrator.java:334) ~[hibernate-core-6.6.49.Final.jar!/:6.6.49.Final]
	at org.hibernate.tool.schema.internal.GroupedSchemaMigratorImpl.performTablesMigration(GroupedSchemaMigratorImpl.java:84) ~[hibernate-core-6.6.49.Final.jar!/:6.6.49.Final]
	at org.hibernate.tool.schema.internal.AbstractSchemaMigrator.performMigration(AbstractSchemaMigrator.java:233) ~[hibernate-core-6.6.49.Final.jar!/:6.6.49.Final]
	at org.hibernate.tool.schema.internal.AbstractSchemaMigrator.doMigration(AbstractSchemaMigrator.java:112) ~[hibernate-core-6.6.49.Final.jar!/:6.6.49.Final]
	at org.hibernate.tool.schema.spi.SchemaManagementToolCoordinator.performDatabaseAction(SchemaManagementToolCoordinator.java:280) ~[hibernate-core-6.6.49.Final.jar!/:6.6.49.Final]
	at org.hibernate.tool.schema.spi.SchemaManagementToolCoordinator.lambda$process$5(SchemaManagementToolCoordinator.java:144) ~[hibernate-core-6.6.49.Final.jar!/:6.6.49.Final]
	at java.base/java.util.HashMap.forEach(HashMap.java:1421) ~[na:na]
	at org.hibernate.tool.schema.spi.SchemaManagementToolCoordinator.process(SchemaManagementToolCoordinator.java:141) ~[hibernate-core-6.6.49.Final.jar!/:6.6.49.Final]
	at org.hibernate.boot.internal.SessionFactoryObserverForSchemaExport.sessionFactoryCreated(SessionFactoryObserverForSchemaExport.java:37) ~[hibernate-core-6.6.49.Final.jar!/:6.6.49.Final]
	at org.hibernate.internal.SessionFactoryObserverChain.sessionFactoryCreated(SessionFactoryObserverChain.java:35) ~[hibernate-core-6.6.49.Final.jar!/:6.6.49.Final]
	at org.hibernate.internal.SessionFactoryImpl.<init>(SessionFactoryImpl.java:324) ~[hibernate-core-6.6.49.Final.jar!/:6.6.49.Final]
	at org.hibernate.boot.internal.SessionFactoryBuilderImpl.build(SessionFactoryBuilderImpl.java:463) ~[hibernate-core-6.6.49.Final.jar!/:6.6.49.Final]
	at org.hibernate.jpa.boot.internal.EntityManagerFactoryBuilderImpl.build(EntityManagerFactoryBuilderImpl.java:1517) ~[hibernate-core-6.6.49.Final.jar!/:6.6.49.Final]
	at org.springframework.orm.jpa.vendor.SpringHibernateJpaPersistenceProvider.createContainerEntityManagerFactory(SpringHibernateJpaPersistenceProvider.java:66) ~[spring-orm-6.2.18.jar!/:6.2.18]
	at org.springframework.orm.jpa.LocalContainerEntityManagerFactoryBean.createNativeEntityManagerFactory(LocalContainerEntityManagerFactoryBean.java:388) ~[spring-orm-6.2.18.jar!/:6.2.18]
	at org.springframework.orm.jpa.AbstractEntityManagerFactoryBean.buildNativeEntityManagerFactory(AbstractEntityManagerFactoryBean.java:419) ~[spring-orm-6.2.18.jar!/:6.2.18]
	at org.springframework.orm.jpa.AbstractEntityManagerFactoryBean.afterPropertiesSet(AbstractEntityManagerFactoryBean.java:400) ~[spring-orm-6.2.18.jar!/:6.2.18]
	at org.springframework.orm.jpa.LocalContainerEntityManagerFactoryBean.afterPropertiesSet(LocalContainerEntityManagerFactoryBean.java:364) ~[spring-orm-6.2.18.jar!/:6.2.18]
	at org.springframework.beans.factory.support.AbstractAutowireCapableBeanFactory.invokeInitMethods(AbstractAutowireCapableBeanFactory.java:1873) ~[spring-beans-6.2.18.jar!/:6.2.18]
	at org.springframework.beans.factory.support.AbstractAutowireCapableBeanFactory.initializeBean(AbstractAutowireCapableBeanFactory.java:1822) ~[spring-beans-6.2.18.jar!/:6.2.18]
	at org.springframework.beans.factory.support.AbstractAutowireCapableBeanFactory.doCreateBean(AbstractAutowireCapableBeanFactory.java:607) ~[spring-beans-6.2.18.jar!/:6.2.18]
	at org.springframework.beans.factory.support.AbstractAutowireCapableBeanFactory.createBean(AbstractAutowireCapableBeanFactory.java:529) ~[spring-beans-6.2.18.jar!/:6.2.18]
	at org.springframework.beans.factory.support.AbstractBeanFactory.lambda$doGetBean$0(AbstractBeanFactory.java:339) ~[spring-beans-6.2.18.jar!/:6.2.18]
	at org.springframework.beans.factory.support.DefaultSingletonBeanRegistry.getSingleton(DefaultSingletonBeanRegistry.java:373) ~[spring-beans-6.2.18.jar!/:6.2.18]
	at org.springframework.beans.factory.support.AbstractBeanFactory.doGetBean(AbstractBeanFactory.java:337) ~[spring-beans-6.2.18.jar!/:6.2.18]
	at org.springframework.beans.factory.support.AbstractBeanFactory.getBean(AbstractBeanFactory.java:202) ~[spring-beans-6.2.18.jar!/:6.2.18]
	at org.springframework.beans.factory.support.BeanDefinitionValueResolver.resolveReference(BeanDefinitionValueResolver.java:365) ~[spring-beans-6.2.18.jar!/:6.2.18]
	at org.springframework.beans.factory.support.BeanDefinitionValueResolver.resolveValueIfNecessary(BeanDefinitionValueResolver.java:135) ~[spring-beans-6.2.18.jar!/:6.2.18]
	at org.springframework.beans.factory.support.ConstructorResolver.resolveConstructorArguments(ConstructorResolver.java:691) ~[spring-beans-6.2.18.jar!/:6.2.18]
	at org.springframework.beans.factory.support.ConstructorResolver.instantiateUsingFactoryMethod(ConstructorResolver.java:513) ~[spring-beans-6.2.18.jar!/:6.2.18]
	at org.springframework.beans.factory.support.AbstractAutowireCapableBeanFactory.instantiateUsingFactoryMethod(AbstractAutowireCapableBeanFactory.java:1375) ~[spring-beans-6.2.18.jar!/:6.2.18]
	at org.springframework.beans.factory.support.AbstractAutowireCapableBeanFactory.createBeanInstance(AbstractAutowireCapableBeanFactory.java:1205) ~[spring-beans-6.2.18.jar!/:6.2.18]
	at org.springframework.beans.factory.support.AbstractAutowireCapableBeanFactory.doCreateBean(AbstractAutowireCapableBeanFactory.java:569) ~[spring-beans-6.2.18.jar!/:6.2.18]
	at org.springframework.beans.factory.support.AbstractAutowireCapableBeanFactory.createBean(AbstractAutowireCapableBeanFactory.java:529) ~[spring-beans-6.2.18.jar!/:6.2.18]
	at org.springframework.beans.factory.support.AbstractBeanFactory.lambda$doGetBean$0(AbstractBeanFactory.java:339) ~[spring-beans-6.2.18.jar!/:6.2.18]
	at org.springframework.beans.factory.support.DefaultSingletonBeanRegistry.getSingleton(DefaultSingletonBeanRegistry.java:373) ~[spring-beans-6.2.18.jar!/:6.2.18]
	at org.springframework.beans.factory.support.AbstractBeanFactory.doGetBean(AbstractBeanFactory.java:337) ~[spring-beans-6.2.18.jar!/:6.2.18]
	at org.springframework.beans.factory.support.AbstractBeanFactory.getBean(AbstractBeanFactory.java:202) ~[spring-beans-6.2.18.jar!/:6.2.18]
	at org.springframework.beans.factory.support.BeanDefinitionValueResolver.resolveReference(BeanDefinitionValueResolver.java:365) ~[spring-beans-6.2.18.jar!/:6.2.18]
	at org.springframework.beans.factory.support.BeanDefinitionValueResolver.resolveValueIfNecessary(BeanDefinitionValueResolver.java:135) ~[spring-beans-6.2.18.jar!/:6.2.18]
	at org.springframework.beans.factory.support.AbstractAutowireCapableBeanFactory.applyPropertyValues(AbstractAutowireCapableBeanFactory.java:1725) ~[spring-beans-6.2.18.jar!/:6.2.18]
	at org.springframework.beans.factory.support.AbstractAutowireCapableBeanFactory.populateBean(AbstractAutowireCapableBeanFactory.java:1474) ~[spring-beans-6.2.18.jar!/:6.2.18]
	at org.springframework.beans.factory.support.AbstractAutowireCapableBeanFactory.doCreateBean(AbstractAutowireCapableBeanFactory.java:606) ~[spring-beans-6.2.18.jar!/:6.2.18]
	at org.springframework.beans.factory.support.AbstractAutowireCapableBeanFactory.createBean(AbstractAutowireCapableBeanFactory.java:529) ~[spring-beans-6.2.18.jar!/:6.2.18]
	at org.springframework.beans.factory.support.AbstractBeanFactory.lambda$doGetBean$0(AbstractBeanFactory.java:339) ~[spring-beans-6.2.18.jar!/:6.2.18]
	at org.springframework.beans.factory.support.DefaultSingletonBeanRegistry.getSingleton(DefaultSingletonBeanRegistry.java:373) ~[spring-beans-6.2.18.jar!/:6.2.18]
	at org.springframework.beans.factory.support.AbstractBeanFactory.doGetBean(AbstractBeanFactory.java:337) ~[spring-beans-6.2.18.jar!/:6.2.18]
	at org.springframework.beans.factory.support.AbstractBeanFactory.getBean(AbstractBeanFactory.java:202) ~[spring-beans-6.2.18.jar!/:6.2.18]
	at org.springframework.beans.factory.support.DefaultListableBeanFactory.doResolveDependency(DefaultListableBeanFactory.java:1708) ~[spring-beans-6.2.18.jar!/:6.2.18]
	at org.springframework.beans.factory.support.DefaultListableBeanFactory.resolveDependency(DefaultListableBeanFactory.java:1653) ~[spring-beans-6.2.18.jar!/:6.2.18]
	at org.springframework.beans.factory.support.ConstructorResolver.resolveAutowiredArgument(ConstructorResolver.java:913) ~[spring-beans-6.2.18.jar!/:6.2.18]
	at org.springframework.beans.factory.support.ConstructorResolver.createArgumentArray(ConstructorResolver.java:791) ~[spring-beans-6.2.18.jar!/:6.2.18]
	at org.springframework.beans.factory.support.ConstructorResolver.autowireConstructor(ConstructorResolver.java:240) ~[spring-beans-6.2.18.jar!/:6.2.18]
	at org.springframework.beans.factory.support.AbstractAutowireCapableBeanFactory.autowireConstructor(AbstractAutowireCapableBeanFactory.java:1395) ~[spring-beans-6.2.18.jar!/:6.2.18]
	at org.springframework.beans.factory.support.AbstractAutowireCapableBeanFactory.createBeanInstance(AbstractAutowireCapableBeanFactory.java:1232) ~[spring-beans-6.2.18.jar!/:6.2.18]
	at org.springframework.beans.factory.support.AbstractAutowireCapableBeanFactory.doCreateBean(AbstractAutowireCapableBeanFactory.java:569) ~[spring-beans-6.2.18.jar!/:6.2.18]
	at org.springframework.beans.factory.support.AbstractAutowireCapableBeanFactory.createBean(AbstractAutowireCapableBeanFactory.java:529) ~[spring-beans-6.2.18.jar!/:6.2.18]
	at org.springframework.beans.factory.support.AbstractBeanFactory.lambda$doGetBean$0(AbstractBeanFactory.java:339) ~[spring-beans-6.2.18.jar!/:6.2.18]
	at org.springframework.beans.factory.support.DefaultSingletonBeanRegistry.getSingleton(DefaultSingletonBeanRegistry.java:373) ~[spring-beans-6.2.18.jar!/:6.2.18]
	at org.springframework.beans.factory.support.AbstractBeanFactory.doGetBean(AbstractBeanFactory.java:337) ~[spring-beans-6.2.18.jar!/:6.2.18]
	at org.springframework.beans.factory.support.AbstractBeanFactory.getBean(AbstractBeanFactory.java:207) ~[spring-beans-6.2.18.jar!/:6.2.18]
	at org.springframework.boot.web.servlet.ServletContextInitializerBeans.getOrderedBeansOfType(ServletContextInitializerBeans.java:230) ~[spring-boot-3.5.14.jar!/:3.5.14]
	at org.springframework.boot.web.servlet.ServletContextInitializerBeans.addAsRegistrationBean(ServletContextInitializerBeans.java:184) ~[spring-boot-3.5.14.jar!/:3.5.14]
	at org.springframework.boot.web.servlet.ServletContextInitializerBeans.addAsRegistrationBean(ServletContextInitializerBeans.java:179) ~[spring-boot-3.5.14.jar!/:3.5.14]
	at org.springframework.boot.web.servlet.ServletContextInitializerBeans.addAdaptableBeans(ServletContextInitializerBeans.java:164) ~[spring-boot-3.5.14.jar!/:3.5.14]
	at org.springframework.boot.web.servlet.ServletContextInitializerBeans.<init>(ServletContextInitializerBeans.java:96) ~[spring-boot-3.5.14.jar!/:3.5.14]
	at org.springframework.boot.web.servlet.context.ServletWebServerApplicationContext.getServletContextInitializerBeans(ServletWebServerApplicationContext.java:271) ~[spring-boot-3.5.14.jar!/:3.5.14]
	at org.springframework.boot.web.servlet.context.ServletWebServerApplicationContext.selfInitialize(ServletWebServerApplicationContext.java:245) ~[spring-boot-3.5.14.jar!/:3.5.14]
	at org.springframework.boot.web.embedded.tomcat.TomcatStarter.onStartup(TomcatStarter.java:52) ~[spring-boot-3.5.14.jar!/:3.5.14]
	at org.apache.catalina.core.StandardContext.startInternal(StandardContext.java:4452) ~[tomcat-embed-core-10.1.54.jar!/:na]
	at org.apache.catalina.util.LifecycleBase.start(LifecycleBase.java:164) ~[tomcat-embed-core-10.1.54.jar!/:na]
	at org.apache.catalina.core.ContainerBase$StartChild.call(ContainerBase.java:1201) ~[tomcat-embed-core-10.1.54.jar!/:na]
	at org.apache.catalina.core.ContainerBase$StartChild.call(ContainerBase.java:1191) ~[tomcat-embed-core-10.1.54.jar!/:na]
	at java.base/java.util.concurrent.FutureTask.run(FutureTask.java:264) ~[na:na]
	at org.apache.tomcat.util.threads.InlineExecutorService.execute(InlineExecutorService.java:81) ~[tomcat-embed-core-10.1.54.jar!/:na]
	at java.base/java.util.concurrent.AbstractExecutorService.submit(AbstractExecutorService.java:145) ~[na:na]
	at org.apache.catalina.core.ContainerBase.startInternal(ContainerBase.java:747) ~[tomcat-embed-core-10.1.54.jar!/:na]
	at org.apache.catalina.core.StandardHost.startInternal(StandardHost.java:783) ~[tomcat-embed-core-10.1.54.jar!/:na]
	at org.apache.catalina.util.LifecycleBase.start(LifecycleBase.java:164) ~[tomcat-embed-core-10.1.54.jar!/:na]
	at org.apache.catalina.core.ContainerBase$StartChild.call(ContainerBase.java:1201) ~[tomcat-embed-core-10.1.54.jar!/:na]
	at org.apache.catalina.core.ContainerBase$StartChild.call(ContainerBase.java:1191) ~[tomcat-embed-core-10.1.54.jar!/:na]
	at java.base/java.util.concurrent.FutureTask.run(FutureTask.java:264) ~[na:na]
	at org.apache.tomcat.util.threads.InlineExecutorService.execute(InlineExecutorService.java:81) ~[tomcat-embed-core-10.1.54.jar!/:na]
	at java.base/java.util.concurrent.AbstractExecutorService.submit(AbstractExecutorService.java:145) ~[na:na]
	at org.apache.catalina.core.ContainerBase.startInternal(ContainerBase.java:747) ~[tomcat-embed-core-10.1.54.jar!/:na]
	at org.apache.catalina.core.StandardEngine.startInternal(StandardEngine.java:201) ~[tomcat-embed-core-10.1.54.jar!/:na]
	at org.apache.catalina.util.LifecycleBase.start(LifecycleBase.java:164) ~[tomcat-embed-core-10.1.54.jar!/:na]
	at org.apache.catalina.core.StandardService.startInternal(StandardService.java:410) ~[tomcat-embed-core-10.1.54.jar!/:na]
	at org.apache.catalina.util.LifecycleBase.start(LifecycleBase.java:164) ~[tomcat-embed-core-10.1.54.jar!/:na]
	at org.apache.catalina.core.StandardServer.startInternal(StandardServer.java:868) ~[tomcat-embed-core-10.1.54.jar!/:na]
	at org.apache.catalina.util.LifecycleBase.start(LifecycleBase.java:164) ~[tomcat-embed-core-10.1.54.jar!/:na]
	at org.apache.catalina.startup.Tomcat.start(Tomcat.java:436) ~[tomcat-embed-core-10.1.54.jar!/:na]
	at org.springframework.boot.web.embedded.tomcat.TomcatWebServer.initialize(TomcatWebServer.java:128) ~[spring-boot-3.5.14.jar!/:3.5.14]
	at org.springframework.boot.web.embedded.tomcat.TomcatWebServer.<init>(TomcatWebServer.java:107) ~[spring-boot-3.5.14.jar!/:3.5.14]
	at org.springframework.boot.web.embedded.tomcat.TomcatServletWebServerFactory.getTomcatWebServer(TomcatServletWebServerFactory.java:517) ~[spring-boot-3.5.14.jar!/:3.5.14]
	at org.springframework.boot.web.embedded.tomcat.TomcatServletWebServerFactory.getWebServer(TomcatServletWebServerFactory.java:219) ~[spring-boot-3.5.14.jar!/:3.5.14]
	at org.springframework.boot.web.servlet.context.ServletWebServerApplicationContext.createWebServer(ServletWebServerApplicationContext.java:193) ~[spring-boot-3.5.14.jar!/:3.5.14]
	at org.springframework.boot.web.servlet.context.ServletWebServerApplicationContext.onRefresh(ServletWebServerApplicationContext.java:167) ~[spring-boot-3.5.14.jar!/:3.5.14]
	at org.springframework.context.support.AbstractApplicationContext.refresh(AbstractApplicationContext.java:622) ~[spring-context-6.2.18.jar!/:6.2.18]
	at org.springframework.boot.web.servlet.context.ServletWebServerApplicationContext.refresh(ServletWebServerApplicationContext.java:146) ~[spring-boot-3.5.14.jar!/:3.5.14]
	at org.springframework.boot.SpringApplication.refresh(SpringApplication.java:752) ~[spring-boot-3.5.14.jar!/:3.5.14]
	at org.springframework.boot.SpringApplication.refreshContext(SpringApplication.java:439) ~[spring-boot-3.5.14.jar!/:3.5.14]
	at org.springframework.boot.SpringApplication.run(SpringApplication.java:318) ~[spring-boot-3.5.14.jar!/:3.5.14]
	at org.springframework.boot.SpringApplication.run(SpringApplication.java:1361) ~[spring-boot-3.5.14.jar!/:3.5.14]
	at org.springframework.boot.SpringApplication.run(SpringApplication.java:1350) ~[spring-boot-3.5.14.jar!/:3.5.14]
	at com.firstteam.taskbountyplatform.TaskBountyPlatformApplication.main(TaskBountyPlatformApplication.java:14) ~[!/:0.0.1-SNAPSHOT]
	at java.base/jdk.internal.reflect.NativeMethodAccessorImpl.invoke0(Native Method) ~[na:na]
	at java.base/jdk.internal.reflect.NativeMethodAccessorImpl.invoke(NativeMethodAccessorImpl.java:77) ~[na:na]
	at java.base/jdk.internal.reflect.DelegatingMethodAccessorImpl.invoke(DelegatingMethodAccessorImpl.java:43) ~[na:na]
	at java.base/java.lang.reflect.Method.invoke(Method.java:569) ~[na:na]
	at org.springframework.boot.loader.launch.Launcher.launch(Launcher.java:106) ~[TaskBountyPlatform-0.0.1-SNAPSHOT.jar:0.0.1-SNAPSHOT]
	at org.springframework.boot.loader.launch.Launcher.launch(Launcher.java:64) ~[TaskBountyPlatform-0.0.1-SNAPSHOT.jar:0.0.1-SNAPSHOT]
	at org.springframework.boot.loader.launch.JarLauncher.main(JarLauncher.java:40) ~[TaskBountyPlatform-0.0.1-SNAPSHOT.jar:0.0.1-SNAPSHOT]
Caused by: com.mysql.cj.jdbc.exceptions.MysqlDataTruncation: Data truncation: Data too long for column 'config_value' at row 1
	at com.mysql.cj.jdbc.exceptions.SQLExceptionsMapping.translateException(SQLExceptionsMapping.java:96) ~[mysql-connector-j-9.7.0.jar!/:9.7.0]
	at com.mysql.cj.jdbc.StatementImpl.executeInternal(StatementImpl.java:839) ~[mysql-connector-j-9.7.0.jar!/:9.7.0]
	at com.mysql.cj.jdbc.StatementImpl.execute(StatementImpl.java:687) ~[mysql-connector-j-9.7.0.jar!/:9.7.0]
	at com.zaxxer.hikari.pool.ProxyStatement.execute(ProxyStatement.java:95) ~[HikariCP-6.3.3.jar!/:na]
	at com.zaxxer.hikari.pool.HikariProxyStatement.execute(HikariProxyStatement.java) ~[HikariCP-6.3.3.jar!/:na]
	at org.hibernate.tool.schema.internal.exec.GenerationTargetToDatabase.accept(GenerationTargetToDatabase.java:80) ~[hibernate-core-6.6.49.Final.jar!/:6.6.49.Final]
	... 115 common frames omitted

2026-06-11T22:14:23.465+08:00  INFO 2344945 --- [TaskBountyPlatform] [main] j.LocalContainerEntityManagerFactoryBean : Initialized JPA EntityManagerFactory for persistence unit 'default'
2026-06-11T22:14:23.751+08:00  INFO 2344945 --- [TaskBountyPlatform] [main] o.s.d.j.r.query.QueryEnhancerFactory     : Hibernate is in classpath; If applicable, HQL parser will be used.
2026-06-11T22:14:24.345+08:00 DEBUG 2344945 --- [TaskBountyPlatform] [main] c.f.t.a.s.JwtAuthenticationFilter        : Filter 'jwtAuthenticationFilter' configured for use
2026-06-11T22:14:25.189+08:00  WARN 2344945 --- [TaskBountyPlatform] [main] JpaBaseConfiguration$JpaWebConfiguration : spring.jpa.open-in-view is enabled by default. Therefore, database queries may be performed during view rendering. Explicitly configure spring.jpa.open-in-view to disable this warning
2026-06-11T22:14:25.216+08:00  INFO 2344945 --- [TaskBountyPlatform] [main] o.s.b.a.w.s.WelcomePageHandlerMapping    : Adding welcome page: class path resource [static/index.html]
2026-06-11T22:14:25.556+08:00  INFO 2344945 --- [TaskBountyPlatform] [main] o.s.b.a.e.web.EndpointLinksResolver      : Exposing 4 endpoints beneath base path '/actuator'
2026-06-11T22:14:25.597+08:00  WARN 2344945 --- [TaskBountyPlatform] [main] .s.s.UserDetailsServiceAutoConfiguration : 

Using generated security password: 669aae4f-b7c1-4a40-874e-0b4b7d83936b

This generated password is for development use only. Your security configuration must be updated before running your application in production.

2026-06-11T22:14:25.610+08:00  INFO 2344945 --- [TaskBountyPlatform] [main] r$InitializeUserDetailsManagerConfigurer : Global AuthenticationManager configured with UserDetailsService bean with name inMemoryUserDetailsManager
2026-06-11T22:14:26.142+08:00  INFO 2344945 --- [TaskBountyPlatform] [main] o.s.b.w.embedded.tomcat.TomcatWebServer  : Tomcat started on port 8080 (http) with context path '/'
2026-06-11T22:14:26.175+08:00  INFO 2344945 --- [TaskBountyPlatform] [main] c.f.t.TaskBountyPlatformApplication      : Started TaskBountyPlatformApplication in 7.6 seconds (process running for 8.103)
2026-06-11T22:14:32.305+08:00  INFO 2344945 --- [TaskBountyPlatform] [http-nio-8080-exec-1] o.a.c.c.C.[Tomcat].[localhost].[/]       : Initializing Spring DispatcherServlet 'dispatcherServlet'
2026-06-11T22:14:32.305+08:00  INFO 2344945 --- [TaskBountyPlatform] [http-nio-8080-exec-1] o.s.web.servlet.DispatcherServlet        : Initializing Servlet 'dispatcherServlet'
2026-06-11T22:14:32.306+08:00  INFO 2344945 --- [TaskBountyPlatform] [http-nio-8080-exec-1] o.s.web.servlet.DispatcherServlet        : Completed initialization in 1 ms
2026-06-11T22:15:00.002+08:00  INFO 2344945 --- [TaskBountyPlatform] [scheduling-1] c.f.t.scheduler.TaskTimeoutScheduler     : Starting checkDeliveryTimeout...
2026-06-11T22:15:00.037+08:00  INFO 2344945 --- [TaskBountyPlatform] [scheduling-1] c.f.t.scheduler.TaskTimeoutScheduler     : Found 1 overdue IN_PROGRESS tasks
2026-06-11T22:15:00.067+08:00 DEBUG 2344945 --- [TaskBountyPlatform] [scheduling-1] c.f.t.n.service.NotificationService      : Notification created: id=229, receiverId=1, type=TASK_UPDATE
2026-06-11T22:15:00.081+08:00 DEBUG 2344945 --- [TaskBountyPlatform] [scheduling-1] c.f.t.n.service.NotificationService      : Notification created: id=230, receiverId=13, type=TASK_UPDATE
2026-06-11T22:15:00.083+08:00  INFO 2344945 --- [TaskBountyPlatform] [scheduling-1] c.f.t.scheduler.TaskTimeoutScheduler     : checkDeliveryTimeout completed. Processed 1 tasks
2026-06-11T22:15:00.084+08:00  INFO 2344945 --- [TaskBountyPlatform] [scheduling-1] c.f.t.scheduler.TaskTimeoutScheduler     : Starting checkPendingConfirmationTimeout...
2026-06-11T22:15:00.089+08:00  INFO 2344945 --- [TaskBountyPlatform] [scheduling-1] c.f.t.scheduler.TaskTimeoutScheduler     : Found 0 PENDING_CONFIRMATION tasks
2026-06-11T22:15:00.090+08:00  INFO 2344945 --- [TaskBountyPlatform] [scheduling-1] c.f.t.scheduler.TaskTimeoutScheduler     : checkPendingConfirmationTimeout completed. Processed 0 tasks
2026-06-11T22:15:00.091+08:00  INFO 2344945 --- [TaskBountyPlatform] [scheduling-1] c.f.t.scheduler.TaskTimeoutScheduler     : Starting checkUnclaimedTaskTimeout...
2026-06-11T22:15:00.095+08:00  INFO 2344945 --- [TaskBountyPlatform] [scheduling-1] c.f.t.scheduler.TaskTimeoutScheduler     : Found 0 published tasks past auto-cancel deadline
2026-06-11T22:15:00.095+08:00  INFO 2344945 --- [TaskBountyPlatform] [scheduling-1] c.f.t.scheduler.TaskTimeoutScheduler     : checkUnclaimedTaskTimeout completed. Processed 0 tasks
2026-06-11T22:15:00.096+08:00  INFO 2344945 --- [TaskBountyPlatform] [scheduling-1] c.f.t.scheduler.ReviewTimeoutScheduler   : Starting createDefaultReviews...
2026-06-11T22:15:00.106+08:00  INFO 2344945 --- [TaskBountyPlatform] [scheduling-1] c.f.t.scheduler.ReviewTimeoutScheduler   : Found 0 COMPLETED tasks older than 24 hours
2026-06-11T22:15:00.106+08:00  INFO 2344945 --- [TaskBountyPlatform] [scheduling-1] c.f.t.scheduler.ReviewTimeoutScheduler   : createDefaultReviews completed. Created 0 default reviews
2026-06-11T22:15:43.045+08:00 DEBUG 2344945 --- [TaskBountyPlatform] [http-nio-8080-exec-8] c.f.t.c.e.GlobalExceptionHandler         : SPA fallback: /task-hall -> /index.html
2026-06-11T22:15:45.497+08:00 DEBUG 2344945 --- [TaskBountyPlatform] [http-nio-8080-exec-2] c.f.t.c.e.GlobalExceptionHandler         : SPA fallback: /task/19 -> /index.html
2026-06-11T22:15:50.757+08:00 DEBUG 2344945 --- [TaskBountyPlatform] [http-nio-8080-exec-7] c.f.t.c.e.GlobalExceptionHandler         : SPA fallback: /task-hall -> /index.html
2026-06-11T22:16:24.792+08:00  INFO 2367220 --- [TaskBountyPlatform] [main] c.f.t.TaskBountyPlatformApplication      : Starting TaskBountyPlatformApplication v0.0.1-SNAPSHOT using Java 17.0.15 with PID 2367220 (/home/gr/cxy/code/Micro-task-Bounty-Platform/backend/target/TaskBountyPlatform-0.0.1-SNAPSHOT.jar started by gr in /home/gr/cxy/code/Micro-task-Bounty-Platform/backend)
2026-06-11T22:16:24.794+08:00 DEBUG 2367220 --- [TaskBountyPlatform] [main] c.f.t.TaskBountyPlatformApplication      : Running with Spring Boot v3.5.14, Spring v6.2.18
2026-06-11T22:16:24.794+08:00  INFO 2367220 --- [TaskBountyPlatform] [main] c.f.t.TaskBountyPlatformApplication      : No active profile set, falling back to 1 default profile: "default"
2026-06-11T22:16:26.002+08:00  INFO 2367220 --- [TaskBountyPlatform] [main] .s.d.r.c.RepositoryConfigurationDelegate : Bootstrapping Spring Data JPA repositories in DEFAULT mode.
2026-06-11T22:16:26.090+08:00  INFO 2367220 --- [TaskBountyPlatform] [main] .s.d.r.c.RepositoryConfigurationDelegate : Finished Spring Data repository scanning in 78 ms. Found 18 JPA repository interfaces.
2026-06-11T22:16:26.769+08:00  INFO 2367220 --- [TaskBountyPlatform] [main] o.s.b.w.embedded.tomcat.TomcatWebServer  : Tomcat initialized with port 8080 (http)
2026-06-11T22:16:26.781+08:00  INFO 2367220 --- [TaskBountyPlatform] [main] o.apache.catalina.core.StandardService   : Starting service [Tomcat]
2026-06-11T22:16:26.782+08:00  INFO 2367220 --- [TaskBountyPlatform] [main] o.apache.catalina.core.StandardEngine    : Starting Servlet engine: [Apache Tomcat/10.1.54]
2026-06-11T22:16:26.811+08:00  INFO 2367220 --- [TaskBountyPlatform] [main] o.a.c.c.C.[Tomcat].[localhost].[/]       : Initializing Spring embedded WebApplicationContext
2026-06-11T22:16:26.811+08:00  INFO 2367220 --- [TaskBountyPlatform] [main] w.s.c.ServletWebServerApplicationContext : Root WebApplicationContext: initialization completed in 1971 ms
2026-06-11T22:16:27.165+08:00  INFO 2367220 --- [TaskBountyPlatform] [main] o.hibernate.jpa.internal.util.LogHelper  : HHH000204: Processing PersistenceUnitInfo [name: default]
2026-06-11T22:16:27.221+08:00  INFO 2367220 --- [TaskBountyPlatform] [main] org.hibernate.Version                    : HHH000412: Hibernate ORM core version 6.6.49.Final
2026-06-11T22:16:27.256+08:00  INFO 2367220 --- [TaskBountyPlatform] [main] o.h.c.internal.RegionFactoryInitiator    : HHH000026: Second-level cache disabled
2026-06-11T22:16:27.506+08:00  INFO 2367220 --- [TaskBountyPlatform] [main] o.s.o.j.p.SpringPersistenceUnitInfo      : No LoadTimeWeaver setup: ignoring JPA class transformer
2026-06-11T22:16:27.529+08:00  INFO 2367220 --- [TaskBountyPlatform] [main] com.zaxxer.hikari.HikariDataSource       : HikariPool-1 - Starting...
2026-06-11T22:16:27.783+08:00  INFO 2367220 --- [TaskBountyPlatform] [main] com.zaxxer.hikari.pool.HikariPool        : HikariPool-1 - Added connection com.mysql.cj.jdbc.ConnectionImpl@67689c81
2026-06-11T22:16:27.786+08:00  INFO 2367220 --- [TaskBountyPlatform] [main] com.zaxxer.hikari.HikariDataSource       : HikariPool-1 - Start completed.
2026-06-11T22:16:27.846+08:00  WARN 2367220 --- [TaskBountyPlatform] [main] org.hibernate.orm.deprecation            : HHH90000025: MySQLDialect does not need to be specified explicitly using 'hibernate.dialect' (remove the property setting and it will be selected by default)
2026-06-11T22:16:27.870+08:00  INFO 2367220 --- [TaskBountyPlatform] [main] org.hibernate.orm.connections.pooling    : HHH10001005: Database info:
	Database JDBC URL [Connecting through datasource 'HikariDataSource (HikariPool-1)']
	Database driver: undefined/unknown
	Database version: 8.0.42
	Autocommit mode: undefined/unknown
	Isolation level: undefined/unknown
	Minimum pool size: undefined/unknown
	Maximum pool size: undefined/unknown
2026-06-11T22:16:28.965+08:00  INFO 2367220 --- [TaskBountyPlatform] [main] o.h.e.t.j.p.i.JtaPlatformInitiator       : HHH000489: No JTA platform available (set 'hibernate.transaction.jta.platform' to enable JTA platform integration)
2026-06-11T22:16:29.165+08:00  WARN 2367220 --- [TaskBountyPlatform] [main] o.h.t.s.i.ExceptionHandlerLoggedImpl     : GenerationTarget encountered exception accepting command : Error executing DDL "
    alter table system_configs 
       modify column config_value varchar(500) not null" via JDBC [Data truncation: Data too long for column 'config_value' at row 1]

org.hibernate.tool.schema.spi.CommandAcceptanceException: Error executing DDL "
    alter table system_configs 
       modify column config_value varchar(500) not null" via JDBC [Data truncation: Data too long for column 'config_value' at row 1]
	at org.hibernate.tool.schema.internal.exec.GenerationTargetToDatabase.accept(GenerationTargetToDatabase.java:94) ~[hibernate-core-6.6.49.Final.jar!/:6.6.49.Final]
	at org.hibernate.tool.schema.internal.AbstractSchemaMigrator.applySqlString(AbstractSchemaMigrator.java:576) ~[hibernate-core-6.6.49.Final.jar!/:6.6.49.Final]
	at org.hibernate.tool.schema.internal.AbstractSchemaMigrator.applySqlStrings(AbstractSchemaMigrator.java:516) ~[hibernate-core-6.6.49.Final.jar!/:6.6.49.Final]
	at org.hibernate.tool.schema.internal.AbstractSchemaMigrator.migrateTable(AbstractSchemaMigrator.java:334) ~[hibernate-core-6.6.49.Final.jar!/:6.6.49.Final]
	at org.hibernate.tool.schema.internal.GroupedSchemaMigratorImpl.performTablesMigration(GroupedSchemaMigratorImpl.java:84) ~[hibernate-core-6.6.49.Final.jar!/:6.6.49.Final]
	at org.hibernate.tool.schema.internal.AbstractSchemaMigrator.performMigration(AbstractSchemaMigrator.java:233) ~[hibernate-core-6.6.49.Final.jar!/:6.6.49.Final]
	at org.hibernate.tool.schema.internal.AbstractSchemaMigrator.doMigration(AbstractSchemaMigrator.java:112) ~[hibernate-core-6.6.49.Final.jar!/:6.6.49.Final]
	at org.hibernate.tool.schema.spi.SchemaManagementToolCoordinator.performDatabaseAction(SchemaManagementToolCoordinator.java:280) ~[hibernate-core-6.6.49.Final.jar!/:6.6.49.Final]
	at org.hibernate.tool.schema.spi.SchemaManagementToolCoordinator.lambda$process$5(SchemaManagementToolCoordinator.java:144) ~[hibernate-core-6.6.49.Final.jar!/:6.6.49.Final]
	at java.base/java.util.HashMap.forEach(HashMap.java:1421) ~[na:na]
	at org.hibernate.tool.schema.spi.SchemaManagementToolCoordinator.process(SchemaManagementToolCoordinator.java:141) ~[hibernate-core-6.6.49.Final.jar!/:6.6.49.Final]
	at org.hibernate.boot.internal.SessionFactoryObserverForSchemaExport.sessionFactoryCreated(SessionFactoryObserverForSchemaExport.java:37) ~[hibernate-core-6.6.49.Final.jar!/:6.6.49.Final]
	at org.hibernate.internal.SessionFactoryObserverChain.sessionFactoryCreated(SessionFactoryObserverChain.java:35) ~[hibernate-core-6.6.49.Final.jar!/:6.6.49.Final]
	at org.hibernate.internal.SessionFactoryImpl.<init>(SessionFactoryImpl.java:324) ~[hibernate-core-6.6.49.Final.jar!/:6.6.49.Final]
	at org.hibernate.boot.internal.SessionFactoryBuilderImpl.build(SessionFactoryBuilderImpl.java:463) ~[hibernate-core-6.6.49.Final.jar!/:6.6.49.Final]
	at org.hibernate.jpa.boot.internal.EntityManagerFactoryBuilderImpl.build(EntityManagerFactoryBuilderImpl.java:1517) ~[hibernate-core-6.6.49.Final.jar!/:6.6.49.Final]
	at org.springframework.orm.jpa.vendor.SpringHibernateJpaPersistenceProvider.createContainerEntityManagerFactory(SpringHibernateJpaPersistenceProvider.java:66) ~[spring-orm-6.2.18.jar!/:6.2.18]
	at org.springframework.orm.jpa.LocalContainerEntityManagerFactoryBean.createNativeEntityManagerFactory(LocalContainerEntityManagerFactoryBean.java:388) ~[spring-orm-6.2.18.jar!/:6.2.18]
	at org.springframework.orm.jpa.AbstractEntityManagerFactoryBean.buildNativeEntityManagerFactory(AbstractEntityManagerFactoryBean.java:419) ~[spring-orm-6.2.18.jar!/:6.2.18]
	at org.springframework.orm.jpa.AbstractEntityManagerFactoryBean.afterPropertiesSet(AbstractEntityManagerFactoryBean.java:400) ~[spring-orm-6.2.18.jar!/:6.2.18]
	at org.springframework.orm.jpa.LocalContainerEntityManagerFactoryBean.afterPropertiesSet(LocalContainerEntityManagerFactoryBean.java:364) ~[spring-orm-6.2.18.jar!/:6.2.18]
	at org.springframework.beans.factory.support.AbstractAutowireCapableBeanFactory.invokeInitMethods(AbstractAutowireCapableBeanFactory.java:1873) ~[spring-beans-6.2.18.jar!/:6.2.18]
	at org.springframework.beans.factory.support.AbstractAutowireCapableBeanFactory.initializeBean(AbstractAutowireCapableBeanFactory.java:1822) ~[spring-beans-6.2.18.jar!/:6.2.18]
	at org.springframework.beans.factory.support.AbstractAutowireCapableBeanFactory.doCreateBean(AbstractAutowireCapableBeanFactory.java:607) ~[spring-beans-6.2.18.jar!/:6.2.18]
	at org.springframework.beans.factory.support.AbstractAutowireCapableBeanFactory.createBean(AbstractAutowireCapableBeanFactory.java:529) ~[spring-beans-6.2.18.jar!/:6.2.18]
	at org.springframework.beans.factory.support.AbstractBeanFactory.lambda$doGetBean$0(AbstractBeanFactory.java:339) ~[spring-beans-6.2.18.jar!/:6.2.18]
	at org.springframework.beans.factory.support.DefaultSingletonBeanRegistry.getSingleton(DefaultSingletonBeanRegistry.java:373) ~[spring-beans-6.2.18.jar!/:6.2.18]
	at org.springframework.beans.factory.support.AbstractBeanFactory.doGetBean(AbstractBeanFactory.java:337) ~[spring-beans-6.2.18.jar!/:6.2.18]
	at org.springframework.beans.factory.support.AbstractBeanFactory.getBean(AbstractBeanFactory.java:202) ~[spring-beans-6.2.18.jar!/:6.2.18]
	at org.springframework.beans.factory.support.BeanDefinitionValueResolver.resolveReference(BeanDefinitionValueResolver.java:365) ~[spring-beans-6.2.18.jar!/:6.2.18]
	at org.springframework.beans.factory.support.BeanDefinitionValueResolver.resolveValueIfNecessary(BeanDefinitionValueResolver.java:135) ~[spring-beans-6.2.18.jar!/:6.2.18]
	at org.springframework.beans.factory.support.ConstructorResolver.resolveConstructorArguments(ConstructorResolver.java:691) ~[spring-beans-6.2.18.jar!/:6.2.18]
	at org.springframework.beans.factory.support.ConstructorResolver.instantiateUsingFactoryMethod(ConstructorResolver.java:513) ~[spring-beans-6.2.18.jar!/:6.2.18]
	at org.springframework.beans.factory.support.AbstractAutowireCapableBeanFactory.instantiateUsingFactoryMethod(AbstractAutowireCapableBeanFactory.java:1375) ~[spring-beans-6.2.18.jar!/:6.2.18]
	at org.springframework.beans.factory.support.AbstractAutowireCapableBeanFactory.createBeanInstance(AbstractAutowireCapableBeanFactory.java:1205) ~[spring-beans-6.2.18.jar!/:6.2.18]
	at org.springframework.beans.factory.support.AbstractAutowireCapableBeanFactory.doCreateBean(AbstractAutowireCapableBeanFactory.java:569) ~[spring-beans-6.2.18.jar!/:6.2.18]
	at org.springframework.beans.factory.support.AbstractAutowireCapableBeanFactory.createBean(AbstractAutowireCapableBeanFactory.java:529) ~[spring-beans-6.2.18.jar!/:6.2.18]
	at org.springframework.beans.factory.support.AbstractBeanFactory.lambda$doGetBean$0(AbstractBeanFactory.java:339) ~[spring-beans-6.2.18.jar!/:6.2.18]
	at org.springframework.beans.factory.support.DefaultSingletonBeanRegistry.getSingleton(DefaultSingletonBeanRegistry.java:373) ~[spring-beans-6.2.18.jar!/:6.2.18]
	at org.springframework.beans.factory.support.AbstractBeanFactory.doGetBean(AbstractBeanFactory.java:337) ~[spring-beans-6.2.18.jar!/:6.2.18]
	at org.springframework.beans.factory.support.AbstractBeanFactory.getBean(AbstractBeanFactory.java:202) ~[spring-beans-6.2.18.jar!/:6.2.18]
	at org.springframework.beans.factory.support.BeanDefinitionValueResolver.resolveReference(BeanDefinitionValueResolver.java:365) ~[spring-beans-6.2.18.jar!/:6.2.18]
	at org.springframework.beans.factory.support.BeanDefinitionValueResolver.resolveValueIfNecessary(BeanDefinitionValueResolver.java:135) ~[spring-beans-6.2.18.jar!/:6.2.18]
	at org.springframework.beans.factory.support.AbstractAutowireCapableBeanFactory.applyPropertyValues(AbstractAutowireCapableBeanFactory.java:1725) ~[spring-beans-6.2.18.jar!/:6.2.18]
	at org.springframework.beans.factory.support.AbstractAutowireCapableBeanFactory.populateBean(AbstractAutowireCapableBeanFactory.java:1474) ~[spring-beans-6.2.18.jar!/:6.2.18]
	at org.springframework.beans.factory.support.AbstractAutowireCapableBeanFactory.doCreateBean(AbstractAutowireCapableBeanFactory.java:606) ~[spring-beans-6.2.18.jar!/:6.2.18]
	at org.springframework.beans.factory.support.AbstractAutowireCapableBeanFactory.createBean(AbstractAutowireCapableBeanFactory.java:529) ~[spring-beans-6.2.18.jar!/:6.2.18]
	at org.springframework.beans.factory.support.AbstractBeanFactory.lambda$doGetBean$0(AbstractBeanFactory.java:339) ~[spring-beans-6.2.18.jar!/:6.2.18]
	at org.springframework.beans.factory.support.DefaultSingletonBeanRegistry.getSingleton(DefaultSingletonBeanRegistry.java:373) ~[spring-beans-6.2.18.jar!/:6.2.18]
	at org.springframework.beans.factory.support.AbstractBeanFactory.doGetBean(AbstractBeanFactory.java:337) ~[spring-beans-6.2.18.jar!/:6.2.18]
	at org.springframework.beans.factory.support.AbstractBeanFactory.getBean(AbstractBeanFactory.java:202) ~[spring-beans-6.2.18.jar!/:6.2.18]
	at org.springframework.beans.factory.support.DefaultListableBeanFactory.doResolveDependency(DefaultListableBeanFactory.java:1708) ~[spring-beans-6.2.18.jar!/:6.2.18]
	at org.springframework.beans.factory.support.DefaultListableBeanFactory.resolveDependency(DefaultListableBeanFactory.java:1653) ~[spring-beans-6.2.18.jar!/:6.2.18]
	at org.springframework.beans.factory.support.ConstructorResolver.resolveAutowiredArgument(ConstructorResolver.java:913) ~[spring-beans-6.2.18.jar!/:6.2.18]
	at org.springframework.beans.factory.support.ConstructorResolver.createArgumentArray(ConstructorResolver.java:791) ~[spring-beans-6.2.18.jar!/:6.2.18]
	at org.springframework.beans.factory.support.ConstructorResolver.autowireConstructor(ConstructorResolver.java:240) ~[spring-beans-6.2.18.jar!/:6.2.18]
	at org.springframework.beans.factory.support.AbstractAutowireCapableBeanFactory.autowireConstructor(AbstractAutowireCapableBeanFactory.java:1395) ~[spring-beans-6.2.18.jar!/:6.2.18]
	at org.springframework.beans.factory.support.AbstractAutowireCapableBeanFactory.createBeanInstance(AbstractAutowireCapableBeanFactory.java:1232) ~[spring-beans-6.2.18.jar!/:6.2.18]
	at org.springframework.beans.factory.support.AbstractAutowireCapableBeanFactory.doCreateBean(AbstractAutowireCapableBeanFactory.java:569) ~[spring-beans-6.2.18.jar!/:6.2.18]
	at org.springframework.beans.factory.support.AbstractAutowireCapableBeanFactory.createBean(AbstractAutowireCapableBeanFactory.java:529) ~[spring-beans-6.2.18.jar!/:6.2.18]
	at org.springframework.beans.factory.support.AbstractBeanFactory.lambda$doGetBean$0(AbstractBeanFactory.java:339) ~[spring-beans-6.2.18.jar!/:6.2.18]
	at org.springframework.beans.factory.support.DefaultSingletonBeanRegistry.getSingleton(DefaultSingletonBeanRegistry.java:373) ~[spring-beans-6.2.18.jar!/:6.2.18]
	at org.springframework.beans.factory.support.AbstractBeanFactory.doGetBean(AbstractBeanFactory.java:337) ~[spring-beans-6.2.18.jar!/:6.2.18]
	at org.springframework.beans.factory.support.AbstractBeanFactory.getBean(AbstractBeanFactory.java:207) ~[spring-beans-6.2.18.jar!/:6.2.18]
	at org.springframework.boot.web.servlet.ServletContextInitializerBeans.getOrderedBeansOfType(ServletContextInitializerBeans.java:230) ~[spring-boot-3.5.14.jar!/:3.5.14]
	at org.springframework.boot.web.servlet.ServletContextInitializerBeans.addAsRegistrationBean(ServletContextInitializerBeans.java:184) ~[spring-boot-3.5.14.jar!/:3.5.14]
	at org.springframework.boot.web.servlet.ServletContextInitializerBeans.addAsRegistrationBean(ServletContextInitializerBeans.java:179) ~[spring-boot-3.5.14.jar!/:3.5.14]
	at org.springframework.boot.web.servlet.ServletContextInitializerBeans.addAdaptableBeans(ServletContextInitializerBeans.java:164) ~[spring-boot-3.5.14.jar!/:3.5.14]
	at org.springframework.boot.web.servlet.ServletContextInitializerBeans.<init>(ServletContextInitializerBeans.java:96) ~[spring-boot-3.5.14.jar!/:3.5.14]
	at org.springframework.boot.web.servlet.context.ServletWebServerApplicationContext.getServletContextInitializerBeans(ServletWebServerApplicationContext.java:271) ~[spring-boot-3.5.14.jar!/:3.5.14]
	at org.springframework.boot.web.servlet.context.ServletWebServerApplicationContext.selfInitialize(ServletWebServerApplicationContext.java:245) ~[spring-boot-3.5.14.jar!/:3.5.14]
	at org.springframework.boot.web.embedded.tomcat.TomcatStarter.onStartup(TomcatStarter.java:52) ~[spring-boot-3.5.14.jar!/:3.5.14]
	at org.apache.catalina.core.StandardContext.startInternal(StandardContext.java:4452) ~[tomcat-embed-core-10.1.54.jar!/:na]
	at org.apache.catalina.util.LifecycleBase.start(LifecycleBase.java:164) ~[tomcat-embed-core-10.1.54.jar!/:na]
	at org.apache.catalina.core.ContainerBase$StartChild.call(ContainerBase.java:1201) ~[tomcat-embed-core-10.1.54.jar!/:na]
	at org.apache.catalina.core.ContainerBase$StartChild.call(ContainerBase.java:1191) ~[tomcat-embed-core-10.1.54.jar!/:na]
	at java.base/java.util.concurrent.FutureTask.run(FutureTask.java:264) ~[na:na]
	at org.apache.tomcat.util.threads.InlineExecutorService.execute(InlineExecutorService.java:81) ~[tomcat-embed-core-10.1.54.jar!/:na]
	at java.base/java.util.concurrent.AbstractExecutorService.submit(AbstractExecutorService.java:145) ~[na:na]
	at org.apache.catalina.core.ContainerBase.startInternal(ContainerBase.java:747) ~[tomcat-embed-core-10.1.54.jar!/:na]
	at org.apache.catalina.core.StandardHost.startInternal(StandardHost.java:783) ~[tomcat-embed-core-10.1.54.jar!/:na]
	at org.apache.catalina.util.LifecycleBase.start(LifecycleBase.java:164) ~[tomcat-embed-core-10.1.54.jar!/:na]
	at org.apache.catalina.core.ContainerBase$StartChild.call(ContainerBase.java:1201) ~[tomcat-embed-core-10.1.54.jar!/:na]
	at org.apache.catalina.core.ContainerBase$StartChild.call(ContainerBase.java:1191) ~[tomcat-embed-core-10.1.54.jar!/:na]
	at java.base/java.util.concurrent.FutureTask.run(FutureTask.java:264) ~[na:na]
	at org.apache.tomcat.util.threads.InlineExecutorService.execute(InlineExecutorService.java:81) ~[tomcat-embed-core-10.1.54.jar!/:na]
	at java.base/java.util.concurrent.AbstractExecutorService.submit(AbstractExecutorService.java:145) ~[na:na]
	at org.apache.catalina.core.ContainerBase.startInternal(ContainerBase.java:747) ~[tomcat-embed-core-10.1.54.jar!/:na]
	at org.apache.catalina.core.StandardEngine.startInternal(StandardEngine.java:201) ~[tomcat-embed-core-10.1.54.jar!/:na]
	at org.apache.catalina.util.LifecycleBase.start(LifecycleBase.java:164) ~[tomcat-embed-core-10.1.54.jar!/:na]
	at org.apache.catalina.core.StandardService.startInternal(StandardService.java:410) ~[tomcat-embed-core-10.1.54.jar!/:na]
	at org.apache.catalina.util.LifecycleBase.start(LifecycleBase.java:164) ~[tomcat-embed-core-10.1.54.jar!/:na]
	at org.apache.catalina.core.StandardServer.startInternal(StandardServer.java:868) ~[tomcat-embed-core-10.1.54.jar!/:na]
	at org.apache.catalina.util.LifecycleBase.start(LifecycleBase.java:164) ~[tomcat-embed-core-10.1.54.jar!/:na]
	at org.apache.catalina.startup.Tomcat.start(Tomcat.java:436) ~[tomcat-embed-core-10.1.54.jar!/:na]
	at org.springframework.boot.web.embedded.tomcat.TomcatWebServer.initialize(TomcatWebServer.java:128) ~[spring-boot-3.5.14.jar!/:3.5.14]
	at org.springframework.boot.web.embedded.tomcat.TomcatWebServer.<init>(TomcatWebServer.java:107) ~[spring-boot-3.5.14.jar!/:3.5.14]
	at org.springframework.boot.web.embedded.tomcat.TomcatServletWebServerFactory.getTomcatWebServer(TomcatServletWebServerFactory.java:517) ~[spring-boot-3.5.14.jar!/:3.5.14]
	at org.springframework.boot.web.embedded.tomcat.TomcatServletWebServerFactory.getWebServer(TomcatServletWebServerFactory.java:219) ~[spring-boot-3.5.14.jar!/:3.5.14]
	at org.springframework.boot.web.servlet.context.ServletWebServerApplicationContext.createWebServer(ServletWebServerApplicationContext.java:193) ~[spring-boot-3.5.14.jar!/:3.5.14]
	at org.springframework.boot.web.servlet.context.ServletWebServerApplicationContext.onRefresh(ServletWebServerApplicationContext.java:167) ~[spring-boot-3.5.14.jar!/:3.5.14]
	at org.springframework.context.support.AbstractApplicationContext.refresh(AbstractApplicationContext.java:622) ~[spring-context-6.2.18.jar!/:6.2.18]
	at org.springframework.boot.web.servlet.context.ServletWebServerApplicationContext.refresh(ServletWebServerApplicationContext.java:146) ~[spring-boot-3.5.14.jar!/:3.5.14]
	at org.springframework.boot.SpringApplication.refresh(SpringApplication.java:752) ~[spring-boot-3.5.14.jar!/:3.5.14]
	at org.springframework.boot.SpringApplication.refreshContext(SpringApplication.java:439) ~[spring-boot-3.5.14.jar!/:3.5.14]
	at org.springframework.boot.SpringApplication.run(SpringApplication.java:318) ~[spring-boot-3.5.14.jar!/:3.5.14]
	at org.springframework.boot.SpringApplication.run(SpringApplication.java:1361) ~[spring-boot-3.5.14.jar!/:3.5.14]
	at org.springframework.boot.SpringApplication.run(SpringApplication.java:1350) ~[spring-boot-3.5.14.jar!/:3.5.14]
	at com.firstteam.taskbountyplatform.TaskBountyPlatformApplication.main(TaskBountyPlatformApplication.java:14) ~[!/:0.0.1-SNAPSHOT]
	at java.base/jdk.internal.reflect.NativeMethodAccessorImpl.invoke0(Native Method) ~[na:na]
	at java.base/jdk.internal.reflect.NativeMethodAccessorImpl.invoke(NativeMethodAccessorImpl.java:77) ~[na:na]
	at java.base/jdk.internal.reflect.DelegatingMethodAccessorImpl.invoke(DelegatingMethodAccessorImpl.java:43) ~[na:na]
	at java.base/java.lang.reflect.Method.invoke(Method.java:569) ~[na:na]
	at org.springframework.boot.loader.launch.Launcher.launch(Launcher.java:106) ~[TaskBountyPlatform-0.0.1-SNAPSHOT.jar:0.0.1-SNAPSHOT]
	at org.springframework.boot.loader.launch.Launcher.launch(Launcher.java:64) ~[TaskBountyPlatform-0.0.1-SNAPSHOT.jar:0.0.1-SNAPSHOT]
	at org.springframework.boot.loader.launch.JarLauncher.main(JarLauncher.java:40) ~[TaskBountyPlatform-0.0.1-SNAPSHOT.jar:0.0.1-SNAPSHOT]
Caused by: com.mysql.cj.jdbc.exceptions.MysqlDataTruncation: Data truncation: Data too long for column 'config_value' at row 1
	at com.mysql.cj.jdbc.exceptions.SQLExceptionsMapping.translateException(SQLExceptionsMapping.java:96) ~[mysql-connector-j-9.7.0.jar!/:9.7.0]
	at com.mysql.cj.jdbc.StatementImpl.executeInternal(StatementImpl.java:839) ~[mysql-connector-j-9.7.0.jar!/:9.7.0]
	at com.mysql.cj.jdbc.StatementImpl.execute(StatementImpl.java:687) ~[mysql-connector-j-9.7.0.jar!/:9.7.0]
	at com.zaxxer.hikari.pool.ProxyStatement.execute(ProxyStatement.java:95) ~[HikariCP-6.3.3.jar!/:na]
	at com.zaxxer.hikari.pool.HikariProxyStatement.execute(HikariProxyStatement.java) ~[HikariCP-6.3.3.jar!/:na]
	at org.hibernate.tool.schema.internal.exec.GenerationTargetToDatabase.accept(GenerationTargetToDatabase.java:80) ~[hibernate-core-6.6.49.Final.jar!/:6.6.49.Final]
	... 115 common frames omitted

2026-06-11T22:16:29.212+08:00  INFO 2367220 --- [TaskBountyPlatform] [main] j.LocalContainerEntityManagerFactoryBean : Initialized JPA EntityManagerFactory for persistence unit 'default'
2026-06-11T22:16:29.464+08:00  INFO 2367220 --- [TaskBountyPlatform] [main] o.s.d.j.r.query.QueryEnhancerFactory     : Hibernate is in classpath; If applicable, HQL parser will be used.
2026-06-11T22:16:30.007+08:00 DEBUG 2367220 --- [TaskBountyPlatform] [main] c.f.t.a.s.JwtAuthenticationFilter        : Filter 'jwtAuthenticationFilter' configured for use
2026-06-11T22:16:30.899+08:00  WARN 2367220 --- [TaskBountyPlatform] [main] JpaBaseConfiguration$JpaWebConfiguration : spring.jpa.open-in-view is enabled by default. Therefore, database queries may be performed during view rendering. Explicitly configure spring.jpa.open-in-view to disable this warning
2026-06-11T22:16:30.935+08:00  INFO 2367220 --- [TaskBountyPlatform] [main] o.s.b.a.w.s.WelcomePageHandlerMapping    : Adding welcome page: class path resource [static/index.html]
2026-06-11T22:16:31.288+08:00  INFO 2367220 --- [TaskBountyPlatform] [main] o.s.b.a.e.web.EndpointLinksResolver      : Exposing 4 endpoints beneath base path '/actuator'
2026-06-11T22:16:31.320+08:00  WARN 2367220 --- [TaskBountyPlatform] [main] .s.s.UserDetailsServiceAutoConfiguration : 

Using generated security password: dcd41931-d6e3-4d1d-85f0-eccef7d83194

This generated password is for development use only. Your security configuration must be updated before running your application in production.

2026-06-11T22:16:31.328+08:00  INFO 2367220 --- [TaskBountyPlatform] [main] r$InitializeUserDetailsManagerConfigurer : Global AuthenticationManager configured with UserDetailsService bean with name inMemoryUserDetailsManager
2026-06-11T22:16:31.760+08:00  INFO 2367220 --- [TaskBountyPlatform] [main] o.s.b.w.embedded.tomcat.TomcatWebServer  : Tomcat started on port 8080 (http) with context path '/'
2026-06-11T22:16:31.791+08:00  INFO 2367220 --- [TaskBountyPlatform] [main] c.f.t.TaskBountyPlatformApplication      : Started TaskBountyPlatformApplication in 7.608 seconds (process running for 8.095)
2026-06-11T22:16:58.283+08:00  INFO 2367220 --- [TaskBountyPlatform] [http-nio-8080-exec-2] o.a.c.c.C.[Tomcat].[localhost].[/]       : Initializing Spring DispatcherServlet 'dispatcherServlet'
2026-06-11T22:16:58.283+08:00  INFO 2367220 --- [TaskBountyPlatform] [http-nio-8080-exec-2] o.s.web.servlet.DispatcherServlet        : Initializing Servlet 'dispatcherServlet'
2026-06-11T22:16:58.285+08:00  INFO 2367220 --- [TaskBountyPlatform] [http-nio-8080-exec-2] o.s.web.servlet.DispatcherServlet        : Completed initialization in 2 ms
2026-06-11T22:17:51.558+08:00  INFO 2367220 --- [TaskBountyPlatform] [SpringApplicationShutdownHook] o.s.b.w.e.tomcat.GracefulShutdown        : Commencing graceful shutdown. Waiting for active requests to complete
2026-06-11T22:17:51.562+08:00  INFO 2367220 --- [TaskBountyPlatform] [tomcat-shutdown] o.s.b.w.e.tomcat.GracefulShutdown        : Graceful shutdown complete
2026-06-11T22:17:51.574+08:00  INFO 2367220 --- [TaskBountyPlatform] [SpringApplicationShutdownHook] j.LocalContainerEntityManagerFactoryBean : Closing JPA EntityManagerFactory for persistence unit 'default'
2026-06-11T22:17:51.577+08:00  INFO 2367220 --- [TaskBountyPlatform] [SpringApplicationShutdownHook] com.zaxxer.hikari.HikariDataSource       : HikariPool-1 - Shutdown initiated...
2026-06-11T22:17:51.586+08:00  INFO 2367220 --- [TaskBountyPlatform] [SpringApplicationShutdownHook] com.zaxxer.hikari.HikariDataSource       : HikariPool-1 - Shutdown completed.
2026-06-11T22:26:40.791+08:00  INFO 2709619 --- [TaskBountyPlatform] [main] c.f.t.TaskBountyPlatformApplication      : Starting TaskBountyPlatformApplication v0.0.1-SNAPSHOT using Java 17.0.15 with PID 2709619 (/home/gr/cxy/code/Micro-task-Bounty-Platform/backend/target/TaskBountyPlatform-0.0.1-SNAPSHOT.jar started by gr in /home/gr/cxy/code/Micro-task-Bounty-Platform/backend)
2026-06-11T22:26:40.793+08:00 DEBUG 2709619 --- [TaskBountyPlatform] [main] c.f.t.TaskBountyPlatformApplication      : Running with Spring Boot v3.5.14, Spring v6.2.18
2026-06-11T22:26:40.794+08:00  INFO 2709619 --- [TaskBountyPlatform] [main] c.f.t.TaskBountyPlatformApplication      : No active profile set, falling back to 1 default profile: "default"
2026-06-11T22:26:42.080+08:00  INFO 2709619 --- [TaskBountyPlatform] [main] .s.d.r.c.RepositoryConfigurationDelegate : Bootstrapping Spring Data JPA repositories in DEFAULT mode.
2026-06-11T22:26:42.188+08:00  INFO 2709619 --- [TaskBountyPlatform] [main] .s.d.r.c.RepositoryConfigurationDelegate : Finished Spring Data repository scanning in 97 ms. Found 18 JPA repository interfaces.
2026-06-11T22:26:42.932+08:00  INFO 2709619 --- [TaskBountyPlatform] [main] o.s.b.w.embedded.tomcat.TomcatWebServer  : Tomcat initialized with port 8080 (http)
2026-06-11T22:26:42.948+08:00  INFO 2709619 --- [TaskBountyPlatform] [main] o.apache.catalina.core.StandardService   : Starting service [Tomcat]
2026-06-11T22:26:42.948+08:00  INFO 2709619 --- [TaskBountyPlatform] [main] o.apache.catalina.core.StandardEngine    : Starting Servlet engine: [Apache Tomcat/10.1.54]
2026-06-11T22:26:42.981+08:00  INFO 2709619 --- [TaskBountyPlatform] [main] o.a.c.c.C.[Tomcat].[localhost].[/]       : Initializing Spring embedded WebApplicationContext
2026-06-11T22:26:42.982+08:00  INFO 2709619 --- [TaskBountyPlatform] [main] w.s.c.ServletWebServerApplicationContext : Root WebApplicationContext: initialization completed in 2142 ms
2026-06-11T22:26:43.323+08:00  INFO 2709619 --- [TaskBountyPlatform] [main] o.hibernate.jpa.internal.util.LogHelper  : HHH000204: Processing PersistenceUnitInfo [name: default]
2026-06-11T22:26:43.380+08:00  INFO 2709619 --- [TaskBountyPlatform] [main] org.hibernate.Version                    : HHH000412: Hibernate ORM core version 6.6.49.Final
2026-06-11T22:26:43.413+08:00  INFO 2709619 --- [TaskBountyPlatform] [main] o.h.c.internal.RegionFactoryInitiator    : HHH000026: Second-level cache disabled
2026-06-11T22:26:43.666+08:00  INFO 2709619 --- [TaskBountyPlatform] [main] o.s.o.j.p.SpringPersistenceUnitInfo      : No LoadTimeWeaver setup: ignoring JPA class transformer
2026-06-11T22:26:43.694+08:00  INFO 2709619 --- [TaskBountyPlatform] [main] com.zaxxer.hikari.HikariDataSource       : HikariPool-1 - Starting...
2026-06-11T22:26:43.982+08:00  INFO 2709619 --- [TaskBountyPlatform] [main] com.zaxxer.hikari.pool.HikariPool        : HikariPool-1 - Added connection com.mysql.cj.jdbc.ConnectionImpl@56d742ad
2026-06-11T22:26:43.983+08:00  INFO 2709619 --- [TaskBountyPlatform] [main] com.zaxxer.hikari.HikariDataSource       : HikariPool-1 - Start completed.
2026-06-11T22:26:44.036+08:00  WARN 2709619 --- [TaskBountyPlatform] [main] org.hibernate.orm.deprecation            : HHH90000025: MySQLDialect does not need to be specified explicitly using 'hibernate.dialect' (remove the property setting and it will be selected by default)
2026-06-11T22:26:44.054+08:00  INFO 2709619 --- [TaskBountyPlatform] [main] org.hibernate.orm.connections.pooling    : HHH10001005: Database info:
	Database JDBC URL [Connecting through datasource 'HikariDataSource (HikariPool-1)']
	Database driver: undefined/unknown
	Database version: 8.0.42
	Autocommit mode: undefined/unknown
	Isolation level: undefined/unknown
	Minimum pool size: undefined/unknown
	Maximum pool size: undefined/unknown
2026-06-11T22:26:45.172+08:00  INFO 2709619 --- [TaskBountyPlatform] [main] o.h.e.t.j.p.i.JtaPlatformInitiator       : HHH000489: No JTA platform available (set 'hibernate.transaction.jta.platform' to enable JTA platform integration)
2026-06-11T22:26:45.368+08:00  WARN 2709619 --- [TaskBountyPlatform] [main] o.h.t.s.i.ExceptionHandlerLoggedImpl     : GenerationTarget encountered exception accepting command : Error executing DDL "
    alter table system_configs 
       modify column config_value varchar(500) not null" via JDBC [Data truncation: Data too long for column 'config_value' at row 1]

org.hibernate.tool.schema.spi.CommandAcceptanceException: Error executing DDL "
    alter table system_configs 
       modify column config_value varchar(500) not null" via JDBC [Data truncation: Data too long for column 'config_value' at row 1]
	at org.hibernate.tool.schema.internal.exec.GenerationTargetToDatabase.accept(GenerationTargetToDatabase.java:94) ~[hibernate-core-6.6.49.Final.jar!/:6.6.49.Final]
	at org.hibernate.tool.schema.internal.AbstractSchemaMigrator.applySqlString(AbstractSchemaMigrator.java:576) ~[hibernate-core-6.6.49.Final.jar!/:6.6.49.Final]
	at org.hibernate.tool.schema.internal.AbstractSchemaMigrator.applySqlStrings(AbstractSchemaMigrator.java:516) ~[hibernate-core-6.6.49.Final.jar!/:6.6.49.Final]
	at org.hibernate.tool.schema.internal.AbstractSchemaMigrator.migrateTable(AbstractSchemaMigrator.java:334) ~[hibernate-core-6.6.49.Final.jar!/:6.6.49.Final]
	at org.hibernate.tool.schema.internal.GroupedSchemaMigratorImpl.performTablesMigration(GroupedSchemaMigratorImpl.java:84) ~[hibernate-core-6.6.49.Final.jar!/:6.6.49.Final]
	at org.hibernate.tool.schema.internal.AbstractSchemaMigrator.performMigration(AbstractSchemaMigrator.java:233) ~[hibernate-core-6.6.49.Final.jar!/:6.6.49.Final]
	at org.hibernate.tool.schema.internal.AbstractSchemaMigrator.doMigration(AbstractSchemaMigrator.java:112) ~[hibernate-core-6.6.49.Final.jar!/:6.6.49.Final]
	at org.hibernate.tool.schema.spi.SchemaManagementToolCoordinator.performDatabaseAction(SchemaManagementToolCoordinator.java:280) ~[hibernate-core-6.6.49.Final.jar!/:6.6.49.Final]
	at org.hibernate.tool.schema.spi.SchemaManagementToolCoordinator.lambda$process$5(SchemaManagementToolCoordinator.java:144) ~[hibernate-core-6.6.49.Final.jar!/:6.6.49.Final]
	at java.base/java.util.HashMap.forEach(HashMap.java:1421) ~[na:na]
	at org.hibernate.tool.schema.spi.SchemaManagementToolCoordinator.process(SchemaManagementToolCoordinator.java:141) ~[hibernate-core-6.6.49.Final.jar!/:6.6.49.Final]
	at org.hibernate.boot.internal.SessionFactoryObserverForSchemaExport.sessionFactoryCreated(SessionFactoryObserverForSchemaExport.java:37) ~[hibernate-core-6.6.49.Final.jar!/:6.6.49.Final]
	at org.hibernate.internal.SessionFactoryObserverChain.sessionFactoryCreated(SessionFactoryObserverChain.java:35) ~[hibernate-core-6.6.49.Final.jar!/:6.6.49.Final]
	at org.hibernate.internal.SessionFactoryImpl.<init>(SessionFactoryImpl.java:324) ~[hibernate-core-6.6.49.Final.jar!/:6.6.49.Final]
	at org.hibernate.boot.internal.SessionFactoryBuilderImpl.build(SessionFactoryBuilderImpl.java:463) ~[hibernate-core-6.6.49.Final.jar!/:6.6.49.Final]
	at org.hibernate.jpa.boot.internal.EntityManagerFactoryBuilderImpl.build(EntityManagerFactoryBuilderImpl.java:1517) ~[hibernate-core-6.6.49.Final.jar!/:6.6.49.Final]
	at org.springframework.orm.jpa.vendor.SpringHibernateJpaPersistenceProvider.createContainerEntityManagerFactory(SpringHibernateJpaPersistenceProvider.java:66) ~[spring-orm-6.2.18.jar!/:6.2.18]
	at org.springframework.orm.jpa.LocalContainerEntityManagerFactoryBean.createNativeEntityManagerFactory(LocalContainerEntityManagerFactoryBean.java:388) ~[spring-orm-6.2.18.jar!/:6.2.18]
	at org.springframework.orm.jpa.AbstractEntityManagerFactoryBean.buildNativeEntityManagerFactory(AbstractEntityManagerFactoryBean.java:419) ~[spring-orm-6.2.18.jar!/:6.2.18]
	at org.springframework.orm.jpa.AbstractEntityManagerFactoryBean.afterPropertiesSet(AbstractEntityManagerFactoryBean.java:400) ~[spring-orm-6.2.18.jar!/:6.2.18]
	at org.springframework.orm.jpa.LocalContainerEntityManagerFactoryBean.afterPropertiesSet(LocalContainerEntityManagerFactoryBean.java:364) ~[spring-orm-6.2.18.jar!/:6.2.18]
	at org.springframework.beans.factory.support.AbstractAutowireCapableBeanFactory.invokeInitMethods(AbstractAutowireCapableBeanFactory.java:1873) ~[spring-beans-6.2.18.jar!/:6.2.18]
	at org.springframework.beans.factory.support.AbstractAutowireCapableBeanFactory.initializeBean(AbstractAutowireCapableBeanFactory.java:1822) ~[spring-beans-6.2.18.jar!/:6.2.18]
	at org.springframework.beans.factory.support.AbstractAutowireCapableBeanFactory.doCreateBean(AbstractAutowireCapableBeanFactory.java:607) ~[spring-beans-6.2.18.jar!/:6.2.18]
	at org.springframework.beans.factory.support.AbstractAutowireCapableBeanFactory.createBean(AbstractAutowireCapableBeanFactory.java:529) ~[spring-beans-6.2.18.jar!/:6.2.18]
	at org.springframework.beans.factory.support.AbstractBeanFactory.lambda$doGetBean$0(AbstractBeanFactory.java:339) ~[spring-beans-6.2.18.jar!/:6.2.18]
	at org.springframework.beans.factory.support.DefaultSingletonBeanRegistry.getSingleton(DefaultSingletonBeanRegistry.java:373) ~[spring-beans-6.2.18.jar!/:6.2.18]
	at org.springframework.beans.factory.support.AbstractBeanFactory.doGetBean(AbstractBeanFactory.java:337) ~[spring-beans-6.2.18.jar!/:6.2.18]
	at org.springframework.beans.factory.support.AbstractBeanFactory.getBean(AbstractBeanFactory.java:202) ~[spring-beans-6.2.18.jar!/:6.2.18]
	at org.springframework.beans.factory.support.BeanDefinitionValueResolver.resolveReference(BeanDefinitionValueResolver.java:365) ~[spring-beans-6.2.18.jar!/:6.2.18]
	at org.springframework.beans.factory.support.BeanDefinitionValueResolver.resolveValueIfNecessary(BeanDefinitionValueResolver.java:135) ~[spring-beans-6.2.18.jar!/:6.2.18]
	at org.springframework.beans.factory.support.ConstructorResolver.resolveConstructorArguments(ConstructorResolver.java:691) ~[spring-beans-6.2.18.jar!/:6.2.18]
	at org.springframework.beans.factory.support.ConstructorResolver.instantiateUsingFactoryMethod(ConstructorResolver.java:513) ~[spring-beans-6.2.18.jar!/:6.2.18]
	at org.springframework.beans.factory.support.AbstractAutowireCapableBeanFactory.instantiateUsingFactoryMethod(AbstractAutowireCapableBeanFactory.java:1375) ~[spring-beans-6.2.18.jar!/:6.2.18]
	at org.springframework.beans.factory.support.AbstractAutowireCapableBeanFactory.createBeanInstance(AbstractAutowireCapableBeanFactory.java:1205) ~[spring-beans-6.2.18.jar!/:6.2.18]
	at org.springframework.beans.factory.support.AbstractAutowireCapableBeanFactory.doCreateBean(AbstractAutowireCapableBeanFactory.java:569) ~[spring-beans-6.2.18.jar!/:6.2.18]
	at org.springframework.beans.factory.support.AbstractAutowireCapableBeanFactory.createBean(AbstractAutowireCapableBeanFactory.java:529) ~[spring-beans-6.2.18.jar!/:6.2.18]
	at org.springframework.beans.factory.support.AbstractBeanFactory.lambda$doGetBean$0(AbstractBeanFactory.java:339) ~[spring-beans-6.2.18.jar!/:6.2.18]
	at org.springframework.beans.factory.support.DefaultSingletonBeanRegistry.getSingleton(DefaultSingletonBeanRegistry.java:373) ~[spring-beans-6.2.18.jar!/:6.2.18]
	at org.springframework.beans.factory.support.AbstractBeanFactory.doGetBean(AbstractBeanFactory.java:337) ~[spring-beans-6.2.18.jar!/:6.2.18]
	at org.springframework.beans.factory.support.AbstractBeanFactory.getBean(AbstractBeanFactory.java:202) ~[spring-beans-6.2.18.jar!/:6.2.18]
	at org.springframework.beans.factory.support.BeanDefinitionValueResolver.resolveReference(BeanDefinitionValueResolver.java:365) ~[spring-beans-6.2.18.jar!/:6.2.18]
	at org.springframework.beans.factory.support.BeanDefinitionValueResolver.resolveValueIfNecessary(BeanDefinitionValueResolver.java:135) ~[spring-beans-6.2.18.jar!/:6.2.18]
	at org.springframework.beans.factory.support.AbstractAutowireCapableBeanFactory.applyPropertyValues(AbstractAutowireCapableBeanFactory.java:1725) ~[spring-beans-6.2.18.jar!/:6.2.18]
	at org.springframework.beans.factory.support.AbstractAutowireCapableBeanFactory.populateBean(AbstractAutowireCapableBeanFactory.java:1474) ~[spring-beans-6.2.18.jar!/:6.2.18]
	at org.springframework.beans.factory.support.AbstractAutowireCapableBeanFactory.doCreateBean(AbstractAutowireCapableBeanFactory.java:606) ~[spring-beans-6.2.18.jar!/:6.2.18]
	at org.springframework.beans.factory.support.AbstractAutowireCapableBeanFactory.createBean(AbstractAutowireCapableBeanFactory.java:529) ~[spring-beans-6.2.18.jar!/:6.2.18]
	at org.springframework.beans.factory.support.AbstractBeanFactory.lambda$doGetBean$0(AbstractBeanFactory.java:339) ~[spring-beans-6.2.18.jar!/:6.2.18]
	at org.springframework.beans.factory.support.DefaultSingletonBeanRegistry.getSingleton(DefaultSingletonBeanRegistry.java:373) ~[spring-beans-6.2.18.jar!/:6.2.18]
	at org.springframework.beans.factory.support.AbstractBeanFactory.doGetBean(AbstractBeanFactory.java:337) ~[spring-beans-6.2.18.jar!/:6.2.18]
	at org.springframework.beans.factory.support.AbstractBeanFactory.getBean(AbstractBeanFactory.java:202) ~[spring-beans-6.2.18.jar!/:6.2.18]
	at org.springframework.beans.factory.support.DefaultListableBeanFactory.doResolveDependency(DefaultListableBeanFactory.java:1708) ~[spring-beans-6.2.18.jar!/:6.2.18]
	at org.springframework.beans.factory.support.DefaultListableBeanFactory.resolveDependency(DefaultListableBeanFactory.java:1653) ~[spring-beans-6.2.18.jar!/:6.2.18]
	at org.springframework.beans.factory.support.ConstructorResolver.resolveAutowiredArgument(ConstructorResolver.java:913) ~[spring-beans-6.2.18.jar!/:6.2.18]
	at org.springframework.beans.factory.support.ConstructorResolver.createArgumentArray(ConstructorResolver.java:791) ~[spring-beans-6.2.18.jar!/:6.2.18]
	at org.springframework.beans.factory.support.ConstructorResolver.autowireConstructor(ConstructorResolver.java:240) ~[spring-beans-6.2.18.jar!/:6.2.18]
	at org.springframework.beans.factory.support.AbstractAutowireCapableBeanFactory.autowireConstructor(AbstractAutowireCapableBeanFactory.java:1395) ~[spring-beans-6.2.18.jar!/:6.2.18]
	at org.springframework.beans.factory.support.AbstractAutowireCapableBeanFactory.createBeanInstance(AbstractAutowireCapableBeanFactory.java:1232) ~[spring-beans-6.2.18.jar!/:6.2.18]
	at org.springframework.beans.factory.support.AbstractAutowireCapableBeanFactory.doCreateBean(AbstractAutowireCapableBeanFactory.java:569) ~[spring-beans-6.2.18.jar!/:6.2.18]
	at org.springframework.beans.factory.support.AbstractAutowireCapableBeanFactory.createBean(AbstractAutowireCapableBeanFactory.java:529) ~[spring-beans-6.2.18.jar!/:6.2.18]
	at org.springframework.beans.factory.support.AbstractBeanFactory.lambda$doGetBean$0(AbstractBeanFactory.java:339) ~[spring-beans-6.2.18.jar!/:6.2.18]
	at org.springframework.beans.factory.support.DefaultSingletonBeanRegistry.getSingleton(DefaultSingletonBeanRegistry.java:373) ~[spring-beans-6.2.18.jar!/:6.2.18]
	at org.springframework.beans.factory.support.AbstractBeanFactory.doGetBean(AbstractBeanFactory.java:337) ~[spring-beans-6.2.18.jar!/:6.2.18]
	at org.springframework.beans.factory.support.AbstractBeanFactory.getBean(AbstractBeanFactory.java:207) ~[spring-beans-6.2.18.jar!/:6.2.18]
	at org.springframework.boot.web.servlet.ServletContextInitializerBeans.getOrderedBeansOfType(ServletContextInitializerBeans.java:230) ~[spring-boot-3.5.14.jar!/:3.5.14]
	at org.springframework.boot.web.servlet.ServletContextInitializerBeans.addAsRegistrationBean(ServletContextInitializerBeans.java:184) ~[spring-boot-3.5.14.jar!/:3.5.14]
	at org.springframework.boot.web.servlet.ServletContextInitializerBeans.addAsRegistrationBean(ServletContextInitializerBeans.java:179) ~[spring-boot-3.5.14.jar!/:3.5.14]
	at org.springframework.boot.web.servlet.ServletContextInitializerBeans.addAdaptableBeans(ServletContextInitializerBeans.java:164) ~[spring-boot-3.5.14.jar!/:3.5.14]
	at org.springframework.boot.web.servlet.ServletContextInitializerBeans.<init>(ServletContextInitializerBeans.java:96) ~[spring-boot-3.5.14.jar!/:3.5.14]
	at org.springframework.boot.web.servlet.context.ServletWebServerApplicationContext.getServletContextInitializerBeans(ServletWebServerApplicationContext.java:271) ~[spring-boot-3.5.14.jar!/:3.5.14]
	at org.springframework.boot.web.servlet.context.ServletWebServerApplicationContext.selfInitialize(ServletWebServerApplicationContext.java:245) ~[spring-boot-3.5.14.jar!/:3.5.14]
	at org.springframework.boot.web.embedded.tomcat.TomcatStarter.onStartup(TomcatStarter.java:52) ~[spring-boot-3.5.14.jar!/:3.5.14]
	at org.apache.catalina.core.StandardContext.startInternal(StandardContext.java:4452) ~[tomcat-embed-core-10.1.54.jar!/:na]
	at org.apache.catalina.util.LifecycleBase.start(LifecycleBase.java:164) ~[tomcat-embed-core-10.1.54.jar!/:na]
	at org.apache.catalina.core.ContainerBase$StartChild.call(ContainerBase.java:1201) ~[tomcat-embed-core-10.1.54.jar!/:na]
	at org.apache.catalina.core.ContainerBase$StartChild.call(ContainerBase.java:1191) ~[tomcat-embed-core-10.1.54.jar!/:na]
	at java.base/java.util.concurrent.FutureTask.run(FutureTask.java:264) ~[na:na]
	at org.apache.tomcat.util.threads.InlineExecutorService.execute(InlineExecutorService.java:81) ~[tomcat-embed-core-10.1.54.jar!/:na]
	at java.base/java.util.concurrent.AbstractExecutorService.submit(AbstractExecutorService.java:145) ~[na:na]
	at org.apache.catalina.core.ContainerBase.startInternal(ContainerBase.java:747) ~[tomcat-embed-core-10.1.54.jar!/:na]
	at org.apache.catalina.core.StandardHost.startInternal(StandardHost.java:783) ~[tomcat-embed-core-10.1.54.jar!/:na]
	at org.apache.catalina.util.LifecycleBase.start(LifecycleBase.java:164) ~[tomcat-embed-core-10.1.54.jar!/:na]
	at org.apache.catalina.core.ContainerBase$StartChild.call(ContainerBase.java:1201) ~[tomcat-embed-core-10.1.54.jar!/:na]
	at org.apache.catalina.core.ContainerBase$StartChild.call(ContainerBase.java:1191) ~[tomcat-embed-core-10.1.54.jar!/:na]
	at java.base/java.util.concurrent.FutureTask.run(FutureTask.java:264) ~[na:na]
	at org.apache.tomcat.util.threads.InlineExecutorService.execute(InlineExecutorService.java:81) ~[tomcat-embed-core-10.1.54.jar!/:na]
	at java.base/java.util.concurrent.AbstractExecutorService.submit(AbstractExecutorService.java:145) ~[na:na]
	at org.apache.catalina.core.ContainerBase.startInternal(ContainerBase.java:747) ~[tomcat-embed-core-10.1.54.jar!/:na]
	at org.apache.catalina.core.StandardEngine.startInternal(StandardEngine.java:201) ~[tomcat-embed-core-10.1.54.jar!/:na]
	at org.apache.catalina.util.LifecycleBase.start(LifecycleBase.java:164) ~[tomcat-embed-core-10.1.54.jar!/:na]
	at org.apache.catalina.core.StandardService.startInternal(StandardService.java:410) ~[tomcat-embed-core-10.1.54.jar!/:na]
	at org.apache.catalina.util.LifecycleBase.start(LifecycleBase.java:164) ~[tomcat-embed-core-10.1.54.jar!/:na]
	at org.apache.catalina.core.StandardServer.startInternal(StandardServer.java:868) ~[tomcat-embed-core-10.1.54.jar!/:na]
	at org.apache.catalina.util.LifecycleBase.start(LifecycleBase.java:164) ~[tomcat-embed-core-10.1.54.jar!/:na]
	at org.apache.catalina.startup.Tomcat.start(Tomcat.java:436) ~[tomcat-embed-core-10.1.54.jar!/:na]
	at org.springframework.boot.web.embedded.tomcat.TomcatWebServer.initialize(TomcatWebServer.java:128) ~[spring-boot-3.5.14.jar!/:3.5.14]
	at org.springframework.boot.web.embedded.tomcat.TomcatWebServer.<init>(TomcatWebServer.java:107) ~[spring-boot-3.5.14.jar!/:3.5.14]
	at org.springframework.boot.web.embedded.tomcat.TomcatServletWebServerFactory.getTomcatWebServer(TomcatServletWebServerFactory.java:517) ~[spring-boot-3.5.14.jar!/:3.5.14]
	at org.springframework.boot.web.embedded.tomcat.TomcatServletWebServerFactory.getWebServer(TomcatServletWebServerFactory.java:219) ~[spring-boot-3.5.14.jar!/:3.5.14]
	at org.springframework.boot.web.servlet.context.ServletWebServerApplicationContext.createWebServer(ServletWebServerApplicationContext.java:193) ~[spring-boot-3.5.14.jar!/:3.5.14]
	at org.springframework.boot.web.servlet.context.ServletWebServerApplicationContext.onRefresh(ServletWebServerApplicationContext.java:167) ~[spring-boot-3.5.14.jar!/:3.5.14]
	at org.springframework.context.support.AbstractApplicationContext.refresh(AbstractApplicationContext.java:622) ~[spring-context-6.2.18.jar!/:6.2.18]
	at org.springframework.boot.web.servlet.context.ServletWebServerApplicationContext.refresh(ServletWebServerApplicationContext.java:146) ~[spring-boot-3.5.14.jar!/:3.5.14]
	at org.springframework.boot.SpringApplication.refresh(SpringApplication.java:752) ~[spring-boot-3.5.14.jar!/:3.5.14]
	at org.springframework.boot.SpringApplication.refreshContext(SpringApplication.java:439) ~[spring-boot-3.5.14.jar!/:3.5.14]
	at org.springframework.boot.SpringApplication.run(SpringApplication.java:318) ~[spring-boot-3.5.14.jar!/:3.5.14]
	at org.springframework.boot.SpringApplication.run(SpringApplication.java:1361) ~[spring-boot-3.5.14.jar!/:3.5.14]
	at org.springframework.boot.SpringApplication.run(SpringApplication.java:1350) ~[spring-boot-3.5.14.jar!/:3.5.14]
	at com.firstteam.taskbountyplatform.TaskBountyPlatformApplication.main(TaskBountyPlatformApplication.java:14) ~[!/:0.0.1-SNAPSHOT]
	at java.base/jdk.internal.reflect.NativeMethodAccessorImpl.invoke0(Native Method) ~[na:na]
	at java.base/jdk.internal.reflect.NativeMethodAccessorImpl.invoke(NativeMethodAccessorImpl.java:77) ~[na:na]
	at java.base/jdk.internal.reflect.DelegatingMethodAccessorImpl.invoke(DelegatingMethodAccessorImpl.java:43) ~[na:na]
	at java.base/java.lang.reflect.Method.invoke(Method.java:569) ~[na:na]
	at org.springframework.boot.loader.launch.Launcher.launch(Launcher.java:106) ~[TaskBountyPlatform-0.0.1-SNAPSHOT.jar:0.0.1-SNAPSHOT]
	at org.springframework.boot.loader.launch.Launcher.launch(Launcher.java:64) ~[TaskBountyPlatform-0.0.1-SNAPSHOT.jar:0.0.1-SNAPSHOT]
	at org.springframework.boot.loader.launch.JarLauncher.main(JarLauncher.java:40) ~[TaskBountyPlatform-0.0.1-SNAPSHOT.jar:0.0.1-SNAPSHOT]
Caused by: com.mysql.cj.jdbc.exceptions.MysqlDataTruncation: Data truncation: Data too long for column 'config_value' at row 1
	at com.mysql.cj.jdbc.exceptions.SQLExceptionsMapping.translateException(SQLExceptionsMapping.java:96) ~[mysql-connector-j-9.7.0.jar!/:9.7.0]
	at com.mysql.cj.jdbc.StatementImpl.executeInternal(StatementImpl.java:839) ~[mysql-connector-j-9.7.0.jar!/:9.7.0]
	at com.mysql.cj.jdbc.StatementImpl.execute(StatementImpl.java:687) ~[mysql-connector-j-9.7.0.jar!/:9.7.0]
	at com.zaxxer.hikari.pool.ProxyStatement.execute(ProxyStatement.java:95) ~[HikariCP-6.3.3.jar!/:na]
	at com.zaxxer.hikari.pool.HikariProxyStatement.execute(HikariProxyStatement.java) ~[HikariCP-6.3.3.jar!/:na]
	at org.hibernate.tool.schema.internal.exec.GenerationTargetToDatabase.accept(GenerationTargetToDatabase.java:80) ~[hibernate-core-6.6.49.Final.jar!/:6.6.49.Final]
	... 115 common frames omitted

2026-06-11T22:26:45.417+08:00  INFO 2709619 --- [TaskBountyPlatform] [main] j.LocalContainerEntityManagerFactoryBean : Initialized JPA EntityManagerFactory for persistence unit 'default'
2026-06-11T22:26:45.714+08:00  INFO 2709619 --- [TaskBountyPlatform] [main] o.s.d.j.r.query.QueryEnhancerFactory     : Hibernate is in classpath; If applicable, HQL parser will be used.
2026-06-11T22:26:46.306+08:00 DEBUG 2709619 --- [TaskBountyPlatform] [main] c.f.t.a.s.JwtAuthenticationFilter        : Filter 'jwtAuthenticationFilter' configured for use
2026-06-11T22:26:47.189+08:00  WARN 2709619 --- [TaskBountyPlatform] [main] JpaBaseConfiguration$JpaWebConfiguration : spring.jpa.open-in-view is enabled by default. Therefore, database queries may be performed during view rendering. Explicitly configure spring.jpa.open-in-view to disable this warning
2026-06-11T22:26:47.215+08:00  INFO 2709619 --- [TaskBountyPlatform] [main] o.s.b.a.w.s.WelcomePageHandlerMapping    : Adding welcome page: class path resource [static/index.html]
2026-06-11T22:26:47.553+08:00  INFO 2709619 --- [TaskBountyPlatform] [main] o.s.b.a.e.web.EndpointLinksResolver      : Exposing 4 endpoints beneath base path '/actuator'
2026-06-11T22:26:47.592+08:00  WARN 2709619 --- [TaskBountyPlatform] [main] .s.s.UserDetailsServiceAutoConfiguration : 

Using generated security password: 68e0289a-8352-4d66-b3b9-277c522f5ebf

This generated password is for development use only. Your security configuration must be updated before running your application in production.

2026-06-11T22:26:47.603+08:00  INFO 2709619 --- [TaskBountyPlatform] [main] r$InitializeUserDetailsManagerConfigurer : Global AuthenticationManager configured with UserDetailsService bean with name inMemoryUserDetailsManager
2026-06-11T22:26:48.154+08:00  INFO 2709619 --- [TaskBountyPlatform] [main] o.s.b.w.embedded.tomcat.TomcatWebServer  : Tomcat started on port 8080 (http) with context path '/'
2026-06-11T22:26:48.184+08:00  INFO 2709619 --- [TaskBountyPlatform] [main] c.f.t.TaskBountyPlatformApplication      : Started TaskBountyPlatformApplication in 7.935 seconds (process running for 8.416)
2026-06-11T22:26:50.368+08:00  INFO 2709619 --- [TaskBountyPlatform] [http-nio-8080-exec-3] o.a.c.c.C.[Tomcat].[localhost].[/]       : Initializing Spring DispatcherServlet 'dispatcherServlet'
2026-06-11T22:26:50.368+08:00  INFO 2709619 --- [TaskBountyPlatform] [http-nio-8080-exec-3] o.s.web.servlet.DispatcherServlet        : Initializing Servlet 'dispatcherServlet'
2026-06-11T22:26:50.370+08:00  INFO 2709619 --- [TaskBountyPlatform] [http-nio-8080-exec-3] o.s.web.servlet.DispatcherServlet        : Completed initialization in 2 ms
2026-06-11T22:27:02.701+08:00 DEBUG 2709619 --- [TaskBountyPlatform] [http-nio-8080-exec-4] c.f.t.c.e.GlobalExceptionHandler         : SPA fallback: /task/18 -> /index.html
2026-06-11T22:27:05.891+08:00 DEBUG 2709619 --- [TaskBountyPlatform] [http-nio-8080-exec-9] c.f.t.c.e.GlobalExceptionHandler         : SPA fallback: /admin/dashboard -> /index.html
2026-06-11T22:27:27.338+08:00 DEBUG 2709619 --- [TaskBountyPlatform] [http-nio-8080-exec-7] c.f.t.audit.service.AuditLogService      : Audit log created: id=30, operatorId=3, actionType=REPORT_SUBMIT, targetType=report, targetId=1
2026-06-11T22:27:27.348+08:00  INFO 2709619 --- [TaskBountyPlatform] [task-1] c.f.t.n.service.NotificationService      : Batch created 1 notifications of type REPORT_RESULT
2026-06-11T22:27:49.565+08:00 DEBUG 2709619 --- [TaskBountyPlatform] [http-nio-8080-exec-6] c.f.t.c.e.GlobalExceptionHandler         : SPA fallback: /avatars/default.png -> /index.html
2026-06-11T22:28:05.130+08:00 ERROR 2709619 --- [TaskBountyPlatform] [http-nio-8080-exec-3] c.f.t.c.e.GlobalExceptionHandler         : Unexpected error

org.springframework.web.HttpRequestMethodNotSupportedException: Request method 'POST' is not supported
	at org.springframework.web.servlet.mvc.method.RequestMappingInfoHandlerMapping.handleNoMatch(RequestMappingInfoHandlerMapping.java:267) ~[spring-webmvc-6.2.18.jar!/:6.2.18]
	at org.springframework.web.servlet.handler.AbstractHandlerMethodMapping.lookupHandlerMethod(AbstractHandlerMethodMapping.java:441) ~[spring-webmvc-6.2.18.jar!/:6.2.18]
	at org.springframework.web.servlet.handler.AbstractHandlerMethodMapping.getHandlerInternal(AbstractHandlerMethodMapping.java:382) ~[spring-webmvc-6.2.18.jar!/:6.2.18]
	at org.springframework.web.servlet.mvc.method.RequestMappingInfoHandlerMapping.getHandlerInternal(RequestMappingInfoHandlerMapping.java:127) ~[spring-webmvc-6.2.18.jar!/:6.2.18]
	at org.springframework.web.servlet.mvc.method.RequestMappingInfoHandlerMapping.getHandlerInternal(RequestMappingInfoHandlerMapping.java:68) ~[spring-webmvc-6.2.18.jar!/:6.2.18]
	at org.springframework.web.servlet.handler.AbstractHandlerMapping.getHandler(AbstractHandlerMapping.java:509) ~[spring-webmvc-6.2.18.jar!/:6.2.18]
	at org.springframework.web.servlet.DispatcherServlet.getHandler(DispatcherServlet.java:1284) ~[spring-webmvc-6.2.18.jar!/:6.2.18]
	at org.springframework.web.servlet.DispatcherServlet.doDispatch(DispatcherServlet.java:1065) ~[spring-webmvc-6.2.18.jar!/:6.2.18]
	at org.springframework.web.servlet.DispatcherServlet.doService(DispatcherServlet.java:979) ~[spring-webmvc-6.2.18.jar!/:6.2.18]
	at org.springframework.web.servlet.FrameworkServlet.processRequest(FrameworkServlet.java:1014) ~[spring-webmvc-6.2.18.jar!/:6.2.18]
	at org.springframework.web.servlet.FrameworkServlet.doPost(FrameworkServlet.java:914) ~[spring-webmvc-6.2.18.jar!/:6.2.18]
	at jakarta.servlet.http.HttpServlet.service(HttpServlet.java:590) ~[tomcat-embed-core-10.1.54.jar!/:na]
	at org.springframework.web.servlet.FrameworkServlet.service(FrameworkServlet.java:885) ~[spring-webmvc-6.2.18.jar!/:6.2.18]
	at jakarta.servlet.http.HttpServlet.service(HttpServlet.java:658) ~[tomcat-embed-core-10.1.54.jar!/:na]
	at org.apache.catalina.core.ApplicationFilterChain.internalDoFilter(ApplicationFilterChain.java:193) ~[tomcat-embed-core-10.1.54.jar!/:na]
	at org.apache.catalina.core.ApplicationFilterChain.doFilter(ApplicationFilterChain.java:138) ~[tomcat-embed-core-10.1.54.jar!/:na]
	at org.apache.tomcat.websocket.server.WsFilter.doFilter(WsFilter.java:51) ~[tomcat-embed-websocket-10.1.54.jar!/:na]
	at org.apache.catalina.core.ApplicationFilterChain.internalDoFilter(ApplicationFilterChain.java:162) ~[tomcat-embed-core-10.1.54.jar!/:na]
	at org.apache.catalina.core.ApplicationFilterChain.doFilter(ApplicationFilterChain.java:138) ~[tomcat-embed-core-10.1.54.jar!/:na]
	at org.springframework.web.filter.OncePerRequestFilter.doFilter(OncePerRequestFilter.java:110) ~[spring-web-6.2.18.jar!/:6.2.18]
	at org.apache.catalina.core.ApplicationFilterChain.internalDoFilter(ApplicationFilterChain.java:162) ~[tomcat-embed-core-10.1.54.jar!/:na]
	at org.apache.catalina.core.ApplicationFilterChain.doFilter(ApplicationFilterChain.java:138) ~[tomcat-embed-core-10.1.54.jar!/:na]
	at com.firstteam.taskbountyplatform.config.XssFilter.doFilter(XssFilter.java:20) ~[!/:0.0.1-SNAPSHOT]
	at org.apache.catalina.core.ApplicationFilterChain.internalDoFilter(ApplicationFilterChain.java:162) ~[tomcat-embed-core-10.1.54.jar!/:na]
	at org.apache.catalina.core.ApplicationFilterChain.doFilter(ApplicationFilterChain.java:138) ~[tomcat-embed-core-10.1.54.jar!/:na]
	at org.springframework.web.filter.CompositeFilter$VirtualFilterChain.doFilter(CompositeFilter.java:108) ~[spring-web-6.2.18.jar!/:6.2.18]
	at org.springframework.web.filter.CompositeFilter$VirtualFilterChain.doFilter(CompositeFilter.java:108) ~[spring-web-6.2.18.jar!/:6.2.18]
	at org.springframework.security.web.FilterChainProxy.lambda$doFilterInternal$3(FilterChainProxy.java:231) ~[spring-security-web-6.5.10.jar!/:6.5.10]
	at org.springframework.security.web.ObservationFilterChainDecorator$FilterObservation$SimpleFilterObservation.lambda$wrap$1(ObservationFilterChainDecorator.java:490) ~[spring-security-web-6.5.10.jar!/:6.5.10]
	at org.springframework.security.web.ObservationFilterChainDecorator$AroundFilterObservation$SimpleAroundFilterObservation.lambda$wrap$1(ObservationFilterChainDecorator.java:351) ~[spring-security-web-6.5.10.jar!/:6.5.10]
	at org.springframework.security.web.ObservationFilterChainDecorator.lambda$wrapSecured$0(ObservationFilterChainDecorator.java:83) ~[spring-security-web-6.5.10.jar!/:6.5.10]
	at org.springframework.security.web.ObservationFilterChainDecorator$VirtualFilterChain.doFilter(ObservationFilterChainDecorator.java:129) ~[spring-security-web-6.5.10.jar!/:6.5.10]
	at org.springframework.security.web.access.intercept.AuthorizationFilter.doFilter(AuthorizationFilter.java:101) ~[spring-security-web-6.5.10.jar!/:6.5.10]
	at org.springframework.security.web.ObservationFilterChainDecorator$ObservationFilter.wrapFilter(ObservationFilterChainDecorator.java:241) ~[spring-security-web-6.5.10.jar!/:6.5.10]
	at org.springframework.security.web.ObservationFilterChainDecorator$ObservationFilter.doFilter(ObservationFilterChainDecorator.java:228) ~[spring-security-web-6.5.10.jar!/:6.5.10]
	at org.springframework.security.web.ObservationFilterChainDecorator$VirtualFilterChain.doFilter(ObservationFilterChainDecorator.java:138) ~[spring-security-web-6.5.10.jar!/:6.5.10]
	at org.springframework.security.web.access.ExceptionTranslationFilter.doFilter(ExceptionTranslationFilter.java:125) ~[spring-security-web-6.5.10.jar!/:6.5.10]
	at org.springframework.security.web.access.ExceptionTranslationFilter.doFilter(ExceptionTranslationFilter.java:119) ~[spring-security-web-6.5.10.jar!/:6.5.10]
	at org.springframework.security.web.ObservationFilterChainDecorator$ObservationFilter.wrapFilter(ObservationFilterChainDecorator.java:241) ~[spring-security-web-6.5.10.jar!/:6.5.10]
	at org.springframework.security.web.ObservationFilterChainDecorator$ObservationFilter.doFilter(ObservationFilterChainDecorator.java:228) ~[spring-security-web-6.5.10.jar!/:6.5.10]
	at org.springframework.security.web.ObservationFilterChainDecorator$VirtualFilterChain.doFilter(ObservationFilterChainDecorator.java:138) ~[spring-security-web-6.5.10.jar!/:6.5.10]
	at org.springframework.security.web.session.SessionManagementFilter.doFilter(SessionManagementFilter.java:131) ~[spring-security-web-6.5.10.jar!/:6.5.10]
	at org.springframework.security.web.session.SessionManagementFilter.doFilter(SessionManagementFilter.java:85) ~[spring-security-web-6.5.10.jar!/:6.5.10]
	at org.springframework.security.web.ObservationFilterChainDecorator$ObservationFilter.wrapFilter(ObservationFilterChainDecorator.java:241) ~[spring-security-web-6.5.10.jar!/:6.5.10]
	at org.springframework.security.web.ObservationFilterChainDecorator$ObservationFilter.doFilter(ObservationFilterChainDecorator.java:228) ~[spring-security-web-6.5.10.jar!/:6.5.10]
	at org.springframework.security.web.ObservationFilterChainDecorator$VirtualFilterChain.doFilter(ObservationFilterChainDecorator.java:138) ~[spring-security-web-6.5.10.jar!/:6.5.10]
	at org.springframework.security.web.authentication.AnonymousAuthenticationFilter.doFilter(AnonymousAuthenticationFilter.java:100) ~[spring-security-web-6.5.10.jar!/:6.5.10]
	at org.springframework.security.web.ObservationFilterChainDecorator$ObservationFilter.wrapFilter(ObservationFilterChainDecorator.java:241) ~[spring-security-web-6.5.10.jar!/:6.5.10]
	at org.springframework.security.web.ObservationFilterChainDecorator$ObservationFilter.doFilter(ObservationFilterChainDecorator.java:228) ~[spring-security-web-6.5.10.jar!/:6.5.10]
	at org.springframework.security.web.ObservationFilterChainDecorator$VirtualFilterChain.doFilter(ObservationFilterChainDecorator.java:138) ~[spring-security-web-6.5.10.jar!/:6.5.10]
	at org.springframework.security.web.servletapi.SecurityContextHolderAwareRequestFilter.doFilter(SecurityContextHolderAwareRequestFilter.java:179) ~[spring-security-web-6.5.10.jar!/:6.5.10]
	at org.springframework.security.web.ObservationFilterChainDecorator$ObservationFilter.wrapFilter(ObservationFilterChainDecorator.java:241) ~[spring-security-web-6.5.10.jar!/:6.5.10]
	at org.springframework.security.web.ObservationFilterChainDecorator$ObservationFilter.doFilter(ObservationFilterChainDecorator.java:228) ~[spring-security-web-6.5.10.jar!/:6.5.10]
	at org.springframework.security.web.ObservationFilterChainDecorator$VirtualFilterChain.doFilter(ObservationFilterChainDecorator.java:138) ~[spring-security-web-6.5.10.jar!/:6.5.10]
	at org.springframework.security.web.savedrequest.RequestCacheAwareFilter.doFilter(RequestCacheAwareFilter.java:63) ~[spring-security-web-6.5.10.jar!/:6.5.10]
	at org.springframework.security.web.ObservationFilterChainDecorator$ObservationFilter.wrapFilter(ObservationFilterChainDecorator.java:241) ~[spring-security-web-6.5.10.jar!/:6.5.10]
	at org.springframework.security.web.ObservationFilterChainDecorator$ObservationFilter.doFilter(ObservationFilterChainDecorator.java:228) ~[spring-security-web-6.5.10.jar!/:6.5.10]
	at org.springframework.security.web.ObservationFilterChainDecorator$VirtualFilterChain.doFilter(ObservationFilterChainDecorator.java:138) ~[spring-security-web-6.5.10.jar!/:6.5.10]
	at com.firstteam.taskbountyplatform.auth.security.JwtAuthenticationFilter.doFilterInternal(JwtAuthenticationFilter.java:64) ~[!/:0.0.1-SNAPSHOT]
	at org.springframework.web.filter.OncePerRequestFilter.doFilter(OncePerRequestFilter.java:116) ~[spring-web-6.2.18.jar!/:6.2.18]
	at org.springframework.security.web.ObservationFilterChainDecorator$ObservationFilter.wrapFilter(ObservationFilterChainDecorator.java:241) ~[spring-security-web-6.5.10.jar!/:6.5.10]
	at org.springframework.security.web.ObservationFilterChainDecorator$ObservationFilter.doFilter(ObservationFilterChainDecorator.java:228) ~[spring-security-web-6.5.10.jar!/:6.5.10]
	at org.springframework.security.web.ObservationFilterChainDecorator$VirtualFilterChain.doFilter(ObservationFilterChainDecorator.java:138) ~[spring-security-web-6.5.10.jar!/:6.5.10]
	at org.springframework.security.web.authentication.logout.LogoutFilter.doFilter(LogoutFilter.java:107) ~[spring-security-web-6.5.10.jar!/:6.5.10]
	at org.springframework.security.web.authentication.logout.LogoutFilter.doFilter(LogoutFilter.java:93) ~[spring-security-web-6.5.10.jar!/:6.5.10]
	at org.springframework.security.web.ObservationFilterChainDecorator$ObservationFilter.wrapFilter(ObservationFilterChainDecorator.java:241) ~[spring-security-web-6.5.10.jar!/:6.5.10]
	at org.springframework.security.web.ObservationFilterChainDecorator$ObservationFilter.doFilter(ObservationFilterChainDecorator.java:228) ~[spring-security-web-6.5.10.jar!/:6.5.10]
	at org.springframework.security.web.ObservationFilterChainDecorator$VirtualFilterChain.doFilter(ObservationFilterChainDecorator.java:138) ~[spring-security-web-6.5.10.jar!/:6.5.10]
	at org.springframework.web.filter.CorsFilter.doFilterInternal(CorsFilter.java:91) ~[spring-web-6.2.18.jar!/:6.2.18]
	at org.springframework.web.filter.OncePerRequestFilter.doFilter(OncePerRequestFilter.java:116) ~[spring-web-6.2.18.jar!/:6.2.18]
	at org.springframework.security.web.ObservationFilterChainDecorator$ObservationFilter.wrapFilter(ObservationFilterChainDecorator.java:241) ~[spring-security-web-6.5.10.jar!/:6.5.10]
	at org.springframework.security.web.ObservationFilterChainDecorator$ObservationFilter.doFilter(ObservationFilterChainDecorator.java:228) ~[spring-security-web-6.5.10.jar!/:6.5.10]
	at org.springframework.security.web.ObservationFilterChainDecorator$VirtualFilterChain.doFilter(ObservationFilterChainDecorator.java:138) ~[spring-security-web-6.5.10.jar!/:6.5.10]
	at org.springframework.security.web.header.HeaderWriterFilter.doHeadersAfter(HeaderWriterFilter.java:90) ~[spring-security-web-6.5.10.jar!/:6.5.10]
	at org.springframework.security.web.header.HeaderWriterFilter.doFilterInternal(HeaderWriterFilter.java:75) ~[spring-security-web-6.5.10.jar!/:6.5.10]
	at org.springframework.web.filter.OncePerRequestFilter.doFilter(OncePerRequestFilter.java:116) ~[spring-web-6.2.18.jar!/:6.2.18]
	at org.springframework.security.web.ObservationFilterChainDecorator$ObservationFilter.wrapFilter(ObservationFilterChainDecorator.java:241) ~[spring-security-web-6.5.10.jar!/:6.5.10]
	at org.springframework.security.web.ObservationFilterChainDecorator$ObservationFilter.doFilter(ObservationFilterChainDecorator.java:228) ~[spring-security-web-6.5.10.jar!/:6.5.10]
	at org.springframework.security.web.ObservationFilterChainDecorator$VirtualFilterChain.doFilter(ObservationFilterChainDecorator.java:138) ~[spring-security-web-6.5.10.jar!/:6.5.10]
	at org.springframework.security.web.context.SecurityContextHolderFilter.doFilter(SecurityContextHolderFilter.java:82) ~[spring-security-web-6.5.10.jar!/:6.5.10]
	at org.springframework.security.web.context.SecurityContextHolderFilter.doFilter(SecurityContextHolderFilter.java:69) ~[spring-security-web-6.5.10.jar!/:6.5.10]
	at org.springframework.security.web.ObservationFilterChainDecorator$ObservationFilter.wrapFilter(ObservationFilterChainDecorator.java:241) ~[spring-security-web-6.5.10.jar!/:6.5.10]
	at org.springframework.security.web.ObservationFilterChainDecorator$ObservationFilter.doFilter(ObservationFilterChainDecorator.java:228) ~[spring-security-web-6.5.10.jar!/:6.5.10]
	at org.springframework.security.web.ObservationFilterChainDecorator$VirtualFilterChain.doFilter(ObservationFilterChainDecorator.java:138) ~[spring-security-web-6.5.10.jar!/:6.5.10]
	at org.springframework.security.web.context.request.async.WebAsyncManagerIntegrationFilter.doFilterInternal(WebAsyncManagerIntegrationFilter.java:62) ~[spring-security-web-6.5.10.jar!/:6.5.10]
	at org.springframework.web.filter.OncePerRequestFilter.doFilter(OncePerRequestFilter.java:116) ~[spring-web-6.2.18.jar!/:6.2.18]
	at org.springframework.security.web.ObservationFilterChainDecorator$ObservationFilter.wrapFilter(ObservationFilterChainDecorator.java:241) ~[spring-security-web-6.5.10.jar!/:6.5.10]
	at org.springframework.security.web.ObservationFilterChainDecorator$ObservationFilter.doFilter(ObservationFilterChainDecorator.java:228) ~[spring-security-web-6.5.10.jar!/:6.5.10]
	at org.springframework.security.web.ObservationFilterChainDecorator$VirtualFilterChain.doFilter(ObservationFilterChainDecorator.java:138) ~[spring-security-web-6.5.10.jar!/:6.5.10]
	at org.springframework.security.web.session.DisableEncodeUrlFilter.doFilterInternal(DisableEncodeUrlFilter.java:42) ~[spring-security-web-6.5.10.jar!/:6.5.10]
	at org.springframework.web.filter.OncePerRequestFilter.doFilter(OncePerRequestFilter.java:116) ~[spring-web-6.2.18.jar!/:6.2.18]
	at org.springframework.security.web.ObservationFilterChainDecorator$ObservationFilter.wrapFilter(ObservationFilterChainDecorator.java:241) ~[spring-security-web-6.5.10.jar!/:6.5.10]
	at org.springframework.security.web.ObservationFilterChainDecorator$AroundFilterObservation$SimpleAroundFilterObservation.lambda$wrap$0(ObservationFilterChainDecorator.java:334) ~[spring-security-web-6.5.10.jar!/:6.5.10]
	at org.springframework.security.web.ObservationFilterChainDecorator$ObservationFilter.doFilter(ObservationFilterChainDecorator.java:225) ~[spring-security-web-6.5.10.jar!/:6.5.10]
	at org.springframework.security.web.ObservationFilterChainDecorator$VirtualFilterChain.doFilter(ObservationFilterChainDecorator.java:138) ~[spring-security-web-6.5.10.jar!/:6.5.10]
	at org.springframework.security.web.FilterChainProxy.doFilterInternal(FilterChainProxy.java:233) ~[spring-security-web-6.5.10.jar!/:6.5.10]
	at org.springframework.security.web.FilterChainProxy.doFilter(FilterChainProxy.java:191) ~[spring-security-web-6.5.10.jar!/:6.5.10]
	at org.springframework.web.filter.CompositeFilter$VirtualFilterChain.doFilter(CompositeFilter.java:113) ~[spring-web-6.2.18.jar!/:6.2.18]
	at org.springframework.web.filter.ServletRequestPathFilter.doFilter(ServletRequestPathFilter.java:52) ~[spring-web-6.2.18.jar!/:6.2.18]
	at org.springframework.web.filter.CompositeFilter$VirtualFilterChain.doFilter(CompositeFilter.java:113) ~[spring-web-6.2.18.jar!/:6.2.18]
	at org.springframework.web.filter.CompositeFilter.doFilter(CompositeFilter.java:74) ~[spring-web-6.2.18.jar!/:6.2.18]
	at org.springframework.security.config.annotation.web.configuration.WebSecurityConfiguration$CompositeFilterChainProxy.doFilter(WebSecurityConfiguration.java:319) ~[spring-security-config-6.5.10.jar!/:6.5.10]
	at org.springframework.web.filter.CompositeFilter$VirtualFilterChain.doFilter(CompositeFilter.java:113) ~[spring-web-6.2.18.jar!/:6.2.18]
	at org.springframework.web.servlet.handler.HandlerMappingIntrospector.lambda$createCacheFilter$4(HandlerMappingIntrospector.java:267) ~[spring-webmvc-6.2.18.jar!/:6.2.18]
	at org.springframework.web.filter.CompositeFilter$VirtualFilterChain.doFilter(CompositeFilter.java:113) ~[spring-web-6.2.18.jar!/:6.2.18]
	at org.springframework.web.filter.CompositeFilter.doFilter(CompositeFilter.java:74) ~[spring-web-6.2.18.jar!/:6.2.18]
	at org.springframework.security.config.annotation.web.configuration.WebMvcSecurityConfiguration$CompositeFilterChainProxy.doFilter(WebMvcSecurityConfiguration.java:240) ~[spring-security-config-6.5.10.jar!/:6.5.10]
	at org.springframework.web.filter.DelegatingFilterProxy.invokeDelegate(DelegatingFilterProxy.java:362) ~[spring-web-6.2.18.jar!/:6.2.18]
	at org.springframework.web.filter.DelegatingFilterProxy.doFilter(DelegatingFilterProxy.java:278) ~[spring-web-6.2.18.jar!/:6.2.18]
	at org.apache.catalina.core.ApplicationFilterChain.internalDoFilter(ApplicationFilterChain.java:162) ~[tomcat-embed-core-10.1.54.jar!/:na]
	at org.apache.catalina.core.ApplicationFilterChain.doFilter(ApplicationFilterChain.java:138) ~[tomcat-embed-core-10.1.54.jar!/:na]
	at org.springframework.web.filter.RequestContextFilter.doFilterInternal(RequestContextFilter.java:100) ~[spring-web-6.2.18.jar!/:6.2.18]
	at org.springframework.web.filter.OncePerRequestFilter.doFilter(OncePerRequestFilter.java:116) ~[spring-web-6.2.18.jar!/:6.2.18]
	at org.apache.catalina.core.ApplicationFilterChain.internalDoFilter(ApplicationFilterChain.java:162) ~[tomcat-embed-core-10.1.54.jar!/:na]
	at org.apache.catalina.core.ApplicationFilterChain.doFilter(ApplicationFilterChain.java:138) ~[tomcat-embed-core-10.1.54.jar!/:na]
	at org.springframework.web.filter.FormContentFilter.doFilterInternal(FormContentFilter.java:93) ~[spring-web-6.2.18.jar!/:6.2.18]
	at org.springframework.web.filter.OncePerRequestFilter.doFilter(OncePerRequestFilter.java:116) ~[spring-web-6.2.18.jar!/:6.2.18]
	at org.apache.catalina.core.ApplicationFilterChain.internalDoFilter(ApplicationFilterChain.java:162) ~[tomcat-embed-core-10.1.54.jar!/:na]
	at org.apache.catalina.core.ApplicationFilterChain.doFilter(ApplicationFilterChain.java:138) ~[tomcat-embed-core-10.1.54.jar!/:na]
	at org.springframework.web.filter.ServerHttpObservationFilter.doFilterInternal(ServerHttpObservationFilter.java:110) ~[spring-web-6.2.18.jar!/:6.2.18]
	at org.springframework.web.filter.OncePerRequestFilter.doFilter(OncePerRequestFilter.java:116) ~[spring-web-6.2.18.jar!/:6.2.18]
	at org.apache.catalina.core.ApplicationFilterChain.internalDoFilter(ApplicationFilterChain.java:162) ~[tomcat-embed-core-10.1.54.jar!/:na]
	at org.apache.catalina.core.ApplicationFilterChain.doFilter(ApplicationFilterChain.java:138) ~[tomcat-embed-core-10.1.54.jar!/:na]
	at org.springframework.web.filter.CharacterEncodingFilter.doFilterInternal(CharacterEncodingFilter.java:201) ~[spring-web-6.2.18.jar!/:6.2.18]
	at org.springframework.web.filter.OncePerRequestFilter.doFilter(OncePerRequestFilter.java:116) ~[spring-web-6.2.18.jar!/:6.2.18]
	at org.apache.catalina.core.ApplicationFilterChain.internalDoFilter(ApplicationFilterChain.java:162) ~[tomcat-embed-core-10.1.54.jar!/:na]
	at org.apache.catalina.core.ApplicationFilterChain.doFilter(ApplicationFilterChain.java:138) ~[tomcat-embed-core-10.1.54.jar!/:na]
	at org.apache.catalina.core.StandardWrapperValve.invoke(StandardWrapperValve.java:165) ~[tomcat-embed-core-10.1.54.jar!/:na]
	at org.apache.catalina.core.StandardContextValve.invoke(StandardContextValve.java:88) ~[tomcat-embed-core-10.1.54.jar!/:na]
	at org.apache.catalina.authenticator.AuthenticatorBase.invoke(AuthenticatorBase.java:492) ~[tomcat-embed-core-10.1.54.jar!/:na]
	at org.apache.catalina.core.StandardHostValve.invoke(StandardHostValve.java:113) ~[tomcat-embed-core-10.1.54.jar!/:na]
	at org.apache.catalina.valves.ErrorReportValve.invoke(ErrorReportValve.java:83) ~[tomcat-embed-core-10.1.54.jar!/:na]
	at org.apache.catalina.core.StandardEngineValve.invoke(StandardEngineValve.java:72) ~[tomcat-embed-core-10.1.54.jar!/:na]
	at org.apache.catalina.connector.CoyoteAdapter.service(CoyoteAdapter.java:342) ~[tomcat-embed-core-10.1.54.jar!/:na]
	at org.apache.coyote.http11.Http11Processor.service(Http11Processor.java:399) ~[tomcat-embed-core-10.1.54.jar!/:na]
	at org.apache.coyote.AbstractProcessorLight.process(AbstractProcessorLight.java:63) ~[tomcat-embed-core-10.1.54.jar!/:na]
	at org.apache.coyote.AbstractProtocol$ConnectionHandler.process(AbstractProtocol.java:903) ~[tomcat-embed-core-10.1.54.jar!/:na]
	at org.apache.tomcat.util.net.NioEndpoint$SocketProcessor.doRun(NioEndpoint.java:1797) ~[tomcat-embed-core-10.1.54.jar!/:na]
	at org.apache.tomcat.util.net.SocketProcessorBase.run(SocketProcessorBase.java:52) ~[tomcat-embed-core-10.1.54.jar!/:na]
	at org.apache.tomcat.util.threads.ThreadPoolExecutor.runWorker(ThreadPoolExecutor.java:973) ~[tomcat-embed-core-10.1.54.jar!/:na]
	at org.apache.tomcat.util.threads.ThreadPoolExecutor$Worker.run(ThreadPoolExecutor.java:491) ~[tomcat-embed-core-10.1.54.jar!/:na]
	at org.apache.tomcat.util.threads.TaskThread$WrappingRunnable.run(TaskThread.java:63) ~[tomcat-embed-core-10.1.54.jar!/:na]
	at java.base/java.lang.Thread.run(Thread.java:840) ~[na:na]

2026-06-11T22:28:06.471+08:00 ERROR 2709619 --- [TaskBountyPlatform] [http-nio-8080-exec-5] c.f.t.c.e.GlobalExceptionHandler         : Unexpected error

org.springframework.web.HttpRequestMethodNotSupportedException: Request method 'POST' is not supported
	at org.springframework.web.servlet.mvc.method.RequestMappingInfoHandlerMapping.handleNoMatch(RequestMappingInfoHandlerMapping.java:267) ~[spring-webmvc-6.2.18.jar!/:6.2.18]
	at org.springframework.web.servlet.handler.AbstractHandlerMethodMapping.lookupHandlerMethod(AbstractHandlerMethodMapping.java:441) ~[spring-webmvc-6.2.18.jar!/:6.2.18]
	at org.springframework.web.servlet.handler.AbstractHandlerMethodMapping.getHandlerInternal(AbstractHandlerMethodMapping.java:382) ~[spring-webmvc-6.2.18.jar!/:6.2.18]
	at org.springframework.web.servlet.mvc.method.RequestMappingInfoHandlerMapping.getHandlerInternal(RequestMappingInfoHandlerMapping.java:127) ~[spring-webmvc-6.2.18.jar!/:6.2.18]
	at org.springframework.web.servlet.mvc.method.RequestMappingInfoHandlerMapping.getHandlerInternal(RequestMappingInfoHandlerMapping.java:68) ~[spring-webmvc-6.2.18.jar!/:6.2.18]
	at org.springframework.web.servlet.handler.AbstractHandlerMapping.getHandler(AbstractHandlerMapping.java:509) ~[spring-webmvc-6.2.18.jar!/:6.2.18]
	at org.springframework.web.servlet.DispatcherServlet.getHandler(DispatcherServlet.java:1284) ~[spring-webmvc-6.2.18.jar!/:6.2.18]
	at org.springframework.web.servlet.DispatcherServlet.doDispatch(DispatcherServlet.java:1065) ~[spring-webmvc-6.2.18.jar!/:6.2.18]
	at org.springframework.web.servlet.DispatcherServlet.doService(DispatcherServlet.java:979) ~[spring-webmvc-6.2.18.jar!/:6.2.18]
	at org.springframework.web.servlet.FrameworkServlet.processRequest(FrameworkServlet.java:1014) ~[spring-webmvc-6.2.18.jar!/:6.2.18]
	at org.springframework.web.servlet.FrameworkServlet.doPost(FrameworkServlet.java:914) ~[spring-webmvc-6.2.18.jar!/:6.2.18]
	at jakarta.servlet.http.HttpServlet.service(HttpServlet.java:590) ~[tomcat-embed-core-10.1.54.jar!/:na]
	at org.springframework.web.servlet.FrameworkServlet.service(FrameworkServlet.java:885) ~[spring-webmvc-6.2.18.jar!/:6.2.18]
	at jakarta.servlet.http.HttpServlet.service(HttpServlet.java:658) ~[tomcat-embed-core-10.1.54.jar!/:na]
	at org.apache.catalina.core.ApplicationFilterChain.internalDoFilter(ApplicationFilterChain.java:193) ~[tomcat-embed-core-10.1.54.jar!/:na]
	at org.apache.catalina.core.ApplicationFilterChain.doFilter(ApplicationFilterChain.java:138) ~[tomcat-embed-core-10.1.54.jar!/:na]
	at org.apache.tomcat.websocket.server.WsFilter.doFilter(WsFilter.java:51) ~[tomcat-embed-websocket-10.1.54.jar!/:na]
	at org.apache.catalina.core.ApplicationFilterChain.internalDoFilter(ApplicationFilterChain.java:162) ~[tomcat-embed-core-10.1.54.jar!/:na]
	at org.apache.catalina.core.ApplicationFilterChain.doFilter(ApplicationFilterChain.java:138) ~[tomcat-embed-core-10.1.54.jar!/:na]
	at org.springframework.web.filter.OncePerRequestFilter.doFilter(OncePerRequestFilter.java:110) ~[spring-web-6.2.18.jar!/:6.2.18]
	at org.apache.catalina.core.ApplicationFilterChain.internalDoFilter(ApplicationFilterChain.java:162) ~[tomcat-embed-core-10.1.54.jar!/:na]
	at org.apache.catalina.core.ApplicationFilterChain.doFilter(ApplicationFilterChain.java:138) ~[tomcat-embed-core-10.1.54.jar!/:na]
	at com.firstteam.taskbountyplatform.config.XssFilter.doFilter(XssFilter.java:20) ~[!/:0.0.1-SNAPSHOT]
	at org.apache.catalina.core.ApplicationFilterChain.internalDoFilter(ApplicationFilterChain.java:162) ~[tomcat-embed-core-10.1.54.jar!/:na]
	at org.apache.catalina.core.ApplicationFilterChain.doFilter(ApplicationFilterChain.java:138) ~[tomcat-embed-core-10.1.54.jar!/:na]
	at org.springframework.web.filter.CompositeFilter$VirtualFilterChain.doFilter(CompositeFilter.java:108) ~[spring-web-6.2.18.jar!/:6.2.18]
	at org.springframework.web.filter.CompositeFilter$VirtualFilterChain.doFilter(CompositeFilter.java:108) ~[spring-web-6.2.18.jar!/:6.2.18]
	at org.springframework.security.web.FilterChainProxy.lambda$doFilterInternal$3(FilterChainProxy.java:231) ~[spring-security-web-6.5.10.jar!/:6.5.10]
	at org.springframework.security.web.ObservationFilterChainDecorator$FilterObservation$SimpleFilterObservation.lambda$wrap$1(ObservationFilterChainDecorator.java:490) ~[spring-security-web-6.5.10.jar!/:6.5.10]
	at org.springframework.security.web.ObservationFilterChainDecorator$AroundFilterObservation$SimpleAroundFilterObservation.lambda$wrap$1(ObservationFilterChainDecorator.java:351) ~[spring-security-web-6.5.10.jar!/:6.5.10]
	at org.springframework.security.web.ObservationFilterChainDecorator.lambda$wrapSecured$0(ObservationFilterChainDecorator.java:83) ~[spring-security-web-6.5.10.jar!/:6.5.10]
	at org.springframework.security.web.ObservationFilterChainDecorator$VirtualFilterChain.doFilter(ObservationFilterChainDecorator.java:129) ~[spring-security-web-6.5.10.jar!/:6.5.10]
	at org.springframework.security.web.access.intercept.AuthorizationFilter.doFilter(AuthorizationFilter.java:101) ~[spring-security-web-6.5.10.jar!/:6.5.10]
	at org.springframework.security.web.ObservationFilterChainDecorator$ObservationFilter.wrapFilter(ObservationFilterChainDecorator.java:241) ~[spring-security-web-6.5.10.jar!/:6.5.10]
	at org.springframework.security.web.ObservationFilterChainDecorator$ObservationFilter.doFilter(ObservationFilterChainDecorator.java:228) ~[spring-security-web-6.5.10.jar!/:6.5.10]
	at org.springframework.security.web.ObservationFilterChainDecorator$VirtualFilterChain.doFilter(ObservationFilterChainDecorator.java:138) ~[spring-security-web-6.5.10.jar!/:6.5.10]
	at org.springframework.security.web.access.ExceptionTranslationFilter.doFilter(ExceptionTranslationFilter.java:125) ~[spring-security-web-6.5.10.jar!/:6.5.10]
	at org.springframework.security.web.access.ExceptionTranslationFilter.doFilter(ExceptionTranslationFilter.java:119) ~[spring-security-web-6.5.10.jar!/:6.5.10]
	at org.springframework.security.web.ObservationFilterChainDecorator$ObservationFilter.wrapFilter(ObservationFilterChainDecorator.java:241) ~[spring-security-web-6.5.10.jar!/:6.5.10]
	at org.springframework.security.web.ObservationFilterChainDecorator$ObservationFilter.doFilter(ObservationFilterChainDecorator.java:228) ~[spring-security-web-6.5.10.jar!/:6.5.10]
	at org.springframework.security.web.ObservationFilterChainDecorator$VirtualFilterChain.doFilter(ObservationFilterChainDecorator.java:138) ~[spring-security-web-6.5.10.jar!/:6.5.10]
	at org.springframework.security.web.session.SessionManagementFilter.doFilter(SessionManagementFilter.java:131) ~[spring-security-web-6.5.10.jar!/:6.5.10]
	at org.springframework.security.web.session.SessionManagementFilter.doFilter(SessionManagementFilter.java:85) ~[spring-security-web-6.5.10.jar!/:6.5.10]
	at org.springframework.security.web.ObservationFilterChainDecorator$ObservationFilter.wrapFilter(ObservationFilterChainDecorator.java:241) ~[spring-security-web-6.5.10.jar!/:6.5.10]
	at org.springframework.security.web.ObservationFilterChainDecorator$ObservationFilter.doFilter(ObservationFilterChainDecorator.java:228) ~[spring-security-web-6.5.10.jar!/:6.5.10]
	at org.springframework.security.web.ObservationFilterChainDecorator$VirtualFilterChain.doFilter(ObservationFilterChainDecorator.java:138) ~[spring-security-web-6.5.10.jar!/:6.5.10]
	at org.springframework.security.web.authentication.AnonymousAuthenticationFilter.doFilter(AnonymousAuthenticationFilter.java:100) ~[spring-security-web-6.5.10.jar!/:6.5.10]
	at org.springframework.security.web.ObservationFilterChainDecorator$ObservationFilter.wrapFilter(ObservationFilterChainDecorator.java:241) ~[spring-security-web-6.5.10.jar!/:6.5.10]
	at org.springframework.security.web.ObservationFilterChainDecorator$ObservationFilter.doFilter(ObservationFilterChainDecorator.java:228) ~[spring-security-web-6.5.10.jar!/:6.5.10]
	at org.springframework.security.web.ObservationFilterChainDecorator$VirtualFilterChain.doFilter(ObservationFilterChainDecorator.java:138) ~[spring-security-web-6.5.10.jar!/:6.5.10]
	at org.springframework.security.web.servletapi.SecurityContextHolderAwareRequestFilter.doFilter(SecurityContextHolderAwareRequestFilter.java:179) ~[spring-security-web-6.5.10.jar!/:6.5.10]
	at org.springframework.security.web.ObservationFilterChainDecorator$ObservationFilter.wrapFilter(ObservationFilterChainDecorator.java:241) ~[spring-security-web-6.5.10.jar!/:6.5.10]
	at org.springframework.security.web.ObservationFilterChainDecorator$ObservationFilter.doFilter(ObservationFilterChainDecorator.java:228) ~[spring-security-web-6.5.10.jar!/:6.5.10]
	at org.springframework.security.web.ObservationFilterChainDecorator$VirtualFilterChain.doFilter(ObservationFilterChainDecorator.java:138) ~[spring-security-web-6.5.10.jar!/:6.5.10]
	at org.springframework.security.web.savedrequest.RequestCacheAwareFilter.doFilter(RequestCacheAwareFilter.java:63) ~[spring-security-web-6.5.10.jar!/:6.5.10]
	at org.springframework.security.web.ObservationFilterChainDecorator$ObservationFilter.wrapFilter(ObservationFilterChainDecorator.java:241) ~[spring-security-web-6.5.10.jar!/:6.5.10]
	at org.springframework.security.web.ObservationFilterChainDecorator$ObservationFilter.doFilter(ObservationFilterChainDecorator.java:228) ~[spring-security-web-6.5.10.jar!/:6.5.10]
	at org.springframework.security.web.ObservationFilterChainDecorator$VirtualFilterChain.doFilter(ObservationFilterChainDecorator.java:138) ~[spring-security-web-6.5.10.jar!/:6.5.10]
	at com.firstteam.taskbountyplatform.auth.security.JwtAuthenticationFilter.doFilterInternal(JwtAuthenticationFilter.java:64) ~[!/:0.0.1-SNAPSHOT]
	at org.springframework.web.filter.OncePerRequestFilter.doFilter(OncePerRequestFilter.java:116) ~[spring-web-6.2.18.jar!/:6.2.18]
	at org.springframework.security.web.ObservationFilterChainDecorator$ObservationFilter.wrapFilter(ObservationFilterChainDecorator.java:241) ~[spring-security-web-6.5.10.jar!/:6.5.10]
	at org.springframework.security.web.ObservationFilterChainDecorator$ObservationFilter.doFilter(ObservationFilterChainDecorator.java:228) ~[spring-security-web-6.5.10.jar!/:6.5.10]
	at org.springframework.security.web.ObservationFilterChainDecorator$VirtualFilterChain.doFilter(ObservationFilterChainDecorator.java:138) ~[spring-security-web-6.5.10.jar!/:6.5.10]
	at org.springframework.security.web.authentication.logout.LogoutFilter.doFilter(LogoutFilter.java:107) ~[spring-security-web-6.5.10.jar!/:6.5.10]
	at org.springframework.security.web.authentication.logout.LogoutFilter.doFilter(LogoutFilter.java:93) ~[spring-security-web-6.5.10.jar!/:6.5.10]
	at org.springframework.security.web.ObservationFilterChainDecorator$ObservationFilter.wrapFilter(ObservationFilterChainDecorator.java:241) ~[spring-security-web-6.5.10.jar!/:6.5.10]
	at org.springframework.security.web.ObservationFilterChainDecorator$ObservationFilter.doFilter(ObservationFilterChainDecorator.java:228) ~[spring-security-web-6.5.10.jar!/:6.5.10]
	at org.springframework.security.web.ObservationFilterChainDecorator$VirtualFilterChain.doFilter(ObservationFilterChainDecorator.java:138) ~[spring-security-web-6.5.10.jar!/:6.5.10]
	at org.springframework.web.filter.CorsFilter.doFilterInternal(CorsFilter.java:91) ~[spring-web-6.2.18.jar!/:6.2.18]
	at org.springframework.web.filter.OncePerRequestFilter.doFilter(OncePerRequestFilter.java:116) ~[spring-web-6.2.18.jar!/:6.2.18]
	at org.springframework.security.web.ObservationFilterChainDecorator$ObservationFilter.wrapFilter(ObservationFilterChainDecorator.java:241) ~[spring-security-web-6.5.10.jar!/:6.5.10]
	at org.springframework.security.web.ObservationFilterChainDecorator$ObservationFilter.doFilter(ObservationFilterChainDecorator.java:228) ~[spring-security-web-6.5.10.jar!/:6.5.10]
	at org.springframework.security.web.ObservationFilterChainDecorator$VirtualFilterChain.doFilter(ObservationFilterChainDecorator.java:138) ~[spring-security-web-6.5.10.jar!/:6.5.10]
	at org.springframework.security.web.header.HeaderWriterFilter.doHeadersAfter(HeaderWriterFilter.java:90) ~[spring-security-web-6.5.10.jar!/:6.5.10]
	at org.springframework.security.web.header.HeaderWriterFilter.doFilterInternal(HeaderWriterFilter.java:75) ~[spring-security-web-6.5.10.jar!/:6.5.10]
	at org.springframework.web.filter.OncePerRequestFilter.doFilter(OncePerRequestFilter.java:116) ~[spring-web-6.2.18.jar!/:6.2.18]
	at org.springframework.security.web.ObservationFilterChainDecorator$ObservationFilter.wrapFilter(ObservationFilterChainDecorator.java:241) ~[spring-security-web-6.5.10.jar!/:6.5.10]
	at org.springframework.security.web.ObservationFilterChainDecorator$ObservationFilter.doFilter(ObservationFilterChainDecorator.java:228) ~[spring-security-web-6.5.10.jar!/:6.5.10]
	at org.springframework.security.web.ObservationFilterChainDecorator$VirtualFilterChain.doFilter(ObservationFilterChainDecorator.java:138) ~[spring-security-web-6.5.10.jar!/:6.5.10]
	at org.springframework.security.web.context.SecurityContextHolderFilter.doFilter(SecurityContextHolderFilter.java:82) ~[spring-security-web-6.5.10.jar!/:6.5.10]
	at org.springframework.security.web.context.SecurityContextHolderFilter.doFilter(SecurityContextHolderFilter.java:69) ~[spring-security-web-6.5.10.jar!/:6.5.10]
	at org.springframework.security.web.ObservationFilterChainDecorator$ObservationFilter.wrapFilter(ObservationFilterChainDecorator.java:241) ~[spring-security-web-6.5.10.jar!/:6.5.10]
	at org.springframework.security.web.ObservationFilterChainDecorator$ObservationFilter.doFilter(ObservationFilterChainDecorator.java:228) ~[spring-security-web-6.5.10.jar!/:6.5.10]
	at org.springframework.security.web.ObservationFilterChainDecorator$VirtualFilterChain.doFilter(ObservationFilterChainDecorator.java:138) ~[spring-security-web-6.5.10.jar!/:6.5.10]
	at org.springframework.security.web.context.request.async.WebAsyncManagerIntegrationFilter.doFilterInternal(WebAsyncManagerIntegrationFilter.java:62) ~[spring-security-web-6.5.10.jar!/:6.5.10]
	at org.springframework.web.filter.OncePerRequestFilter.doFilter(OncePerRequestFilter.java:116) ~[spring-web-6.2.18.jar!/:6.2.18]
	at org.springframework.security.web.ObservationFilterChainDecorator$ObservationFilter.wrapFilter(ObservationFilterChainDecorator.java:241) ~[spring-security-web-6.5.10.jar!/:6.5.10]
	at org.springframework.security.web.ObservationFilterChainDecorator$ObservationFilter.doFilter(ObservationFilterChainDecorator.java:228) ~[spring-security-web-6.5.10.jar!/:6.5.10]
	at org.springframework.security.web.ObservationFilterChainDecorator$VirtualFilterChain.doFilter(ObservationFilterChainDecorator.java:138) ~[spring-security-web-6.5.10.jar!/:6.5.10]
	at org.springframework.security.web.session.DisableEncodeUrlFilter.doFilterInternal(DisableEncodeUrlFilter.java:42) ~[spring-security-web-6.5.10.jar!/:6.5.10]
	at org.springframework.web.filter.OncePerRequestFilter.doFilter(OncePerRequestFilter.java:116) ~[spring-web-6.2.18.jar!/:6.2.18]
	at org.springframework.security.web.ObservationFilterChainDecorator$ObservationFilter.wrapFilter(ObservationFilterChainDecorator.java:241) ~[spring-security-web-6.5.10.jar!/:6.5.10]
	at org.springframework.security.web.ObservationFilterChainDecorator$AroundFilterObservation$SimpleAroundFilterObservation.lambda$wrap$0(ObservationFilterChainDecorator.java:334) ~[spring-security-web-6.5.10.jar!/:6.5.10]
	at org.springframework.security.web.ObservationFilterChainDecorator$ObservationFilter.doFilter(ObservationFilterChainDecorator.java:225) ~[spring-security-web-6.5.10.jar!/:6.5.10]
	at org.springframework.security.web.ObservationFilterChainDecorator$VirtualFilterChain.doFilter(ObservationFilterChainDecorator.java:138) ~[spring-security-web-6.5.10.jar!/:6.5.10]
	at org.springframework.security.web.FilterChainProxy.doFilterInternal(FilterChainProxy.java:233) ~[spring-security-web-6.5.10.jar!/:6.5.10]
	at org.springframework.security.web.FilterChainProxy.doFilter(FilterChainProxy.java:191) ~[spring-security-web-6.5.10.jar!/:6.5.10]
	at org.springframework.web.filter.CompositeFilter$VirtualFilterChain.doFilter(CompositeFilter.java:113) ~[spring-web-6.2.18.jar!/:6.2.18]
	at org.springframework.web.filter.ServletRequestPathFilter.doFilter(ServletRequestPathFilter.java:52) ~[spring-web-6.2.18.jar!/:6.2.18]
	at org.springframework.web.filter.CompositeFilter$VirtualFilterChain.doFilter(CompositeFilter.java:113) ~[spring-web-6.2.18.jar!/:6.2.18]
	at org.springframework.web.filter.CompositeFilter.doFilter(CompositeFilter.java:74) ~[spring-web-6.2.18.jar!/:6.2.18]
	at org.springframework.security.config.annotation.web.configuration.WebSecurityConfiguration$CompositeFilterChainProxy.doFilter(WebSecurityConfiguration.java:319) ~[spring-security-config-6.5.10.jar!/:6.5.10]
	at org.springframework.web.filter.CompositeFilter$VirtualFilterChain.doFilter(CompositeFilter.java:113) ~[spring-web-6.2.18.jar!/:6.2.18]
	at org.springframework.web.servlet.handler.HandlerMappingIntrospector.lambda$createCacheFilter$4(HandlerMappingIntrospector.java:267) ~[spring-webmvc-6.2.18.jar!/:6.2.18]
	at org.springframework.web.filter.CompositeFilter$VirtualFilterChain.doFilter(CompositeFilter.java:113) ~[spring-web-6.2.18.jar!/:6.2.18]
	at org.springframework.web.filter.CompositeFilter.doFilter(CompositeFilter.java:74) ~[spring-web-6.2.18.jar!/:6.2.18]
	at org.springframework.security.config.annotation.web.configuration.WebMvcSecurityConfiguration$CompositeFilterChainProxy.doFilter(WebMvcSecurityConfiguration.java:240) ~[spring-security-config-6.5.10.jar!/:6.5.10]
	at org.springframework.web.filter.DelegatingFilterProxy.invokeDelegate(DelegatingFilterProxy.java:362) ~[spring-web-6.2.18.jar!/:6.2.18]
	at org.springframework.web.filter.DelegatingFilterProxy.doFilter(DelegatingFilterProxy.java:278) ~[spring-web-6.2.18.jar!/:6.2.18]
	at org.apache.catalina.core.ApplicationFilterChain.internalDoFilter(ApplicationFilterChain.java:162) ~[tomcat-embed-core-10.1.54.jar!/:na]
	at org.apache.catalina.core.ApplicationFilterChain.doFilter(ApplicationFilterChain.java:138) ~[tomcat-embed-core-10.1.54.jar!/:na]
	at org.springframework.web.filter.RequestContextFilter.doFilterInternal(RequestContextFilter.java:100) ~[spring-web-6.2.18.jar!/:6.2.18]
	at org.springframework.web.filter.OncePerRequestFilter.doFilter(OncePerRequestFilter.java:116) ~[spring-web-6.2.18.jar!/:6.2.18]
	at org.apache.catalina.core.ApplicationFilterChain.internalDoFilter(ApplicationFilterChain.java:162) ~[tomcat-embed-core-10.1.54.jar!/:na]
	at org.apache.catalina.core.ApplicationFilterChain.doFilter(ApplicationFilterChain.java:138) ~[tomcat-embed-core-10.1.54.jar!/:na]
	at org.springframework.web.filter.FormContentFilter.doFilterInternal(FormContentFilter.java:93) ~[spring-web-6.2.18.jar!/:6.2.18]
	at org.springframework.web.filter.OncePerRequestFilter.doFilter(OncePerRequestFilter.java:116) ~[spring-web-6.2.18.jar!/:6.2.18]
	at org.apache.catalina.core.ApplicationFilterChain.internalDoFilter(ApplicationFilterChain.java:162) ~[tomcat-embed-core-10.1.54.jar!/:na]
	at org.apache.catalina.core.ApplicationFilterChain.doFilter(ApplicationFilterChain.java:138) ~[tomcat-embed-core-10.1.54.jar!/:na]
	at org.springframework.web.filter.ServerHttpObservationFilter.doFilterInternal(ServerHttpObservationFilter.java:110) ~[spring-web-6.2.18.jar!/:6.2.18]
	at org.springframework.web.filter.OncePerRequestFilter.doFilter(OncePerRequestFilter.java:116) ~[spring-web-6.2.18.jar!/:6.2.18]
	at org.apache.catalina.core.ApplicationFilterChain.internalDoFilter(ApplicationFilterChain.java:162) ~[tomcat-embed-core-10.1.54.jar!/:na]
	at org.apache.catalina.core.ApplicationFilterChain.doFilter(ApplicationFilterChain.java:138) ~[tomcat-embed-core-10.1.54.jar!/:na]
	at org.springframework.web.filter.CharacterEncodingFilter.doFilterInternal(CharacterEncodingFilter.java:201) ~[spring-web-6.2.18.jar!/:6.2.18]
	at org.springframework.web.filter.OncePerRequestFilter.doFilter(OncePerRequestFilter.java:116) ~[spring-web-6.2.18.jar!/:6.2.18]
	at org.apache.catalina.core.ApplicationFilterChain.internalDoFilter(ApplicationFilterChain.java:162) ~[tomcat-embed-core-10.1.54.jar!/:na]
	at org.apache.catalina.core.ApplicationFilterChain.doFilter(ApplicationFilterChain.java:138) ~[tomcat-embed-core-10.1.54.jar!/:na]
	at org.apache.catalina.core.StandardWrapperValve.invoke(StandardWrapperValve.java:165) ~[tomcat-embed-core-10.1.54.jar!/:na]
	at org.apache.catalina.core.StandardContextValve.invoke(StandardContextValve.java:88) ~[tomcat-embed-core-10.1.54.jar!/:na]
	at org.apache.catalina.authenticator.AuthenticatorBase.invoke(AuthenticatorBase.java:492) ~[tomcat-embed-core-10.1.54.jar!/:na]
	at org.apache.catalina.core.StandardHostValve.invoke(StandardHostValve.java:113) ~[tomcat-embed-core-10.1.54.jar!/:na]
	at org.apache.catalina.valves.ErrorReportValve.invoke(ErrorReportValve.java:83) ~[tomcat-embed-core-10.1.54.jar!/:na]
	at org.apache.catalina.core.StandardEngineValve.invoke(StandardEngineValve.java:72) ~[tomcat-embed-core-10.1.54.jar!/:na]
	at org.apache.catalina.connector.CoyoteAdapter.service(CoyoteAdapter.java:342) ~[tomcat-embed-core-10.1.54.jar!/:na]
	at org.apache.coyote.http11.Http11Processor.service(Http11Processor.java:399) ~[tomcat-embed-core-10.1.54.jar!/:na]
	at org.apache.coyote.AbstractProcessorLight.process(AbstractProcessorLight.java:63) ~[tomcat-embed-core-10.1.54.jar!/:na]
	at org.apache.coyote.AbstractProtocol$ConnectionHandler.process(AbstractProtocol.java:903) ~[tomcat-embed-core-10.1.54.jar!/:na]
	at org.apache.tomcat.util.net.NioEndpoint$SocketProcessor.doRun(NioEndpoint.java:1797) ~[tomcat-embed-core-10.1.54.jar!/:na]
	at org.apache.tomcat.util.net.SocketProcessorBase.run(SocketProcessorBase.java:52) ~[tomcat-embed-core-10.1.54.jar!/:na]
	at org.apache.tomcat.util.threads.ThreadPoolExecutor.runWorker(ThreadPoolExecutor.java:973) ~[tomcat-embed-core-10.1.54.jar!/:na]
	at org.apache.tomcat.util.threads.ThreadPoolExecutor$Worker.run(ThreadPoolExecutor.java:491) ~[tomcat-embed-core-10.1.54.jar!/:na]
	at org.apache.tomcat.util.threads.TaskThread$WrappingRunnable.run(TaskThread.java:63) ~[tomcat-embed-core-10.1.54.jar!/:na]
	at java.base/java.lang.Thread.run(Thread.java:840) ~[na:na]

2026-06-11T22:28:24.849+08:00 ERROR 2709619 --- [TaskBountyPlatform] [http-nio-8080-exec-4] c.f.t.c.e.GlobalExceptionHandler         : Unexpected error

org.springframework.web.HttpRequestMethodNotSupportedException: Request method 'POST' is not supported
	at org.springframework.web.servlet.mvc.method.RequestMappingInfoHandlerMapping.handleNoMatch(RequestMappingInfoHandlerMapping.java:267) ~[spring-webmvc-6.2.18.jar!/:6.2.18]
	at org.springframework.web.servlet.handler.AbstractHandlerMethodMapping.lookupHandlerMethod(AbstractHandlerMethodMapping.java:441) ~[spring-webmvc-6.2.18.jar!/:6.2.18]
	at org.springframework.web.servlet.handler.AbstractHandlerMethodMapping.getHandlerInternal(AbstractHandlerMethodMapping.java:382) ~[spring-webmvc-6.2.18.jar!/:6.2.18]
	at org.springframework.web.servlet.mvc.method.RequestMappingInfoHandlerMapping.getHandlerInternal(RequestMappingInfoHandlerMapping.java:127) ~[spring-webmvc-6.2.18.jar!/:6.2.18]
	at org.springframework.web.servlet.mvc.method.RequestMappingInfoHandlerMapping.getHandlerInternal(RequestMappingInfoHandlerMapping.java:68) ~[spring-webmvc-6.2.18.jar!/:6.2.18]
	at org.springframework.web.servlet.handler.AbstractHandlerMapping.getHandler(AbstractHandlerMapping.java:509) ~[spring-webmvc-6.2.18.jar!/:6.2.18]
	at org.springframework.web.servlet.DispatcherServlet.getHandler(DispatcherServlet.java:1284) ~[spring-webmvc-6.2.18.jar!/:6.2.18]
	at org.springframework.web.servlet.DispatcherServlet.doDispatch(DispatcherServlet.java:1065) ~[spring-webmvc-6.2.18.jar!/:6.2.18]
	at org.springframework.web.servlet.DispatcherServlet.doService(DispatcherServlet.java:979) ~[spring-webmvc-6.2.18.jar!/:6.2.18]
	at org.springframework.web.servlet.FrameworkServlet.processRequest(FrameworkServlet.java:1014) ~[spring-webmvc-6.2.18.jar!/:6.2.18]
	at org.springframework.web.servlet.FrameworkServlet.doPost(FrameworkServlet.java:914) ~[spring-webmvc-6.2.18.jar!/:6.2.18]
	at jakarta.servlet.http.HttpServlet.service(HttpServlet.java:590) ~[tomcat-embed-core-10.1.54.jar!/:na]
	at org.springframework.web.servlet.FrameworkServlet.service(FrameworkServlet.java:885) ~[spring-webmvc-6.2.18.jar!/:6.2.18]
	at jakarta.servlet.http.HttpServlet.service(HttpServlet.java:658) ~[tomcat-embed-core-10.1.54.jar!/:na]
	at org.apache.catalina.core.ApplicationFilterChain.internalDoFilter(ApplicationFilterChain.java:193) ~[tomcat-embed-core-10.1.54.jar!/:na]
	at org.apache.catalina.core.ApplicationFilterChain.doFilter(ApplicationFilterChain.java:138) ~[tomcat-embed-core-10.1.54.jar!/:na]
	at org.apache.tomcat.websocket.server.WsFilter.doFilter(WsFilter.java:51) ~[tomcat-embed-websocket-10.1.54.jar!/:na]
	at org.apache.catalina.core.ApplicationFilterChain.internalDoFilter(ApplicationFilterChain.java:162) ~[tomcat-embed-core-10.1.54.jar!/:na]
	at org.apache.catalina.core.ApplicationFilterChain.doFilter(ApplicationFilterChain.java:138) ~[tomcat-embed-core-10.1.54.jar!/:na]
	at org.springframework.web.filter.OncePerRequestFilter.doFilter(OncePerRequestFilter.java:110) ~[spring-web-6.2.18.jar!/:6.2.18]
	at org.apache.catalina.core.ApplicationFilterChain.internalDoFilter(ApplicationFilterChain.java:162) ~[tomcat-embed-core-10.1.54.jar!/:na]
	at org.apache.catalina.core.ApplicationFilterChain.doFilter(ApplicationFilterChain.java:138) ~[tomcat-embed-core-10.1.54.jar!/:na]
	at com.firstteam.taskbountyplatform.config.XssFilter.doFilter(XssFilter.java:20) ~[!/:0.0.1-SNAPSHOT]
	at org.apache.catalina.core.ApplicationFilterChain.internalDoFilter(ApplicationFilterChain.java:162) ~[tomcat-embed-core-10.1.54.jar!/:na]
	at org.apache.catalina.core.ApplicationFilterChain.doFilter(ApplicationFilterChain.java:138) ~[tomcat-embed-core-10.1.54.jar!/:na]
	at org.springframework.web.filter.CompositeFilter$VirtualFilterChain.doFilter(CompositeFilter.java:108) ~[spring-web-6.2.18.jar!/:6.2.18]
	at org.springframework.web.filter.CompositeFilter$VirtualFilterChain.doFilter(CompositeFilter.java:108) ~[spring-web-6.2.18.jar!/:6.2.18]
	at org.springframework.security.web.FilterChainProxy.lambda$doFilterInternal$3(FilterChainProxy.java:231) ~[spring-security-web-6.5.10.jar!/:6.5.10]
	at org.springframework.security.web.ObservationFilterChainDecorator$FilterObservation$SimpleFilterObservation.lambda$wrap$1(ObservationFilterChainDecorator.java:490) ~[spring-security-web-6.5.10.jar!/:6.5.10]
	at org.springframework.security.web.ObservationFilterChainDecorator$AroundFilterObservation$SimpleAroundFilterObservation.lambda$wrap$1(ObservationFilterChainDecorator.java:351) ~[spring-security-web-6.5.10.jar!/:6.5.10]
	at org.springframework.security.web.ObservationFilterChainDecorator.lambda$wrapSecured$0(ObservationFilterChainDecorator.java:83) ~[spring-security-web-6.5.10.jar!/:6.5.10]
	at org.springframework.security.web.ObservationFilterChainDecorator$VirtualFilterChain.doFilter(ObservationFilterChainDecorator.java:129) ~[spring-security-web-6.5.10.jar!/:6.5.10]
	at org.springframework.security.web.access.intercept.AuthorizationFilter.doFilter(AuthorizationFilter.java:101) ~[spring-security-web-6.5.10.jar!/:6.5.10]
	at org.springframework.security.web.ObservationFilterChainDecorator$ObservationFilter.wrapFilter(ObservationFilterChainDecorator.java:241) ~[spring-security-web-6.5.10.jar!/:6.5.10]
	at org.springframework.security.web.ObservationFilterChainDecorator$ObservationFilter.doFilter(ObservationFilterChainDecorator.java:228) ~[spring-security-web-6.5.10.jar!/:6.5.10]
	at org.springframework.security.web.ObservationFilterChainDecorator$VirtualFilterChain.doFilter(ObservationFilterChainDecorator.java:138) ~[spring-security-web-6.5.10.jar!/:6.5.10]
	at org.springframework.security.web.access.ExceptionTranslationFilter.doFilter(ExceptionTranslationFilter.java:125) ~[spring-security-web-6.5.10.jar!/:6.5.10]
	at org.springframework.security.web.access.ExceptionTranslationFilter.doFilter(ExceptionTranslationFilter.java:119) ~[spring-security-web-6.5.10.jar!/:6.5.10]
	at org.springframework.security.web.ObservationFilterChainDecorator$ObservationFilter.wrapFilter(ObservationFilterChainDecorator.java:241) ~[spring-security-web-6.5.10.jar!/:6.5.10]
	at org.springframework.security.web.ObservationFilterChainDecorator$ObservationFilter.doFilter(ObservationFilterChainDecorator.java:228) ~[spring-security-web-6.5.10.jar!/:6.5.10]
	at org.springframework.security.web.ObservationFilterChainDecorator$VirtualFilterChain.doFilter(ObservationFilterChainDecorator.java:138) ~[spring-security-web-6.5.10.jar!/:6.5.10]
	at org.springframework.security.web.session.SessionManagementFilter.doFilter(SessionManagementFilter.java:131) ~[spring-security-web-6.5.10.jar!/:6.5.10]
	at org.springframework.security.web.session.SessionManagementFilter.doFilter(SessionManagementFilter.java:85) ~[spring-security-web-6.5.10.jar!/:6.5.10]
	at org.springframework.security.web.ObservationFilterChainDecorator$ObservationFilter.wrapFilter(ObservationFilterChainDecorator.java:241) ~[spring-security-web-6.5.10.jar!/:6.5.10]
	at org.springframework.security.web.ObservationFilterChainDecorator$ObservationFilter.doFilter(ObservationFilterChainDecorator.java:228) ~[spring-security-web-6.5.10.jar!/:6.5.10]
	at org.springframework.security.web.ObservationFilterChainDecorator$VirtualFilterChain.doFilter(ObservationFilterChainDecorator.java:138) ~[spring-security-web-6.5.10.jar!/:6.5.10]
	at org.springframework.security.web.authentication.AnonymousAuthenticationFilter.doFilter(AnonymousAuthenticationFilter.java:100) ~[spring-security-web-6.5.10.jar!/:6.5.10]
	at org.springframework.security.web.ObservationFilterChainDecorator$ObservationFilter.wrapFilter(ObservationFilterChainDecorator.java:241) ~[spring-security-web-6.5.10.jar!/:6.5.10]
	at org.springframework.security.web.ObservationFilterChainDecorator$ObservationFilter.doFilter(ObservationFilterChainDecorator.java:228) ~[spring-security-web-6.5.10.jar!/:6.5.10]
	at org.springframework.security.web.ObservationFilterChainDecorator$VirtualFilterChain.doFilter(ObservationFilterChainDecorator.java:138) ~[spring-security-web-6.5.10.jar!/:6.5.10]
	at org.springframework.security.web.servletapi.SecurityContextHolderAwareRequestFilter.doFilter(SecurityContextHolderAwareRequestFilter.java:179) ~[spring-security-web-6.5.10.jar!/:6.5.10]
	at org.springframework.security.web.ObservationFilterChainDecorator$ObservationFilter.wrapFilter(ObservationFilterChainDecorator.java:241) ~[spring-security-web-6.5.10.jar!/:6.5.10]
	at org.springframework.security.web.ObservationFilterChainDecorator$ObservationFilter.doFilter(ObservationFilterChainDecorator.java:228) ~[spring-security-web-6.5.10.jar!/:6.5.10]
	at org.springframework.security.web.ObservationFilterChainDecorator$VirtualFilterChain.doFilter(ObservationFilterChainDecorator.java:138) ~[spring-security-web-6.5.10.jar!/:6.5.10]
	at org.springframework.security.web.savedrequest.RequestCacheAwareFilter.doFilter(RequestCacheAwareFilter.java:63) ~[spring-security-web-6.5.10.jar!/:6.5.10]
	at org.springframework.security.web.ObservationFilterChainDecorator$ObservationFilter.wrapFilter(ObservationFilterChainDecorator.java:241) ~[spring-security-web-6.5.10.jar!/:6.5.10]
	at org.springframework.security.web.ObservationFilterChainDecorator$ObservationFilter.doFilter(ObservationFilterChainDecorator.java:228) ~[spring-security-web-6.5.10.jar!/:6.5.10]
	at org.springframework.security.web.ObservationFilterChainDecorator$VirtualFilterChain.doFilter(ObservationFilterChainDecorator.java:138) ~[spring-security-web-6.5.10.jar!/:6.5.10]
	at com.firstteam.taskbountyplatform.auth.security.JwtAuthenticationFilter.doFilterInternal(JwtAuthenticationFilter.java:64) ~[!/:0.0.1-SNAPSHOT]
	at org.springframework.web.filter.OncePerRequestFilter.doFilter(OncePerRequestFilter.java:116) ~[spring-web-6.2.18.jar!/:6.2.18]
	at org.springframework.security.web.ObservationFilterChainDecorator$ObservationFilter.wrapFilter(ObservationFilterChainDecorator.java:241) ~[spring-security-web-6.5.10.jar!/:6.5.10]
	at org.springframework.security.web.ObservationFilterChainDecorator$ObservationFilter.doFilter(ObservationFilterChainDecorator.java:228) ~[spring-security-web-6.5.10.jar!/:6.5.10]
	at org.springframework.security.web.ObservationFilterChainDecorator$VirtualFilterChain.doFilter(ObservationFilterChainDecorator.java:138) ~[spring-security-web-6.5.10.jar!/:6.5.10]
	at org.springframework.security.web.authentication.logout.LogoutFilter.doFilter(LogoutFilter.java:107) ~[spring-security-web-6.5.10.jar!/:6.5.10]
	at org.springframework.security.web.authentication.logout.LogoutFilter.doFilter(LogoutFilter.java:93) ~[spring-security-web-6.5.10.jar!/:6.5.10]
	at org.springframework.security.web.ObservationFilterChainDecorator$ObservationFilter.wrapFilter(ObservationFilterChainDecorator.java:241) ~[spring-security-web-6.5.10.jar!/:6.5.10]
	at org.springframework.security.web.ObservationFilterChainDecorator$ObservationFilter.doFilter(ObservationFilterChainDecorator.java:228) ~[spring-security-web-6.5.10.jar!/:6.5.10]
	at org.springframework.security.web.ObservationFilterChainDecorator$VirtualFilterChain.doFilter(ObservationFilterChainDecorator.java:138) ~[spring-security-web-6.5.10.jar!/:6.5.10]
	at org.springframework.web.filter.CorsFilter.doFilterInternal(CorsFilter.java:91) ~[spring-web-6.2.18.jar!/:6.2.18]
	at org.springframework.web.filter.OncePerRequestFilter.doFilter(OncePerRequestFilter.java:116) ~[spring-web-6.2.18.jar!/:6.2.18]
	at org.springframework.security.web.ObservationFilterChainDecorator$ObservationFilter.wrapFilter(ObservationFilterChainDecorator.java:241) ~[spring-security-web-6.5.10.jar!/:6.5.10]
	at org.springframework.security.web.ObservationFilterChainDecorator$ObservationFilter.doFilter(ObservationFilterChainDecorator.java:228) ~[spring-security-web-6.5.10.jar!/:6.5.10]
	at org.springframework.security.web.ObservationFilterChainDecorator$VirtualFilterChain.doFilter(ObservationFilterChainDecorator.java:138) ~[spring-security-web-6.5.10.jar!/:6.5.10]
	at org.springframework.security.web.header.HeaderWriterFilter.doHeadersAfter(HeaderWriterFilter.java:90) ~[spring-security-web-6.5.10.jar!/:6.5.10]
	at org.springframework.security.web.header.HeaderWriterFilter.doFilterInternal(HeaderWriterFilter.java:75) ~[spring-security-web-6.5.10.jar!/:6.5.10]
	at org.springframework.web.filter.OncePerRequestFilter.doFilter(OncePerRequestFilter.java:116) ~[spring-web-6.2.18.jar!/:6.2.18]
	at org.springframework.security.web.ObservationFilterChainDecorator$ObservationFilter.wrapFilter(ObservationFilterChainDecorator.java:241) ~[spring-security-web-6.5.10.jar!/:6.5.10]
	at org.springframework.security.web.ObservationFilterChainDecorator$ObservationFilter.doFilter(ObservationFilterChainDecorator.java:228) ~[spring-security-web-6.5.10.jar!/:6.5.10]
	at org.springframework.security.web.ObservationFilterChainDecorator$VirtualFilterChain.doFilter(ObservationFilterChainDecorator.java:138) ~[spring-security-web-6.5.10.jar!/:6.5.10]
	at org.springframework.security.web.context.SecurityContextHolderFilter.doFilter(SecurityContextHolderFilter.java:82) ~[spring-security-web-6.5.10.jar!/:6.5.10]
	at org.springframework.security.web.context.SecurityContextHolderFilter.doFilter(SecurityContextHolderFilter.java:69) ~[spring-security-web-6.5.10.jar!/:6.5.10]
	at org.springframework.security.web.ObservationFilterChainDecorator$ObservationFilter.wrapFilter(ObservationFilterChainDecorator.java:241) ~[spring-security-web-6.5.10.jar!/:6.5.10]
	at org.springframework.security.web.ObservationFilterChainDecorator$ObservationFilter.doFilter(ObservationFilterChainDecorator.java:228) ~[spring-security-web-6.5.10.jar!/:6.5.10]
	at org.springframework.security.web.ObservationFilterChainDecorator$VirtualFilterChain.doFilter(ObservationFilterChainDecorator.java:138) ~[spring-security-web-6.5.10.jar!/:6.5.10]
	at org.springframework.security.web.context.request.async.WebAsyncManagerIntegrationFilter.doFilterInternal(WebAsyncManagerIntegrationFilter.java:62) ~[spring-security-web-6.5.10.jar!/:6.5.10]
	at org.springframework.web.filter.OncePerRequestFilter.doFilter(OncePerRequestFilter.java:116) ~[spring-web-6.2.18.jar!/:6.2.18]
	at org.springframework.security.web.ObservationFilterChainDecorator$ObservationFilter.wrapFilter(ObservationFilterChainDecorator.java:241) ~[spring-security-web-6.5.10.jar!/:6.5.10]
	at org.springframework.security.web.ObservationFilterChainDecorator$ObservationFilter.doFilter(ObservationFilterChainDecorator.java:228) ~[spring-security-web-6.5.10.jar!/:6.5.10]
	at org.springframework.security.web.ObservationFilterChainDecorator$VirtualFilterChain.doFilter(ObservationFilterChainDecorator.java:138) ~[spring-security-web-6.5.10.jar!/:6.5.10]
	at org.springframework.security.web.session.DisableEncodeUrlFilter.doFilterInternal(DisableEncodeUrlFilter.java:42) ~[spring-security-web-6.5.10.jar!/:6.5.10]
	at org.springframework.web.filter.OncePerRequestFilter.doFilter(OncePerRequestFilter.java:116) ~[spring-web-6.2.18.jar!/:6.2.18]
	at org.springframework.security.web.ObservationFilterChainDecorator$ObservationFilter.wrapFilter(ObservationFilterChainDecorator.java:241) ~[spring-security-web-6.5.10.jar!/:6.5.10]
	at org.springframework.security.web.ObservationFilterChainDecorator$AroundFilterObservation$SimpleAroundFilterObservation.lambda$wrap$0(ObservationFilterChainDecorator.java:334) ~[spring-security-web-6.5.10.jar!/:6.5.10]
	at org.springframework.security.web.ObservationFilterChainDecorator$ObservationFilter.doFilter(ObservationFilterChainDecorator.java:225) ~[spring-security-web-6.5.10.jar!/:6.5.10]
	at org.springframework.security.web.ObservationFilterChainDecorator$VirtualFilterChain.doFilter(ObservationFilterChainDecorator.java:138) ~[spring-security-web-6.5.10.jar!/:6.5.10]
	at org.springframework.security.web.FilterChainProxy.doFilterInternal(FilterChainProxy.java:233) ~[spring-security-web-6.5.10.jar!/:6.5.10]
	at org.springframework.security.web.FilterChainProxy.doFilter(FilterChainProxy.java:191) ~[spring-security-web-6.5.10.jar!/:6.5.10]
	at org.springframework.web.filter.CompositeFilter$VirtualFilterChain.doFilter(CompositeFilter.java:113) ~[spring-web-6.2.18.jar!/:6.2.18]
	at org.springframework.web.filter.ServletRequestPathFilter.doFilter(ServletRequestPathFilter.java:52) ~[spring-web-6.2.18.jar!/:6.2.18]
	at org.springframework.web.filter.CompositeFilter$VirtualFilterChain.doFilter(CompositeFilter.java:113) ~[spring-web-6.2.18.jar!/:6.2.18]
	at org.springframework.web.filter.CompositeFilter.doFilter(CompositeFilter.java:74) ~[spring-web-6.2.18.jar!/:6.2.18]
	at org.springframework.security.config.annotation.web.configuration.WebSecurityConfiguration$CompositeFilterChainProxy.doFilter(WebSecurityConfiguration.java:319) ~[spring-security-config-6.5.10.jar!/:6.5.10]
	at org.springframework.web.filter.CompositeFilter$VirtualFilterChain.doFilter(CompositeFilter.java:113) ~[spring-web-6.2.18.jar!/:6.2.18]
	at org.springframework.web.servlet.handler.HandlerMappingIntrospector.lambda$createCacheFilter$4(HandlerMappingIntrospector.java:267) ~[spring-webmvc-6.2.18.jar!/:6.2.18]
	at org.springframework.web.filter.CompositeFilter$VirtualFilterChain.doFilter(CompositeFilter.java:113) ~[spring-web-6.2.18.jar!/:6.2.18]
	at org.springframework.web.filter.CompositeFilter.doFilter(CompositeFilter.java:74) ~[spring-web-6.2.18.jar!/:6.2.18]
	at org.springframework.security.config.annotation.web.configuration.WebMvcSecurityConfiguration$CompositeFilterChainProxy.doFilter(WebMvcSecurityConfiguration.java:240) ~[spring-security-config-6.5.10.jar!/:6.5.10]
	at org.springframework.web.filter.DelegatingFilterProxy.invokeDelegate(DelegatingFilterProxy.java:362) ~[spring-web-6.2.18.jar!/:6.2.18]
	at org.springframework.web.filter.DelegatingFilterProxy.doFilter(DelegatingFilterProxy.java:278) ~[spring-web-6.2.18.jar!/:6.2.18]
	at org.apache.catalina.core.ApplicationFilterChain.internalDoFilter(ApplicationFilterChain.java:162) ~[tomcat-embed-core-10.1.54.jar!/:na]
	at org.apache.catalina.core.ApplicationFilterChain.doFilter(ApplicationFilterChain.java:138) ~[tomcat-embed-core-10.1.54.jar!/:na]
	at org.springframework.web.filter.RequestContextFilter.doFilterInternal(RequestContextFilter.java:100) ~[spring-web-6.2.18.jar!/:6.2.18]
	at org.springframework.web.filter.OncePerRequestFilter.doFilter(OncePerRequestFilter.java:116) ~[spring-web-6.2.18.jar!/:6.2.18]
	at org.apache.catalina.core.ApplicationFilterChain.internalDoFilter(ApplicationFilterChain.java:162) ~[tomcat-embed-core-10.1.54.jar!/:na]
	at org.apache.catalina.core.ApplicationFilterChain.doFilter(ApplicationFilterChain.java:138) ~[tomcat-embed-core-10.1.54.jar!/:na]
	at org.springframework.web.filter.FormContentFilter.doFilterInternal(FormContentFilter.java:93) ~[spring-web-6.2.18.jar!/:6.2.18]
	at org.springframework.web.filter.OncePerRequestFilter.doFilter(OncePerRequestFilter.java:116) ~[spring-web-6.2.18.jar!/:6.2.18]
	at org.apache.catalina.core.ApplicationFilterChain.internalDoFilter(ApplicationFilterChain.java:162) ~[tomcat-embed-core-10.1.54.jar!/:na]
	at org.apache.catalina.core.ApplicationFilterChain.doFilter(ApplicationFilterChain.java:138) ~[tomcat-embed-core-10.1.54.jar!/:na]
	at org.springframework.web.filter.ServerHttpObservationFilter.doFilterInternal(ServerHttpObservationFilter.java:110) ~[spring-web-6.2.18.jar!/:6.2.18]
	at org.springframework.web.filter.OncePerRequestFilter.doFilter(OncePerRequestFilter.java:116) ~[spring-web-6.2.18.jar!/:6.2.18]
	at org.apache.catalina.core.ApplicationFilterChain.internalDoFilter(ApplicationFilterChain.java:162) ~[tomcat-embed-core-10.1.54.jar!/:na]
	at org.apache.catalina.core.ApplicationFilterChain.doFilter(ApplicationFilterChain.java:138) ~[tomcat-embed-core-10.1.54.jar!/:na]
	at org.springframework.web.filter.CharacterEncodingFilter.doFilterInternal(CharacterEncodingFilter.java:201) ~[spring-web-6.2.18.jar!/:6.2.18]
	at org.springframework.web.filter.OncePerRequestFilter.doFilter(OncePerRequestFilter.java:116) ~[spring-web-6.2.18.jar!/:6.2.18]
	at org.apache.catalina.core.ApplicationFilterChain.internalDoFilter(ApplicationFilterChain.java:162) ~[tomcat-embed-core-10.1.54.jar!/:na]
	at org.apache.catalina.core.ApplicationFilterChain.doFilter(ApplicationFilterChain.java:138) ~[tomcat-embed-core-10.1.54.jar!/:na]
	at org.apache.catalina.core.StandardWrapperValve.invoke(StandardWrapperValve.java:165) ~[tomcat-embed-core-10.1.54.jar!/:na]
	at org.apache.catalina.core.StandardContextValve.invoke(StandardContextValve.java:88) ~[tomcat-embed-core-10.1.54.jar!/:na]
	at org.apache.catalina.authenticator.AuthenticatorBase.invoke(AuthenticatorBase.java:492) ~[tomcat-embed-core-10.1.54.jar!/:na]
	at org.apache.catalina.core.StandardHostValve.invoke(StandardHostValve.java:113) ~[tomcat-embed-core-10.1.54.jar!/:na]
	at org.apache.catalina.valves.ErrorReportValve.invoke(ErrorReportValve.java:83) ~[tomcat-embed-core-10.1.54.jar!/:na]
	at org.apache.catalina.core.StandardEngineValve.invoke(StandardEngineValve.java:72) ~[tomcat-embed-core-10.1.54.jar!/:na]
	at org.apache.catalina.connector.CoyoteAdapter.service(CoyoteAdapter.java:342) ~[tomcat-embed-core-10.1.54.jar!/:na]
	at org.apache.coyote.http11.Http11Processor.service(Http11Processor.java:399) ~[tomcat-embed-core-10.1.54.jar!/:na]
	at org.apache.coyote.AbstractProcessorLight.process(AbstractProcessorLight.java:63) ~[tomcat-embed-core-10.1.54.jar!/:na]
	at org.apache.coyote.AbstractProtocol$ConnectionHandler.process(AbstractProtocol.java:903) ~[tomcat-embed-core-10.1.54.jar!/:na]
	at org.apache.tomcat.util.net.NioEndpoint$SocketProcessor.doRun(NioEndpoint.java:1797) ~[tomcat-embed-core-10.1.54.jar!/:na]
	at org.apache.tomcat.util.net.SocketProcessorBase.run(SocketProcessorBase.java:52) ~[tomcat-embed-core-10.1.54.jar!/:na]
	at org.apache.tomcat.util.threads.ThreadPoolExecutor.runWorker(ThreadPoolExecutor.java:973) ~[tomcat-embed-core-10.1.54.jar!/:na]
	at org.apache.tomcat.util.threads.ThreadPoolExecutor$Worker.run(ThreadPoolExecutor.java:491) ~[tomcat-embed-core-10.1.54.jar!/:na]
	at org.apache.tomcat.util.threads.TaskThread$WrappingRunnable.run(TaskThread.java:63) ~[tomcat-embed-core-10.1.54.jar!/:na]
	at java.base/java.lang.Thread.run(Thread.java:840) ~[na:na]

2026-06-11T22:28:56.410+08:00 ERROR 2709619 --- [TaskBountyPlatform] [http-nio-8080-exec-10] c.f.t.c.e.GlobalExceptionHandler         : Unexpected error

org.springframework.web.HttpRequestMethodNotSupportedException: Request method 'POST' is not supported
	at org.springframework.web.servlet.mvc.method.RequestMappingInfoHandlerMapping.handleNoMatch(RequestMappingInfoHandlerMapping.java:267) ~[spring-webmvc-6.2.18.jar!/:6.2.18]
	at org.springframework.web.servlet.handler.AbstractHandlerMethodMapping.lookupHandlerMethod(AbstractHandlerMethodMapping.java:441) ~[spring-webmvc-6.2.18.jar!/:6.2.18]
	at org.springframework.web.servlet.handler.AbstractHandlerMethodMapping.getHandlerInternal(AbstractHandlerMethodMapping.java:382) ~[spring-webmvc-6.2.18.jar!/:6.2.18]
	at org.springframework.web.servlet.mvc.method.RequestMappingInfoHandlerMapping.getHandlerInternal(RequestMappingInfoHandlerMapping.java:127) ~[spring-webmvc-6.2.18.jar!/:6.2.18]
	at org.springframework.web.servlet.mvc.method.RequestMappingInfoHandlerMapping.getHandlerInternal(RequestMappingInfoHandlerMapping.java:68) ~[spring-webmvc-6.2.18.jar!/:6.2.18]
	at org.springframework.web.servlet.handler.AbstractHandlerMapping.getHandler(AbstractHandlerMapping.java:509) ~[spring-webmvc-6.2.18.jar!/:6.2.18]
	at org.springframework.web.servlet.DispatcherServlet.getHandler(DispatcherServlet.java:1284) ~[spring-webmvc-6.2.18.jar!/:6.2.18]
	at org.springframework.web.servlet.DispatcherServlet.doDispatch(DispatcherServlet.java:1065) ~[spring-webmvc-6.2.18.jar!/:6.2.18]
	at org.springframework.web.servlet.DispatcherServlet.doService(DispatcherServlet.java:979) ~[spring-webmvc-6.2.18.jar!/:6.2.18]
	at org.springframework.web.servlet.FrameworkServlet.processRequest(FrameworkServlet.java:1014) ~[spring-webmvc-6.2.18.jar!/:6.2.18]
	at org.springframework.web.servlet.FrameworkServlet.doPost(FrameworkServlet.java:914) ~[spring-webmvc-6.2.18.jar!/:6.2.18]
	at jakarta.servlet.http.HttpServlet.service(HttpServlet.java:590) ~[tomcat-embed-core-10.1.54.jar!/:na]
	at org.springframework.web.servlet.FrameworkServlet.service(FrameworkServlet.java:885) ~[spring-webmvc-6.2.18.jar!/:6.2.18]
	at jakarta.servlet.http.HttpServlet.service(HttpServlet.java:658) ~[tomcat-embed-core-10.1.54.jar!/:na]
	at org.apache.catalina.core.ApplicationFilterChain.internalDoFilter(ApplicationFilterChain.java:193) ~[tomcat-embed-core-10.1.54.jar!/:na]
	at org.apache.catalina.core.ApplicationFilterChain.doFilter(ApplicationFilterChain.java:138) ~[tomcat-embed-core-10.1.54.jar!/:na]
	at org.apache.tomcat.websocket.server.WsFilter.doFilter(WsFilter.java:51) ~[tomcat-embed-websocket-10.1.54.jar!/:na]
	at org.apache.catalina.core.ApplicationFilterChain.internalDoFilter(ApplicationFilterChain.java:162) ~[tomcat-embed-core-10.1.54.jar!/:na]
	at org.apache.catalina.core.ApplicationFilterChain.doFilter(ApplicationFilterChain.java:138) ~[tomcat-embed-core-10.1.54.jar!/:na]
	at org.springframework.web.filter.OncePerRequestFilter.doFilter(OncePerRequestFilter.java:110) ~[spring-web-6.2.18.jar!/:6.2.18]
	at org.apache.catalina.core.ApplicationFilterChain.internalDoFilter(ApplicationFilterChain.java:162) ~[tomcat-embed-core-10.1.54.jar!/:na]
	at org.apache.catalina.core.ApplicationFilterChain.doFilter(ApplicationFilterChain.java:138) ~[tomcat-embed-core-10.1.54.jar!/:na]
	at com.firstteam.taskbountyplatform.config.XssFilter.doFilter(XssFilter.java:20) ~[!/:0.0.1-SNAPSHOT]
	at org.apache.catalina.core.ApplicationFilterChain.internalDoFilter(ApplicationFilterChain.java:162) ~[tomcat-embed-core-10.1.54.jar!/:na]
	at org.apache.catalina.core.ApplicationFilterChain.doFilter(ApplicationFilterChain.java:138) ~[tomcat-embed-core-10.1.54.jar!/:na]
	at org.springframework.web.filter.CompositeFilter$VirtualFilterChain.doFilter(CompositeFilter.java:108) ~[spring-web-6.2.18.jar!/:6.2.18]
	at org.springframework.web.filter.CompositeFilter$VirtualFilterChain.doFilter(CompositeFilter.java:108) ~[spring-web-6.2.18.jar!/:6.2.18]
	at org.springframework.security.web.FilterChainProxy.lambda$doFilterInternal$3(FilterChainProxy.java:231) ~[spring-security-web-6.5.10.jar!/:6.5.10]
	at org.springframework.security.web.ObservationFilterChainDecorator$FilterObservation$SimpleFilterObservation.lambda$wrap$1(ObservationFilterChainDecorator.java:490) ~[spring-security-web-6.5.10.jar!/:6.5.10]
	at org.springframework.security.web.ObservationFilterChainDecorator$AroundFilterObservation$SimpleAroundFilterObservation.lambda$wrap$1(ObservationFilterChainDecorator.java:351) ~[spring-security-web-6.5.10.jar!/:6.5.10]
	at org.springframework.security.web.ObservationFilterChainDecorator.lambda$wrapSecured$0(ObservationFilterChainDecorator.java:83) ~[spring-security-web-6.5.10.jar!/:6.5.10]
	at org.springframework.security.web.ObservationFilterChainDecorator$VirtualFilterChain.doFilter(ObservationFilterChainDecorator.java:129) ~[spring-security-web-6.5.10.jar!/:6.5.10]
	at org.springframework.security.web.access.intercept.AuthorizationFilter.doFilter(AuthorizationFilter.java:101) ~[spring-security-web-6.5.10.jar!/:6.5.10]
	at org.springframework.security.web.ObservationFilterChainDecorator$ObservationFilter.wrapFilter(ObservationFilterChainDecorator.java:241) ~[spring-security-web-6.5.10.jar!/:6.5.10]
	at org.springframework.security.web.ObservationFilterChainDecorator$ObservationFilter.doFilter(ObservationFilterChainDecorator.java:228) ~[spring-security-web-6.5.10.jar!/:6.5.10]
	at org.springframework.security.web.ObservationFilterChainDecorator$VirtualFilterChain.doFilter(ObservationFilterChainDecorator.java:138) ~[spring-security-web-6.5.10.jar!/:6.5.10]
	at org.springframework.security.web.access.ExceptionTranslationFilter.doFilter(ExceptionTranslationFilter.java:125) ~[spring-security-web-6.5.10.jar!/:6.5.10]
	at org.springframework.security.web.access.ExceptionTranslationFilter.doFilter(ExceptionTranslationFilter.java:119) ~[spring-security-web-6.5.10.jar!/:6.5.10]
	at org.springframework.security.web.ObservationFilterChainDecorator$ObservationFilter.wrapFilter(ObservationFilterChainDecorator.java:241) ~[spring-security-web-6.5.10.jar!/:6.5.10]
	at org.springframework.security.web.ObservationFilterChainDecorator$ObservationFilter.doFilter(ObservationFilterChainDecorator.java:228) ~[spring-security-web-6.5.10.jar!/:6.5.10]
	at org.springframework.security.web.ObservationFilterChainDecorator$VirtualFilterChain.doFilter(ObservationFilterChainDecorator.java:138) ~[spring-security-web-6.5.10.jar!/:6.5.10]
	at org.springframework.security.web.session.SessionManagementFilter.doFilter(SessionManagementFilter.java:131) ~[spring-security-web-6.5.10.jar!/:6.5.10]
	at org.springframework.security.web.session.SessionManagementFilter.doFilter(SessionManagementFilter.java:85) ~[spring-security-web-6.5.10.jar!/:6.5.10]
	at org.springframework.security.web.ObservationFilterChainDecorator$ObservationFilter.wrapFilter(ObservationFilterChainDecorator.java:241) ~[spring-security-web-6.5.10.jar!/:6.5.10]
	at org.springframework.security.web.ObservationFilterChainDecorator$ObservationFilter.doFilter(ObservationFilterChainDecorator.java:228) ~[spring-security-web-6.5.10.jar!/:6.5.10]
	at org.springframework.security.web.ObservationFilterChainDecorator$VirtualFilterChain.doFilter(ObservationFilterChainDecorator.java:138) ~[spring-security-web-6.5.10.jar!/:6.5.10]
	at org.springframework.security.web.authentication.AnonymousAuthenticationFilter.doFilter(AnonymousAuthenticationFilter.java:100) ~[spring-security-web-6.5.10.jar!/:6.5.10]
	at org.springframework.security.web.ObservationFilterChainDecorator$ObservationFilter.wrapFilter(ObservationFilterChainDecorator.java:241) ~[spring-security-web-6.5.10.jar!/:6.5.10]
	at org.springframework.security.web.ObservationFilterChainDecorator$ObservationFilter.doFilter(ObservationFilterChainDecorator.java:228) ~[spring-security-web-6.5.10.jar!/:6.5.10]
	at org.springframework.security.web.ObservationFilterChainDecorator$VirtualFilterChain.doFilter(ObservationFilterChainDecorator.java:138) ~[spring-security-web-6.5.10.jar!/:6.5.10]
	at org.springframework.security.web.servletapi.SecurityContextHolderAwareRequestFilter.doFilter(SecurityContextHolderAwareRequestFilter.java:179) ~[spring-security-web-6.5.10.jar!/:6.5.10]
	at org.springframework.security.web.ObservationFilterChainDecorator$ObservationFilter.wrapFilter(ObservationFilterChainDecorator.java:241) ~[spring-security-web-6.5.10.jar!/:6.5.10]
	at org.springframework.security.web.ObservationFilterChainDecorator$ObservationFilter.doFilter(ObservationFilterChainDecorator.java:228) ~[spring-security-web-6.5.10.jar!/:6.5.10]
	at org.springframework.security.web.ObservationFilterChainDecorator$VirtualFilterChain.doFilter(ObservationFilterChainDecorator.java:138) ~[spring-security-web-6.5.10.jar!/:6.5.10]
	at org.springframework.security.web.savedrequest.RequestCacheAwareFilter.doFilter(RequestCacheAwareFilter.java:63) ~[spring-security-web-6.5.10.jar!/:6.5.10]
	at org.springframework.security.web.ObservationFilterChainDecorator$ObservationFilter.wrapFilter(ObservationFilterChainDecorator.java:241) ~[spring-security-web-6.5.10.jar!/:6.5.10]
	at org.springframework.security.web.ObservationFilterChainDecorator$ObservationFilter.doFilter(ObservationFilterChainDecorator.java:228) ~[spring-security-web-6.5.10.jar!/:6.5.10]
	at org.springframework.security.web.ObservationFilterChainDecorator$VirtualFilterChain.doFilter(ObservationFilterChainDecorator.java:138) ~[spring-security-web-6.5.10.jar!/:6.5.10]
	at com.firstteam.taskbountyplatform.auth.security.JwtAuthenticationFilter.doFilterInternal(JwtAuthenticationFilter.java:64) ~[!/:0.0.1-SNAPSHOT]
	at org.springframework.web.filter.OncePerRequestFilter.doFilter(OncePerRequestFilter.java:116) ~[spring-web-6.2.18.jar!/:6.2.18]
	at org.springframework.security.web.ObservationFilterChainDecorator$ObservationFilter.wrapFilter(ObservationFilterChainDecorator.java:241) ~[spring-security-web-6.5.10.jar!/:6.5.10]
	at org.springframework.security.web.ObservationFilterChainDecorator$ObservationFilter.doFilter(ObservationFilterChainDecorator.java:228) ~[spring-security-web-6.5.10.jar!/:6.5.10]
	at org.springframework.security.web.ObservationFilterChainDecorator$VirtualFilterChain.doFilter(ObservationFilterChainDecorator.java:138) ~[spring-security-web-6.5.10.jar!/:6.5.10]
	at org.springframework.security.web.authentication.logout.LogoutFilter.doFilter(LogoutFilter.java:107) ~[spring-security-web-6.5.10.jar!/:6.5.10]
	at org.springframework.security.web.authentication.logout.LogoutFilter.doFilter(LogoutFilter.java:93) ~[spring-security-web-6.5.10.jar!/:6.5.10]
	at org.springframework.security.web.ObservationFilterChainDecorator$ObservationFilter.wrapFilter(ObservationFilterChainDecorator.java:241) ~[spring-security-web-6.5.10.jar!/:6.5.10]
	at org.springframework.security.web.ObservationFilterChainDecorator$ObservationFilter.doFilter(ObservationFilterChainDecorator.java:228) ~[spring-security-web-6.5.10.jar!/:6.5.10]
	at org.springframework.security.web.ObservationFilterChainDecorator$VirtualFilterChain.doFilter(ObservationFilterChainDecorator.java:138) ~[spring-security-web-6.5.10.jar!/:6.5.10]
	at org.springframework.web.filter.CorsFilter.doFilterInternal(CorsFilter.java:91) ~[spring-web-6.2.18.jar!/:6.2.18]
	at org.springframework.web.filter.OncePerRequestFilter.doFilter(OncePerRequestFilter.java:116) ~[spring-web-6.2.18.jar!/:6.2.18]
	at org.springframework.security.web.ObservationFilterChainDecorator$ObservationFilter.wrapFilter(ObservationFilterChainDecorator.java:241) ~[spring-security-web-6.5.10.jar!/:6.5.10]
	at org.springframework.security.web.ObservationFilterChainDecorator$ObservationFilter.doFilter(ObservationFilterChainDecorator.java:228) ~[spring-security-web-6.5.10.jar!/:6.5.10]
	at org.springframework.security.web.ObservationFilterChainDecorator$VirtualFilterChain.doFilter(ObservationFilterChainDecorator.java:138) ~[spring-security-web-6.5.10.jar!/:6.5.10]
	at org.springframework.security.web.header.HeaderWriterFilter.doHeadersAfter(HeaderWriterFilter.java:90) ~[spring-security-web-6.5.10.jar!/:6.5.10]
	at org.springframework.security.web.header.HeaderWriterFilter.doFilterInternal(HeaderWriterFilter.java:75) ~[spring-security-web-6.5.10.jar!/:6.5.10]
	at org.springframework.web.filter.OncePerRequestFilter.doFilter(OncePerRequestFilter.java:116) ~[spring-web-6.2.18.jar!/:6.2.18]
	at org.springframework.security.web.ObservationFilterChainDecorator$ObservationFilter.wrapFilter(ObservationFilterChainDecorator.java:241) ~[spring-security-web-6.5.10.jar!/:6.5.10]
	at org.springframework.security.web.ObservationFilterChainDecorator$ObservationFilter.doFilter(ObservationFilterChainDecorator.java:228) ~[spring-security-web-6.5.10.jar!/:6.5.10]
	at org.springframework.security.web.ObservationFilterChainDecorator$VirtualFilterChain.doFilter(ObservationFilterChainDecorator.java:138) ~[spring-security-web-6.5.10.jar!/:6.5.10]
	at org.springframework.security.web.context.SecurityContextHolderFilter.doFilter(SecurityContextHolderFilter.java:82) ~[spring-security-web-6.5.10.jar!/:6.5.10]
	at org.springframework.security.web.context.SecurityContextHolderFilter.doFilter(SecurityContextHolderFilter.java:69) ~[spring-security-web-6.5.10.jar!/:6.5.10]
	at org.springframework.security.web.ObservationFilterChainDecorator$ObservationFilter.wrapFilter(ObservationFilterChainDecorator.java:241) ~[spring-security-web-6.5.10.jar!/:6.5.10]
	at org.springframework.security.web.ObservationFilterChainDecorator$ObservationFilter.doFilter(ObservationFilterChainDecorator.java:228) ~[spring-security-web-6.5.10.jar!/:6.5.10]
	at org.springframework.security.web.ObservationFilterChainDecorator$VirtualFilterChain.doFilter(ObservationFilterChainDecorator.java:138) ~[spring-security-web-6.5.10.jar!/:6.5.10]
	at org.springframework.security.web.context.request.async.WebAsyncManagerIntegrationFilter.doFilterInternal(WebAsyncManagerIntegrationFilter.java:62) ~[spring-security-web-6.5.10.jar!/:6.5.10]
	at org.springframework.web.filter.OncePerRequestFilter.doFilter(OncePerRequestFilter.java:116) ~[spring-web-6.2.18.jar!/:6.2.18]
	at org.springframework.security.web.ObservationFilterChainDecorator$ObservationFilter.wrapFilter(ObservationFilterChainDecorator.java:241) ~[spring-security-web-6.5.10.jar!/:6.5.10]
	at org.springframework.security.web.ObservationFilterChainDecorator$ObservationFilter.doFilter(ObservationFilterChainDecorator.java:228) ~[spring-security-web-6.5.10.jar!/:6.5.10]
	at org.springframework.security.web.ObservationFilterChainDecorator$VirtualFilterChain.doFilter(ObservationFilterChainDecorator.java:138) ~[spring-security-web-6.5.10.jar!/:6.5.10]
	at org.springframework.security.web.session.DisableEncodeUrlFilter.doFilterInternal(DisableEncodeUrlFilter.java:42) ~[spring-security-web-6.5.10.jar!/:6.5.10]
	at org.springframework.web.filter.OncePerRequestFilter.doFilter(OncePerRequestFilter.java:116) ~[spring-web-6.2.18.jar!/:6.2.18]
	at org.springframework.security.web.ObservationFilterChainDecorator$ObservationFilter.wrapFilter(ObservationFilterChainDecorator.java:241) ~[spring-security-web-6.5.10.jar!/:6.5.10]
	at org.springframework.security.web.ObservationFilterChainDecorator$AroundFilterObservation$SimpleAroundFilterObservation.lambda$wrap$0(ObservationFilterChainDecorator.java:334) ~[spring-security-web-6.5.10.jar!/:6.5.10]
	at org.springframework.security.web.ObservationFilterChainDecorator$ObservationFilter.doFilter(ObservationFilterChainDecorator.java:225) ~[spring-security-web-6.5.10.jar!/:6.5.10]
	at org.springframework.security.web.ObservationFilterChainDecorator$VirtualFilterChain.doFilter(ObservationFilterChainDecorator.java:138) ~[spring-security-web-6.5.10.jar!/:6.5.10]
	at org.springframework.security.web.FilterChainProxy.doFilterInternal(FilterChainProxy.java:233) ~[spring-security-web-6.5.10.jar!/:6.5.10]
	at org.springframework.security.web.FilterChainProxy.doFilter(FilterChainProxy.java:191) ~[spring-security-web-6.5.10.jar!/:6.5.10]
	at org.springframework.web.filter.CompositeFilter$VirtualFilterChain.doFilter(CompositeFilter.java:113) ~[spring-web-6.2.18.jar!/:6.2.18]
	at org.springframework.web.filter.ServletRequestPathFilter.doFilter(ServletRequestPathFilter.java:52) ~[spring-web-6.2.18.jar!/:6.2.18]
	at org.springframework.web.filter.CompositeFilter$VirtualFilterChain.doFilter(CompositeFilter.java:113) ~[spring-web-6.2.18.jar!/:6.2.18]
	at org.springframework.web.filter.CompositeFilter.doFilter(CompositeFilter.java:74) ~[spring-web-6.2.18.jar!/:6.2.18]
	at org.springframework.security.config.annotation.web.configuration.WebSecurityConfiguration$CompositeFilterChainProxy.doFilter(WebSecurityConfiguration.java:319) ~[spring-security-config-6.5.10.jar!/:6.5.10]
	at org.springframework.web.filter.CompositeFilter$VirtualFilterChain.doFilter(CompositeFilter.java:113) ~[spring-web-6.2.18.jar!/:6.2.18]
	at org.springframework.web.servlet.handler.HandlerMappingIntrospector.lambda$createCacheFilter$4(HandlerMappingIntrospector.java:267) ~[spring-webmvc-6.2.18.jar!/:6.2.18]
	at org.springframework.web.filter.CompositeFilter$VirtualFilterChain.doFilter(CompositeFilter.java:113) ~[spring-web-6.2.18.jar!/:6.2.18]
	at org.springframework.web.filter.CompositeFilter.doFilter(CompositeFilter.java:74) ~[spring-web-6.2.18.jar!/:6.2.18]
	at org.springframework.security.config.annotation.web.configuration.WebMvcSecurityConfiguration$CompositeFilterChainProxy.doFilter(WebMvcSecurityConfiguration.java:240) ~[spring-security-config-6.5.10.jar!/:6.5.10]
	at org.springframework.web.filter.DelegatingFilterProxy.invokeDelegate(DelegatingFilterProxy.java:362) ~[spring-web-6.2.18.jar!/:6.2.18]
	at org.springframework.web.filter.DelegatingFilterProxy.doFilter(DelegatingFilterProxy.java:278) ~[spring-web-6.2.18.jar!/:6.2.18]
	at org.apache.catalina.core.ApplicationFilterChain.internalDoFilter(ApplicationFilterChain.java:162) ~[tomcat-embed-core-10.1.54.jar!/:na]
	at org.apache.catalina.core.ApplicationFilterChain.doFilter(ApplicationFilterChain.java:138) ~[tomcat-embed-core-10.1.54.jar!/:na]
	at org.springframework.web.filter.RequestContextFilter.doFilterInternal(RequestContextFilter.java:100) ~[spring-web-6.2.18.jar!/:6.2.18]
	at org.springframework.web.filter.OncePerRequestFilter.doFilter(OncePerRequestFilter.java:116) ~[spring-web-6.2.18.jar!/:6.2.18]
	at org.apache.catalina.core.ApplicationFilterChain.internalDoFilter(ApplicationFilterChain.java:162) ~[tomcat-embed-core-10.1.54.jar!/:na]
	at org.apache.catalina.core.ApplicationFilterChain.doFilter(ApplicationFilterChain.java:138) ~[tomcat-embed-core-10.1.54.jar!/:na]
	at org.springframework.web.filter.FormContentFilter.doFilterInternal(FormContentFilter.java:93) ~[spring-web-6.2.18.jar!/:6.2.18]
	at org.springframework.web.filter.OncePerRequestFilter.doFilter(OncePerRequestFilter.java:116) ~[spring-web-6.2.18.jar!/:6.2.18]
	at org.apache.catalina.core.ApplicationFilterChain.internalDoFilter(ApplicationFilterChain.java:162) ~[tomcat-embed-core-10.1.54.jar!/:na]
	at org.apache.catalina.core.ApplicationFilterChain.doFilter(ApplicationFilterChain.java:138) ~[tomcat-embed-core-10.1.54.jar!/:na]
	at org.springframework.web.filter.ServerHttpObservationFilter.doFilterInternal(ServerHttpObservationFilter.java:110) ~[spring-web-6.2.18.jar!/:6.2.18]
	at org.springframework.web.filter.OncePerRequestFilter.doFilter(OncePerRequestFilter.java:116) ~[spring-web-6.2.18.jar!/:6.2.18]
	at org.apache.catalina.core.ApplicationFilterChain.internalDoFilter(ApplicationFilterChain.java:162) ~[tomcat-embed-core-10.1.54.jar!/:na]
	at org.apache.catalina.core.ApplicationFilterChain.doFilter(ApplicationFilterChain.java:138) ~[tomcat-embed-core-10.1.54.jar!/:na]
	at org.springframework.web.filter.CharacterEncodingFilter.doFilterInternal(CharacterEncodingFilter.java:201) ~[spring-web-6.2.18.jar!/:6.2.18]
	at org.springframework.web.filter.OncePerRequestFilter.doFilter(OncePerRequestFilter.java:116) ~[spring-web-6.2.18.jar!/:6.2.18]
	at org.apache.catalina.core.ApplicationFilterChain.internalDoFilter(ApplicationFilterChain.java:162) ~[tomcat-embed-core-10.1.54.jar!/:na]
	at org.apache.catalina.core.ApplicationFilterChain.doFilter(ApplicationFilterChain.java:138) ~[tomcat-embed-core-10.1.54.jar!/:na]
	at org.apache.catalina.core.StandardWrapperValve.invoke(StandardWrapperValve.java:165) ~[tomcat-embed-core-10.1.54.jar!/:na]
	at org.apache.catalina.core.StandardContextValve.invoke(StandardContextValve.java:88) ~[tomcat-embed-core-10.1.54.jar!/:na]
	at org.apache.catalina.authenticator.AuthenticatorBase.invoke(AuthenticatorBase.java:492) ~[tomcat-embed-core-10.1.54.jar!/:na]
	at org.apache.catalina.core.StandardHostValve.invoke(StandardHostValve.java:113) ~[tomcat-embed-core-10.1.54.jar!/:na]
	at org.apache.catalina.valves.ErrorReportValve.invoke(ErrorReportValve.java:83) ~[tomcat-embed-core-10.1.54.jar!/:na]
	at org.apache.catalina.core.StandardEngineValve.invoke(StandardEngineValve.java:72) ~[tomcat-embed-core-10.1.54.jar!/:na]
	at org.apache.catalina.connector.CoyoteAdapter.service(CoyoteAdapter.java:342) ~[tomcat-embed-core-10.1.54.jar!/:na]
	at org.apache.coyote.http11.Http11Processor.service(Http11Processor.java:399) ~[tomcat-embed-core-10.1.54.jar!/:na]
	at org.apache.coyote.AbstractProcessorLight.process(AbstractProcessorLight.java:63) ~[tomcat-embed-core-10.1.54.jar!/:na]
	at org.apache.coyote.AbstractProtocol$ConnectionHandler.process(AbstractProtocol.java:903) ~[tomcat-embed-core-10.1.54.jar!/:na]
	at org.apache.tomcat.util.net.NioEndpoint$SocketProcessor.doRun(NioEndpoint.java:1797) ~[tomcat-embed-core-10.1.54.jar!/:na]
	at org.apache.tomcat.util.net.SocketProcessorBase.run(SocketProcessorBase.java:52) ~[tomcat-embed-core-10.1.54.jar!/:na]
	at org.apache.tomcat.util.threads.ThreadPoolExecutor.runWorker(ThreadPoolExecutor.java:973) ~[tomcat-embed-core-10.1.54.jar!/:na]
	at org.apache.tomcat.util.threads.ThreadPoolExecutor$Worker.run(ThreadPoolExecutor.java:491) ~[tomcat-embed-core-10.1.54.jar!/:na]
	at org.apache.tomcat.util.threads.TaskThread$WrappingRunnable.run(TaskThread.java:63) ~[tomcat-embed-core-10.1.54.jar!/:na]
	at java.base/java.lang.Thread.run(Thread.java:840) ~[na:na]

2026-06-11T22:29:30.794+08:00 ERROR 2709619 --- [TaskBountyPlatform] [http-nio-8080-exec-2] c.f.t.c.e.GlobalExceptionHandler         : Unexpected error

org.springframework.web.HttpRequestMethodNotSupportedException: Request method 'POST' is not supported
	at org.springframework.web.servlet.mvc.method.RequestMappingInfoHandlerMapping.handleNoMatch(RequestMappingInfoHandlerMapping.java:267) ~[spring-webmvc-6.2.18.jar!/:6.2.18]
	at org.springframework.web.servlet.handler.AbstractHandlerMethodMapping.lookupHandlerMethod(AbstractHandlerMethodMapping.java:441) ~[spring-webmvc-6.2.18.jar!/:6.2.18]
	at org.springframework.web.servlet.handler.AbstractHandlerMethodMapping.getHandlerInternal(AbstractHandlerMethodMapping.java:382) ~[spring-webmvc-6.2.18.jar!/:6.2.18]
	at org.springframework.web.servlet.mvc.method.RequestMappingInfoHandlerMapping.getHandlerInternal(RequestMappingInfoHandlerMapping.java:127) ~[spring-webmvc-6.2.18.jar!/:6.2.18]
	at org.springframework.web.servlet.mvc.method.RequestMappingInfoHandlerMapping.getHandlerInternal(RequestMappingInfoHandlerMapping.java:68) ~[spring-webmvc-6.2.18.jar!/:6.2.18]
	at org.springframework.web.servlet.handler.AbstractHandlerMapping.getHandler(AbstractHandlerMapping.java:509) ~[spring-webmvc-6.2.18.jar!/:6.2.18]
	at org.springframework.web.servlet.DispatcherServlet.getHandler(DispatcherServlet.java:1284) ~[spring-webmvc-6.2.18.jar!/:6.2.18]
	at org.springframework.web.servlet.DispatcherServlet.doDispatch(DispatcherServlet.java:1065) ~[spring-webmvc-6.2.18.jar!/:6.2.18]
	at org.springframework.web.servlet.DispatcherServlet.doService(DispatcherServlet.java:979) ~[spring-webmvc-6.2.18.jar!/:6.2.18]
	at org.springframework.web.servlet.FrameworkServlet.processRequest(FrameworkServlet.java:1014) ~[spring-webmvc-6.2.18.jar!/:6.2.18]
	at org.springframework.web.servlet.FrameworkServlet.doPost(FrameworkServlet.java:914) ~[spring-webmvc-6.2.18.jar!/:6.2.18]
	at jakarta.servlet.http.HttpServlet.service(HttpServlet.java:590) ~[tomcat-embed-core-10.1.54.jar!/:na]
	at org.springframework.web.servlet.FrameworkServlet.service(FrameworkServlet.java:885) ~[spring-webmvc-6.2.18.jar!/:6.2.18]
	at jakarta.servlet.http.HttpServlet.service(HttpServlet.java:658) ~[tomcat-embed-core-10.1.54.jar!/:na]
	at org.apache.catalina.core.ApplicationFilterChain.internalDoFilter(ApplicationFilterChain.java:193) ~[tomcat-embed-core-10.1.54.jar!/:na]
	at org.apache.catalina.core.ApplicationFilterChain.doFilter(ApplicationFilterChain.java:138) ~[tomcat-embed-core-10.1.54.jar!/:na]
	at org.apache.tomcat.websocket.server.WsFilter.doFilter(WsFilter.java:51) ~[tomcat-embed-websocket-10.1.54.jar!/:na]
	at org.apache.catalina.core.ApplicationFilterChain.internalDoFilter(ApplicationFilterChain.java:162) ~[tomcat-embed-core-10.1.54.jar!/:na]
	at org.apache.catalina.core.ApplicationFilterChain.doFilter(ApplicationFilterChain.java:138) ~[tomcat-embed-core-10.1.54.jar!/:na]
	at org.springframework.web.filter.OncePerRequestFilter.doFilter(OncePerRequestFilter.java:110) ~[spring-web-6.2.18.jar!/:6.2.18]
	at org.apache.catalina.core.ApplicationFilterChain.internalDoFilter(ApplicationFilterChain.java:162) ~[tomcat-embed-core-10.1.54.jar!/:na]
	at org.apache.catalina.core.ApplicationFilterChain.doFilter(ApplicationFilterChain.java:138) ~[tomcat-embed-core-10.1.54.jar!/:na]
	at com.firstteam.taskbountyplatform.config.XssFilter.doFilter(XssFilter.java:20) ~[!/:0.0.1-SNAPSHOT]
	at org.apache.catalina.core.ApplicationFilterChain.internalDoFilter(ApplicationFilterChain.java:162) ~[tomcat-embed-core-10.1.54.jar!/:na]
	at org.apache.catalina.core.ApplicationFilterChain.doFilter(ApplicationFilterChain.java:138) ~[tomcat-embed-core-10.1.54.jar!/:na]
	at org.springframework.web.filter.CompositeFilter$VirtualFilterChain.doFilter(CompositeFilter.java:108) ~[spring-web-6.2.18.jar!/:6.2.18]
	at org.springframework.web.filter.CompositeFilter$VirtualFilterChain.doFilter(CompositeFilter.java:108) ~[spring-web-6.2.18.jar!/:6.2.18]
	at org.springframework.security.web.FilterChainProxy.lambda$doFilterInternal$3(FilterChainProxy.java:231) ~[spring-security-web-6.5.10.jar!/:6.5.10]
	at org.springframework.security.web.ObservationFilterChainDecorator$FilterObservation$SimpleFilterObservation.lambda$wrap$1(ObservationFilterChainDecorator.java:490) ~[spring-security-web-6.5.10.jar!/:6.5.10]
	at org.springframework.security.web.ObservationFilterChainDecorator$AroundFilterObservation$SimpleAroundFilterObservation.lambda$wrap$1(ObservationFilterChainDecorator.java:351) ~[spring-security-web-6.5.10.jar!/:6.5.10]
	at org.springframework.security.web.ObservationFilterChainDecorator.lambda$wrapSecured$0(ObservationFilterChainDecorator.java:83) ~[spring-security-web-6.5.10.jar!/:6.5.10]
	at org.springframework.security.web.ObservationFilterChainDecorator$VirtualFilterChain.doFilter(ObservationFilterChainDecorator.java:129) ~[spring-security-web-6.5.10.jar!/:6.5.10]
	at org.springframework.security.web.access.intercept.AuthorizationFilter.doFilter(AuthorizationFilter.java:101) ~[spring-security-web-6.5.10.jar!/:6.5.10]
	at org.springframework.security.web.ObservationFilterChainDecorator$ObservationFilter.wrapFilter(ObservationFilterChainDecorator.java:241) ~[spring-security-web-6.5.10.jar!/:6.5.10]
	at org.springframework.security.web.ObservationFilterChainDecorator$ObservationFilter.doFilter(ObservationFilterChainDecorator.java:228) ~[spring-security-web-6.5.10.jar!/:6.5.10]
	at org.springframework.security.web.ObservationFilterChainDecorator$VirtualFilterChain.doFilter(ObservationFilterChainDecorator.java:138) ~[spring-security-web-6.5.10.jar!/:6.5.10]
	at org.springframework.security.web.access.ExceptionTranslationFilter.doFilter(ExceptionTranslationFilter.java:125) ~[spring-security-web-6.5.10.jar!/:6.5.10]
	at org.springframework.security.web.access.ExceptionTranslationFilter.doFilter(ExceptionTranslationFilter.java:119) ~[spring-security-web-6.5.10.jar!/:6.5.10]
	at org.springframework.security.web.ObservationFilterChainDecorator$ObservationFilter.wrapFilter(ObservationFilterChainDecorator.java:241) ~[spring-security-web-6.5.10.jar!/:6.5.10]
	at org.springframework.security.web.ObservationFilterChainDecorator$ObservationFilter.doFilter(ObservationFilterChainDecorator.java:228) ~[spring-security-web-6.5.10.jar!/:6.5.10]
	at org.springframework.security.web.ObservationFilterChainDecorator$VirtualFilterChain.doFilter(ObservationFilterChainDecorator.java:138) ~[spring-security-web-6.5.10.jar!/:6.5.10]
	at org.springframework.security.web.session.SessionManagementFilter.doFilter(SessionManagementFilter.java:131) ~[spring-security-web-6.5.10.jar!/:6.5.10]
	at org.springframework.security.web.session.SessionManagementFilter.doFilter(SessionManagementFilter.java:85) ~[spring-security-web-6.5.10.jar!/:6.5.10]
	at org.springframework.security.web.ObservationFilterChainDecorator$ObservationFilter.wrapFilter(ObservationFilterChainDecorator.java:241) ~[spring-security-web-6.5.10.jar!/:6.5.10]
	at org.springframework.security.web.ObservationFilterChainDecorator$ObservationFilter.doFilter(ObservationFilterChainDecorator.java:228) ~[spring-security-web-6.5.10.jar!/:6.5.10]
	at org.springframework.security.web.ObservationFilterChainDecorator$VirtualFilterChain.doFilter(ObservationFilterChainDecorator.java:138) ~[spring-security-web-6.5.10.jar!/:6.5.10]
	at org.springframework.security.web.authentication.AnonymousAuthenticationFilter.doFilter(AnonymousAuthenticationFilter.java:100) ~[spring-security-web-6.5.10.jar!/:6.5.10]
	at org.springframework.security.web.ObservationFilterChainDecorator$ObservationFilter.wrapFilter(ObservationFilterChainDecorator.java:241) ~[spring-security-web-6.5.10.jar!/:6.5.10]
	at org.springframework.security.web.ObservationFilterChainDecorator$ObservationFilter.doFilter(ObservationFilterChainDecorator.java:228) ~[spring-security-web-6.5.10.jar!/:6.5.10]
	at org.springframework.security.web.ObservationFilterChainDecorator$VirtualFilterChain.doFilter(ObservationFilterChainDecorator.java:138) ~[spring-security-web-6.5.10.jar!/:6.5.10]
	at org.springframework.security.web.servletapi.SecurityContextHolderAwareRequestFilter.doFilter(SecurityContextHolderAwareRequestFilter.java:179) ~[spring-security-web-6.5.10.jar!/:6.5.10]
	at org.springframework.security.web.ObservationFilterChainDecorator$ObservationFilter.wrapFilter(ObservationFilterChainDecorator.java:241) ~[spring-security-web-6.5.10.jar!/:6.5.10]
	at org.springframework.security.web.ObservationFilterChainDecorator$ObservationFilter.doFilter(ObservationFilterChainDecorator.java:228) ~[spring-security-web-6.5.10.jar!/:6.5.10]
	at org.springframework.security.web.ObservationFilterChainDecorator$VirtualFilterChain.doFilter(ObservationFilterChainDecorator.java:138) ~[spring-security-web-6.5.10.jar!/:6.5.10]
	at org.springframework.security.web.savedrequest.RequestCacheAwareFilter.doFilter(RequestCacheAwareFilter.java:63) ~[spring-security-web-6.5.10.jar!/:6.5.10]
	at org.springframework.security.web.ObservationFilterChainDecorator$ObservationFilter.wrapFilter(ObservationFilterChainDecorator.java:241) ~[spring-security-web-6.5.10.jar!/:6.5.10]
	at org.springframework.security.web.ObservationFilterChainDecorator$ObservationFilter.doFilter(ObservationFilterChainDecorator.java:228) ~[spring-security-web-6.5.10.jar!/:6.5.10]
	at org.springframework.security.web.ObservationFilterChainDecorator$VirtualFilterChain.doFilter(ObservationFilterChainDecorator.java:138) ~[spring-security-web-6.5.10.jar!/:6.5.10]
	at com.firstteam.taskbountyplatform.auth.security.JwtAuthenticationFilter.doFilterInternal(JwtAuthenticationFilter.java:64) ~[!/:0.0.1-SNAPSHOT]
	at org.springframework.web.filter.OncePerRequestFilter.doFilter(OncePerRequestFilter.java:116) ~[spring-web-6.2.18.jar!/:6.2.18]
	at org.springframework.security.web.ObservationFilterChainDecorator$ObservationFilter.wrapFilter(ObservationFilterChainDecorator.java:241) ~[spring-security-web-6.5.10.jar!/:6.5.10]
	at org.springframework.security.web.ObservationFilterChainDecorator$ObservationFilter.doFilter(ObservationFilterChainDecorator.java:228) ~[spring-security-web-6.5.10.jar!/:6.5.10]
	at org.springframework.security.web.ObservationFilterChainDecorator$VirtualFilterChain.doFilter(ObservationFilterChainDecorator.java:138) ~[spring-security-web-6.5.10.jar!/:6.5.10]
	at org.springframework.security.web.authentication.logout.LogoutFilter.doFilter(LogoutFilter.java:107) ~[spring-security-web-6.5.10.jar!/:6.5.10]
	at org.springframework.security.web.authentication.logout.LogoutFilter.doFilter(LogoutFilter.java:93) ~[spring-security-web-6.5.10.jar!/:6.5.10]
	at org.springframework.security.web.ObservationFilterChainDecorator$ObservationFilter.wrapFilter(ObservationFilterChainDecorator.java:241) ~[spring-security-web-6.5.10.jar!/:6.5.10]
	at org.springframework.security.web.ObservationFilterChainDecorator$ObservationFilter.doFilter(ObservationFilterChainDecorator.java:228) ~[spring-security-web-6.5.10.jar!/:6.5.10]
	at org.springframework.security.web.ObservationFilterChainDecorator$VirtualFilterChain.doFilter(ObservationFilterChainDecorator.java:138) ~[spring-security-web-6.5.10.jar!/:6.5.10]
	at org.springframework.web.filter.CorsFilter.doFilterInternal(CorsFilter.java:91) ~[spring-web-6.2.18.jar!/:6.2.18]
	at org.springframework.web.filter.OncePerRequestFilter.doFilter(OncePerRequestFilter.java:116) ~[spring-web-6.2.18.jar!/:6.2.18]
	at org.springframework.security.web.ObservationFilterChainDecorator$ObservationFilter.wrapFilter(ObservationFilterChainDecorator.java:241) ~[spring-security-web-6.5.10.jar!/:6.5.10]
	at org.springframework.security.web.ObservationFilterChainDecorator$ObservationFilter.doFilter(ObservationFilterChainDecorator.java:228) ~[spring-security-web-6.5.10.jar!/:6.5.10]
	at org.springframework.security.web.ObservationFilterChainDecorator$VirtualFilterChain.doFilter(ObservationFilterChainDecorator.java:138) ~[spring-security-web-6.5.10.jar!/:6.5.10]
	at org.springframework.security.web.header.HeaderWriterFilter.doHeadersAfter(HeaderWriterFilter.java:90) ~[spring-security-web-6.5.10.jar!/:6.5.10]
	at org.springframework.security.web.header.HeaderWriterFilter.doFilterInternal(HeaderWriterFilter.java:75) ~[spring-security-web-6.5.10.jar!/:6.5.10]
	at org.springframework.web.filter.OncePerRequestFilter.doFilter(OncePerRequestFilter.java:116) ~[spring-web-6.2.18.jar!/:6.2.18]
	at org.springframework.security.web.ObservationFilterChainDecorator$ObservationFilter.wrapFilter(ObservationFilterChainDecorator.java:241) ~[spring-security-web-6.5.10.jar!/:6.5.10]
	at org.springframework.security.web.ObservationFilterChainDecorator$ObservationFilter.doFilter(ObservationFilterChainDecorator.java:228) ~[spring-security-web-6.5.10.jar!/:6.5.10]
	at org.springframework.security.web.ObservationFilterChainDecorator$VirtualFilterChain.doFilter(ObservationFilterChainDecorator.java:138) ~[spring-security-web-6.5.10.jar!/:6.5.10]
	at org.springframework.security.web.context.SecurityContextHolderFilter.doFilter(SecurityContextHolderFilter.java:82) ~[spring-security-web-6.5.10.jar!/:6.5.10]
	at org.springframework.security.web.context.SecurityContextHolderFilter.doFilter(SecurityContextHolderFilter.java:69) ~[spring-security-web-6.5.10.jar!/:6.5.10]
	at org.springframework.security.web.ObservationFilterChainDecorator$ObservationFilter.wrapFilter(ObservationFilterChainDecorator.java:241) ~[spring-security-web-6.5.10.jar!/:6.5.10]
	at org.springframework.security.web.ObservationFilterChainDecorator$ObservationFilter.doFilter(ObservationFilterChainDecorator.java:228) ~[spring-security-web-6.5.10.jar!/:6.5.10]
	at org.springframework.security.web.ObservationFilterChainDecorator$VirtualFilterChain.doFilter(ObservationFilterChainDecorator.java:138) ~[spring-security-web-6.5.10.jar!/:6.5.10]
	at org.springframework.security.web.context.request.async.WebAsyncManagerIntegrationFilter.doFilterInternal(WebAsyncManagerIntegrationFilter.java:62) ~[spring-security-web-6.5.10.jar!/:6.5.10]
	at org.springframework.web.filter.OncePerRequestFilter.doFilter(OncePerRequestFilter.java:116) ~[spring-web-6.2.18.jar!/:6.2.18]
	at org.springframework.security.web.ObservationFilterChainDecorator$ObservationFilter.wrapFilter(ObservationFilterChainDecorator.java:241) ~[spring-security-web-6.5.10.jar!/:6.5.10]
	at org.springframework.security.web.ObservationFilterChainDecorator$ObservationFilter.doFilter(ObservationFilterChainDecorator.java:228) ~[spring-security-web-6.5.10.jar!/:6.5.10]
	at org.springframework.security.web.ObservationFilterChainDecorator$VirtualFilterChain.doFilter(ObservationFilterChainDecorator.java:138) ~[spring-security-web-6.5.10.jar!/:6.5.10]
	at org.springframework.security.web.session.DisableEncodeUrlFilter.doFilterInternal(DisableEncodeUrlFilter.java:42) ~[spring-security-web-6.5.10.jar!/:6.5.10]
	at org.springframework.web.filter.OncePerRequestFilter.doFilter(OncePerRequestFilter.java:116) ~[spring-web-6.2.18.jar!/:6.2.18]
	at org.springframework.security.web.ObservationFilterChainDecorator$ObservationFilter.wrapFilter(ObservationFilterChainDecorator.java:241) ~[spring-security-web-6.5.10.jar!/:6.5.10]
	at org.springframework.security.web.ObservationFilterChainDecorator$AroundFilterObservation$SimpleAroundFilterObservation.lambda$wrap$0(ObservationFilterChainDecorator.java:334) ~[spring-security-web-6.5.10.jar!/:6.5.10]
	at org.springframework.security.web.ObservationFilterChainDecorator$ObservationFilter.doFilter(ObservationFilterChainDecorator.java:225) ~[spring-security-web-6.5.10.jar!/:6.5.10]
	at org.springframework.security.web.ObservationFilterChainDecorator$VirtualFilterChain.doFilter(ObservationFilterChainDecorator.java:138) ~[spring-security-web-6.5.10.jar!/:6.5.10]
	at org.springframework.security.web.FilterChainProxy.doFilterInternal(FilterChainProxy.java:233) ~[spring-security-web-6.5.10.jar!/:6.5.10]
	at org.springframework.security.web.FilterChainProxy.doFilter(FilterChainProxy.java:191) ~[spring-security-web-6.5.10.jar!/:6.5.10]
	at org.springframework.web.filter.CompositeFilter$VirtualFilterChain.doFilter(CompositeFilter.java:113) ~[spring-web-6.2.18.jar!/:6.2.18]
	at org.springframework.web.filter.ServletRequestPathFilter.doFilter(ServletRequestPathFilter.java:52) ~[spring-web-6.2.18.jar!/:6.2.18]
	at org.springframework.web.filter.CompositeFilter$VirtualFilterChain.doFilter(CompositeFilter.java:113) ~[spring-web-6.2.18.jar!/:6.2.18]
	at org.springframework.web.filter.CompositeFilter.doFilter(CompositeFilter.java:74) ~[spring-web-6.2.18.jar!/:6.2.18]
	at org.springframework.security.config.annotation.web.configuration.WebSecurityConfiguration$CompositeFilterChainProxy.doFilter(WebSecurityConfiguration.java:319) ~[spring-security-config-6.5.10.jar!/:6.5.10]
	at org.springframework.web.filter.CompositeFilter$VirtualFilterChain.doFilter(CompositeFilter.java:113) ~[spring-web-6.2.18.jar!/:6.2.18]
	at org.springframework.web.servlet.handler.HandlerMappingIntrospector.lambda$createCacheFilter$4(HandlerMappingIntrospector.java:267) ~[spring-webmvc-6.2.18.jar!/:6.2.18]
	at org.springframework.web.filter.CompositeFilter$VirtualFilterChain.doFilter(CompositeFilter.java:113) ~[spring-web-6.2.18.jar!/:6.2.18]
	at org.springframework.web.filter.CompositeFilter.doFilter(CompositeFilter.java:74) ~[spring-web-6.2.18.jar!/:6.2.18]
	at org.springframework.security.config.annotation.web.configuration.WebMvcSecurityConfiguration$CompositeFilterChainProxy.doFilter(WebMvcSecurityConfiguration.java:240) ~[spring-security-config-6.5.10.jar!/:6.5.10]
	at org.springframework.web.filter.DelegatingFilterProxy.invokeDelegate(DelegatingFilterProxy.java:362) ~[spring-web-6.2.18.jar!/:6.2.18]
	at org.springframework.web.filter.DelegatingFilterProxy.doFilter(DelegatingFilterProxy.java:278) ~[spring-web-6.2.18.jar!/:6.2.18]
	at org.apache.catalina.core.ApplicationFilterChain.internalDoFilter(ApplicationFilterChain.java:162) ~[tomcat-embed-core-10.1.54.jar!/:na]
	at org.apache.catalina.core.ApplicationFilterChain.doFilter(ApplicationFilterChain.java:138) ~[tomcat-embed-core-10.1.54.jar!/:na]
	at org.springframework.web.filter.RequestContextFilter.doFilterInternal(RequestContextFilter.java:100) ~[spring-web-6.2.18.jar!/:6.2.18]
	at org.springframework.web.filter.OncePerRequestFilter.doFilter(OncePerRequestFilter.java:116) ~[spring-web-6.2.18.jar!/:6.2.18]
	at org.apache.catalina.core.ApplicationFilterChain.internalDoFilter(ApplicationFilterChain.java:162) ~[tomcat-embed-core-10.1.54.jar!/:na]
	at org.apache.catalina.core.ApplicationFilterChain.doFilter(ApplicationFilterChain.java:138) ~[tomcat-embed-core-10.1.54.jar!/:na]
	at org.springframework.web.filter.FormContentFilter.doFilterInternal(FormContentFilter.java:93) ~[spring-web-6.2.18.jar!/:6.2.18]
	at org.springframework.web.filter.OncePerRequestFilter.doFilter(OncePerRequestFilter.java:116) ~[spring-web-6.2.18.jar!/:6.2.18]
	at org.apache.catalina.core.ApplicationFilterChain.internalDoFilter(ApplicationFilterChain.java:162) ~[tomcat-embed-core-10.1.54.jar!/:na]
	at org.apache.catalina.core.ApplicationFilterChain.doFilter(ApplicationFilterChain.java:138) ~[tomcat-embed-core-10.1.54.jar!/:na]
	at org.springframework.web.filter.ServerHttpObservationFilter.doFilterInternal(ServerHttpObservationFilter.java:110) ~[spring-web-6.2.18.jar!/:6.2.18]
	at org.springframework.web.filter.OncePerRequestFilter.doFilter(OncePerRequestFilter.java:116) ~[spring-web-6.2.18.jar!/:6.2.18]
	at org.apache.catalina.core.ApplicationFilterChain.internalDoFilter(ApplicationFilterChain.java:162) ~[tomcat-embed-core-10.1.54.jar!/:na]
	at org.apache.catalina.core.ApplicationFilterChain.doFilter(ApplicationFilterChain.java:138) ~[tomcat-embed-core-10.1.54.jar!/:na]
	at org.springframework.web.filter.CharacterEncodingFilter.doFilterInternal(CharacterEncodingFilter.java:201) ~[spring-web-6.2.18.jar!/:6.2.18]
	at org.springframework.web.filter.OncePerRequestFilter.doFilter(OncePerRequestFilter.java:116) ~[spring-web-6.2.18.jar!/:6.2.18]
	at org.apache.catalina.core.ApplicationFilterChain.internalDoFilter(ApplicationFilterChain.java:162) ~[tomcat-embed-core-10.1.54.jar!/:na]
	at org.apache.catalina.core.ApplicationFilterChain.doFilter(ApplicationFilterChain.java:138) ~[tomcat-embed-core-10.1.54.jar!/:na]
	at org.apache.catalina.core.StandardWrapperValve.invoke(StandardWrapperValve.java:165) ~[tomcat-embed-core-10.1.54.jar!/:na]
	at org.apache.catalina.core.StandardContextValve.invoke(StandardContextValve.java:88) ~[tomcat-embed-core-10.1.54.jar!/:na]
	at org.apache.catalina.authenticator.AuthenticatorBase.invoke(AuthenticatorBase.java:492) ~[tomcat-embed-core-10.1.54.jar!/:na]
	at org.apache.catalina.core.StandardHostValve.invoke(StandardHostValve.java:113) ~[tomcat-embed-core-10.1.54.jar!/:na]
	at org.apache.catalina.valves.ErrorReportValve.invoke(ErrorReportValve.java:83) ~[tomcat-embed-core-10.1.54.jar!/:na]
	at org.apache.catalina.core.StandardEngineValve.invoke(StandardEngineValve.java:72) ~[tomcat-embed-core-10.1.54.jar!/:na]
	at org.apache.catalina.connector.CoyoteAdapter.service(CoyoteAdapter.java:342) ~[tomcat-embed-core-10.1.54.jar!/:na]
	at org.apache.coyote.http11.Http11Processor.service(Http11Processor.java:399) ~[tomcat-embed-core-10.1.54.jar!/:na]
	at org.apache.coyote.AbstractProcessorLight.process(AbstractProcessorLight.java:63) ~[tomcat-embed-core-10.1.54.jar!/:na]
	at org.apache.coyote.AbstractProtocol$ConnectionHandler.process(AbstractProtocol.java:903) ~[tomcat-embed-core-10.1.54.jar!/:na]
	at org.apache.tomcat.util.net.NioEndpoint$SocketProcessor.doRun(NioEndpoint.java:1797) ~[tomcat-embed-core-10.1.54.jar!/:na]
	at org.apache.tomcat.util.net.SocketProcessorBase.run(SocketProcessorBase.java:52) ~[tomcat-embed-core-10.1.54.jar!/:na]
	at org.apache.tomcat.util.threads.ThreadPoolExecutor.runWorker(ThreadPoolExecutor.java:973) ~[tomcat-embed-core-10.1.54.jar!/:na]
	at org.apache.tomcat.util.threads.ThreadPoolExecutor$Worker.run(ThreadPoolExecutor.java:491) ~[tomcat-embed-core-10.1.54.jar!/:na]
	at org.apache.tomcat.util.threads.TaskThread$WrappingRunnable.run(TaskThread.java:63) ~[tomcat-embed-core-10.1.54.jar!/:na]
	at java.base/java.lang.Thread.run(Thread.java:840) ~[na:na]

2026-06-11T22:30:00.004+08:00  INFO 2709619 --- [TaskBountyPlatform] [scheduling-1] c.f.t.scheduler.TaskTimeoutScheduler     : Starting checkUnclaimedTaskTimeout...
2026-06-11T22:30:00.041+08:00  INFO 2709619 --- [TaskBountyPlatform] [scheduling-1] c.f.t.scheduler.TaskTimeoutScheduler     : Found 0 published tasks past auto-cancel deadline
2026-06-11T22:30:00.041+08:00  INFO 2709619 --- [TaskBountyPlatform] [scheduling-1] c.f.t.scheduler.TaskTimeoutScheduler     : checkUnclaimedTaskTimeout completed. Processed 0 tasks
2026-06-11T22:30:00.044+08:00  INFO 2709619 --- [TaskBountyPlatform] [scheduling-1] c.f.t.scheduler.ReviewTimeoutScheduler   : Starting createDefaultReviews...
2026-06-11T22:30:00.050+08:00  INFO 2709619 --- [TaskBountyPlatform] [scheduling-1] c.f.t.scheduler.ReviewTimeoutScheduler   : Found 0 COMPLETED tasks older than 24 hours
2026-06-11T22:30:00.050+08:00  INFO 2709619 --- [TaskBountyPlatform] [scheduling-1] c.f.t.scheduler.ReviewTimeoutScheduler   : createDefaultReviews completed. Created 0 default reviews
2026-06-11T22:30:00.051+08:00  INFO 2709619 --- [TaskBountyPlatform] [scheduling-1] c.f.t.scheduler.TaskTimeoutScheduler     : Starting checkPendingConfirmationTimeout...
2026-06-11T22:30:00.055+08:00  INFO 2709619 --- [TaskBountyPlatform] [scheduling-1] c.f.t.scheduler.TaskTimeoutScheduler     : Found 0 PENDING_CONFIRMATION tasks
2026-06-11T22:30:00.055+08:00  INFO 2709619 --- [TaskBountyPlatform] [scheduling-1] c.f.t.scheduler.TaskTimeoutScheduler     : checkPendingConfirmationTimeout completed. Processed 0 tasks
2026-06-11T22:30:00.055+08:00  INFO 2709619 --- [TaskBountyPlatform] [scheduling-1] c.f.t.scheduler.TaskTimeoutScheduler     : Starting checkDeliveryTimeout...
2026-06-11T22:30:00.058+08:00  INFO 2709619 --- [TaskBountyPlatform] [scheduling-1] c.f.t.scheduler.TaskTimeoutScheduler     : Found 1 overdue IN_PROGRESS tasks
2026-06-11T22:30:00.063+08:00 DEBUG 2709619 --- [TaskBountyPlatform] [scheduling-1] c.f.t.n.service.NotificationService      : Notification created: id=236, receiverId=1, type=TASK_UPDATE
2026-06-11T22:30:00.072+08:00 DEBUG 2709619 --- [TaskBountyPlatform] [scheduling-1] c.f.t.n.service.NotificationService      : Notification created: id=237, receiverId=13, type=TASK_UPDATE
2026-06-11T22:30:00.074+08:00  INFO 2709619 --- [TaskBountyPlatform] [scheduling-1] c.f.t.scheduler.TaskTimeoutScheduler     : checkDeliveryTimeout completed. Processed 1 tasks
2026-06-11T22:30:00.076+08:00  INFO 2709619 --- [TaskBountyPlatform] [scheduling-1] c.f.t.s.ReviewAuditTimeoutScheduler      : Starting checkReviewAuditTimeout...
2026-06-11T22:30:00.081+08:00 DEBUG 2709619 --- [TaskBountyPlatform] [scheduling-1] c.f.t.s.ReviewAuditTimeoutScheduler      : No expired review audits found
2026-06-11T22:30:42.396+08:00 DEBUG 2709619 --- [TaskBountyPlatform] [http-nio-8080-exec-1] c.f.t.c.e.GlobalExceptionHandler         : SPA fallback: /avatars/default.png -> /index.html
2026-06-11T22:32:58.932+08:00  WARN 2709619 --- [TaskBountyPlatform] [SpringApplicationShutdownHook] o.s.c.support.DefaultLifecycleProcessor  : Failed to stop bean 'webServerGracefulShutdown'

java.lang.NoClassDefFoundError: org/springframework/boot/web/server/GracefulShutdownCallback
	at org.springframework.boot.web.context.WebServerGracefulShutdownLifecycle.stop(WebServerGracefulShutdownLifecycle.java:62) ~[spring-boot-3.5.14.jar!/:3.5.14]
	at org.springframework.context.support.DefaultLifecycleProcessor.doStop(DefaultLifecycleProcessor.java:463) ~[spring-context-6.2.18.jar!/:6.2.18]
	at org.springframework.context.support.DefaultLifecycleProcessor$LifecycleGroup.stop(DefaultLifecycleProcessor.java:618) ~[spring-context-6.2.18.jar!/:6.2.18]
	at java.base/java.lang.Iterable.forEach(Iterable.java:75) ~[na:na]
	at org.springframework.context.support.DefaultLifecycleProcessor.stopBeans(DefaultLifecycleProcessor.java:432) ~[spring-context-6.2.18.jar!/:6.2.18]
	at org.springframework.context.support.DefaultLifecycleProcessor.onClose(DefaultLifecycleProcessor.java:323) ~[spring-context-6.2.18.jar!/:6.2.18]
	at org.springframework.context.support.AbstractApplicationContext.doClose(AbstractApplicationContext.java:1196) ~[spring-context-6.2.18.jar!/:6.2.18]
	at org.springframework.boot.web.servlet.context.ServletWebServerApplicationContext.doClose(ServletWebServerApplicationContext.java:179) ~[spring-boot-3.5.14.jar!/:3.5.14]
	at org.springframework.context.support.AbstractApplicationContext.close(AbstractApplicationContext.java:1150) ~[spring-context-6.2.18.jar!/:6.2.18]
	at org.springframework.boot.SpringApplicationShutdownHook.closeAndWait(SpringApplicationShutdownHook.java:147) ~[spring-boot-3.5.14.jar!/:3.5.14]
	at java.base/java.lang.Iterable.forEach(Iterable.java:75) ~[na:na]
	at org.springframework.boot.SpringApplicationShutdownHook.run(SpringApplicationShutdownHook.java:116) ~[spring-boot-3.5.14.jar!/:3.5.14]
	at java.base/java.lang.Thread.run(Thread.java:840) ~[na:na]
Caused by: java.lang.ClassNotFoundException: org.springframework.boot.web.server.GracefulShutdownCallback
	at java.base/java.net.URLClassLoader.findClass(URLClassLoader.java:445) ~[na:na]
	at java.base/java.lang.ClassLoader.loadClass(ClassLoader.java:592) ~[na:na]
	at org.springframework.boot.loader.net.protocol.jar.JarUrlClassLoader.loadClass(JarUrlClassLoader.java:107) ~[TaskBountyPlatform-0.0.1-SNAPSHOT.jar:0.0.1-SNAPSHOT]
	at org.springframework.boot.loader.launch.LaunchedClassLoader.loadClass(LaunchedClassLoader.java:91) ~[TaskBountyPlatform-0.0.1-SNAPSHOT.jar:0.0.1-SNAPSHOT]
	at java.base/java.lang.ClassLoader.loadClass(ClassLoader.java:525) ~[na:na]
	... 13 common frames omitted

2026-06-11T22:32:58.937+08:00  WARN 2709619 --- [TaskBountyPlatform] [SpringApplicationShutdownHook] o.s.c.support.DefaultLifecycleProcessor  : Failed to stop bean 'webServerStartStop'

java.lang.NoClassDefFoundError: org/apache/catalina/Lifecycle$SingleUse
	at org.apache.catalina.util.LifecycleBase.stop(LifecycleBase.java:247) ~[tomcat-embed-core-10.1.54.jar!/:na]
	at org.apache.catalina.core.StandardService.removeConnector(StandardService.java:297) ~[tomcat-embed-core-10.1.54.jar!/:na]
	at org.springframework.boot.web.embedded.tomcat.TomcatWebServer.lambda$removeServiceConnectors$1(TomcatWebServer.java:173) ~[spring-boot-3.5.14.jar!/:3.5.14]
	at org.springframework.boot.web.embedded.tomcat.TomcatWebServer.doWithConnectors(TomcatWebServer.java:192) ~[spring-boot-3.5.14.jar!/:3.5.14]
	at org.springframework.boot.web.embedded.tomcat.TomcatWebServer.removeServiceConnectors(TomcatWebServer.java:170) ~[spring-boot-3.5.14.jar!/:3.5.14]
	at org.springframework.boot.web.embedded.tomcat.TomcatWebServer.stop(TomcatWebServer.java:358) ~[spring-boot-3.5.14.jar!/:3.5.14]
	at org.springframework.boot.web.servlet.context.WebServerStartStopLifecycle.stop(WebServerStartStopLifecycle.java:53) ~[spring-boot-3.5.14.jar!/:3.5.14]
	at org.springframework.context.SmartLifecycle.stop(SmartLifecycle.java:120) ~[spring-context-6.2.18.jar!/:6.2.18]
	at org.springframework.context.support.DefaultLifecycleProcessor.doStop(DefaultLifecycleProcessor.java:463) ~[spring-context-6.2.18.jar!/:6.2.18]
	at org.springframework.context.support.DefaultLifecycleProcessor$LifecycleGroup.stop(DefaultLifecycleProcessor.java:618) ~[spring-context-6.2.18.jar!/:6.2.18]
	at java.base/java.lang.Iterable.forEach(Iterable.java:75) ~[na:na]
	at org.springframework.context.support.DefaultLifecycleProcessor.stopBeans(DefaultLifecycleProcessor.java:432) ~[spring-context-6.2.18.jar!/:6.2.18]
	at org.springframework.context.support.DefaultLifecycleProcessor.onClose(DefaultLifecycleProcessor.java:323) ~[spring-context-6.2.18.jar!/:6.2.18]
	at org.springframework.context.support.AbstractApplicationContext.doClose(AbstractApplicationContext.java:1196) ~[spring-context-6.2.18.jar!/:6.2.18]
	at org.springframework.boot.web.servlet.context.ServletWebServerApplicationContext.doClose(ServletWebServerApplicationContext.java:179) ~[spring-boot-3.5.14.jar!/:3.5.14]
	at org.springframework.context.support.AbstractApplicationContext.close(AbstractApplicationContext.java:1150) ~[spring-context-6.2.18.jar!/:6.2.18]
	at org.springframework.boot.SpringApplicationShutdownHook.closeAndWait(SpringApplicationShutdownHook.java:147) ~[spring-boot-3.5.14.jar!/:3.5.14]
	at java.base/java.lang.Iterable.forEach(Iterable.java:75) ~[na:na]
	at org.springframework.boot.SpringApplicationShutdownHook.run(SpringApplicationShutdownHook.java:116) ~[spring-boot-3.5.14.jar!/:3.5.14]
	at java.base/java.lang.Thread.run(Thread.java:840) ~[na:na]
Caused by: java.lang.ClassNotFoundException: org.apache.catalina.Lifecycle$SingleUse
	at java.base/java.net.URLClassLoader.findClass(URLClassLoader.java:445) ~[na:na]
	at java.base/java.lang.ClassLoader.loadClass(ClassLoader.java:592) ~[na:na]
	at org.springframework.boot.loader.net.protocol.jar.JarUrlClassLoader.loadClass(JarUrlClassLoader.java:107) ~[TaskBountyPlatform-0.0.1-SNAPSHOT.jar:0.0.1-SNAPSHOT]
	at org.springframework.boot.loader.launch.LaunchedClassLoader.loadClass(LaunchedClassLoader.java:91) ~[TaskBountyPlatform-0.0.1-SNAPSHOT.jar:0.0.1-SNAPSHOT]
	at java.base/java.lang.ClassLoader.loadClass(ClassLoader.java:525) ~[na:na]
	... 20 common frames omitted

2026-06-11T22:32:58.946+08:00  INFO 2709619 --- [TaskBountyPlatform] [SpringApplicationShutdownHook] j.LocalContainerEntityManagerFactoryBean : Closing JPA EntityManagerFactory for persistence unit 'default'
2026-06-11T22:32:58.948+08:00  WARN 2709619 --- [TaskBountyPlatform] [SpringApplicationShutdownHook] o.s.b.f.support.DisposableBeanAdapter    : Invocation of destroy method failed on bean with name 'entityManagerFactory': java.lang.NoClassDefFoundError: org/springframework/util/ConcurrentReferenceHashMap$Values
2026-06-11T22:32:58.948+08:00  INFO 2709619 --- [TaskBountyPlatform] [SpringApplicationShutdownHook] com.zaxxer.hikari.HikariDataSource       : HikariPool-1 - Shutdown initiated...
2026-06-11T22:32:58.957+08:00  INFO 2709619 --- [TaskBountyPlatform] [SpringApplicationShutdownHook] com.zaxxer.hikari.HikariDataSource       : HikariPool-1 - Shutdown completed.
2026-06-11T22:33:02.906+08:00  INFO 2713224 --- [TaskBountyPlatform] [main] c.f.t.TaskBountyPlatformApplication      : Starting TaskBountyPlatformApplication v0.0.1-SNAPSHOT using Java 17.0.15 with PID 2713224 (/home/gr/cxy/code/Micro-task-Bounty-Platform/backend/target/TaskBountyPlatform-0.0.1-SNAPSHOT.jar started by gr in /home/gr/cxy/code/Micro-task-Bounty-Platform/backend)
2026-06-11T22:33:02.907+08:00 DEBUG 2713224 --- [TaskBountyPlatform] [main] c.f.t.TaskBountyPlatformApplication      : Running with Spring Boot v3.5.14, Spring v6.2.18
2026-06-11T22:33:02.908+08:00  INFO 2713224 --- [TaskBountyPlatform] [main] c.f.t.TaskBountyPlatformApplication      : No active profile set, falling back to 1 default profile: "default"
2026-06-11T22:33:04.115+08:00  INFO 2713224 --- [TaskBountyPlatform] [main] .s.d.r.c.RepositoryConfigurationDelegate : Bootstrapping Spring Data JPA repositories in DEFAULT mode.
2026-06-11T22:33:04.213+08:00  INFO 2713224 --- [TaskBountyPlatform] [main] .s.d.r.c.RepositoryConfigurationDelegate : Finished Spring Data repository scanning in 88 ms. Found 18 JPA repository interfaces.
2026-06-11T22:33:04.865+08:00  INFO 2713224 --- [TaskBountyPlatform] [main] o.s.b.w.embedded.tomcat.TomcatWebServer  : Tomcat initialized with port 8080 (http)
2026-06-11T22:33:04.877+08:00  INFO 2713224 --- [TaskBountyPlatform] [main] o.apache.catalina.core.StandardService   : Starting service [Tomcat]
2026-06-11T22:33:04.877+08:00  INFO 2713224 --- [TaskBountyPlatform] [main] o.apache.catalina.core.StandardEngine    : Starting Servlet engine: [Apache Tomcat/10.1.54]
2026-06-11T22:33:04.906+08:00  INFO 2713224 --- [TaskBountyPlatform] [main] o.a.c.c.C.[Tomcat].[localhost].[/]       : Initializing Spring embedded WebApplicationContext
2026-06-11T22:33:04.906+08:00  INFO 2713224 --- [TaskBountyPlatform] [main] w.s.c.ServletWebServerApplicationContext : Root WebApplicationContext: initialization completed in 1961 ms
2026-06-11T22:33:05.242+08:00  INFO 2713224 --- [TaskBountyPlatform] [main] o.hibernate.jpa.internal.util.LogHelper  : HHH000204: Processing PersistenceUnitInfo [name: default]
2026-06-11T22:33:05.298+08:00  INFO 2713224 --- [TaskBountyPlatform] [main] org.hibernate.Version                    : HHH000412: Hibernate ORM core version 6.6.49.Final
2026-06-11T22:33:05.333+08:00  INFO 2713224 --- [TaskBountyPlatform] [main] o.h.c.internal.RegionFactoryInitiator    : HHH000026: Second-level cache disabled
2026-06-11T22:33:05.575+08:00  INFO 2713224 --- [TaskBountyPlatform] [main] o.s.o.j.p.SpringPersistenceUnitInfo      : No LoadTimeWeaver setup: ignoring JPA class transformer
2026-06-11T22:33:05.597+08:00  INFO 2713224 --- [TaskBountyPlatform] [main] com.zaxxer.hikari.HikariDataSource       : HikariPool-1 - Starting...
2026-06-11T22:33:05.857+08:00  INFO 2713224 --- [TaskBountyPlatform] [main] com.zaxxer.hikari.pool.HikariPool        : HikariPool-1 - Added connection com.mysql.cj.jdbc.ConnectionImpl@4da9da6c
2026-06-11T22:33:05.859+08:00  INFO 2713224 --- [TaskBountyPlatform] [main] com.zaxxer.hikari.HikariDataSource       : HikariPool-1 - Start completed.
2026-06-11T22:33:05.915+08:00  WARN 2713224 --- [TaskBountyPlatform] [main] org.hibernate.orm.deprecation            : HHH90000025: MySQLDialect does not need to be specified explicitly using 'hibernate.dialect' (remove the property setting and it will be selected by default)
2026-06-11T22:33:05.933+08:00  INFO 2713224 --- [TaskBountyPlatform] [main] org.hibernate.orm.connections.pooling    : HHH10001005: Database info:
	Database JDBC URL [Connecting through datasource 'HikariDataSource (HikariPool-1)']
	Database driver: undefined/unknown
	Database version: 8.0.42
	Autocommit mode: undefined/unknown
	Isolation level: undefined/unknown
	Minimum pool size: undefined/unknown
	Maximum pool size: undefined/unknown
2026-06-11T22:33:06.982+08:00  INFO 2713224 --- [TaskBountyPlatform] [main] o.h.e.t.j.p.i.JtaPlatformInitiator       : HHH000489: No JTA platform available (set 'hibernate.transaction.jta.platform' to enable JTA platform integration)
2026-06-11T22:33:07.167+08:00  WARN 2713224 --- [TaskBountyPlatform] [main] o.h.t.s.i.ExceptionHandlerLoggedImpl     : GenerationTarget encountered exception accepting command : Error executing DDL "
    alter table system_configs 
       modify column config_value varchar(500) not null" via JDBC [Data truncation: Data too long for column 'config_value' at row 1]

org.hibernate.tool.schema.spi.CommandAcceptanceException: Error executing DDL "
    alter table system_configs 
       modify column config_value varchar(500) not null" via JDBC [Data truncation: Data too long for column 'config_value' at row 1]
	at org.hibernate.tool.schema.internal.exec.GenerationTargetToDatabase.accept(GenerationTargetToDatabase.java:94) ~[hibernate-core-6.6.49.Final.jar!/:6.6.49.Final]
	at org.hibernate.tool.schema.internal.AbstractSchemaMigrator.applySqlString(AbstractSchemaMigrator.java:576) ~[hibernate-core-6.6.49.Final.jar!/:6.6.49.Final]
	at org.hibernate.tool.schema.internal.AbstractSchemaMigrator.applySqlStrings(AbstractSchemaMigrator.java:516) ~[hibernate-core-6.6.49.Final.jar!/:6.6.49.Final]
	at org.hibernate.tool.schema.internal.AbstractSchemaMigrator.migrateTable(AbstractSchemaMigrator.java:334) ~[hibernate-core-6.6.49.Final.jar!/:6.6.49.Final]
	at org.hibernate.tool.schema.internal.GroupedSchemaMigratorImpl.performTablesMigration(GroupedSchemaMigratorImpl.java:84) ~[hibernate-core-6.6.49.Final.jar!/:6.6.49.Final]
	at org.hibernate.tool.schema.internal.AbstractSchemaMigrator.performMigration(AbstractSchemaMigrator.java:233) ~[hibernate-core-6.6.49.Final.jar!/:6.6.49.Final]
	at org.hibernate.tool.schema.internal.AbstractSchemaMigrator.doMigration(AbstractSchemaMigrator.java:112) ~[hibernate-core-6.6.49.Final.jar!/:6.6.49.Final]
	at org.hibernate.tool.schema.spi.SchemaManagementToolCoordinator.performDatabaseAction(SchemaManagementToolCoordinator.java:280) ~[hibernate-core-6.6.49.Final.jar!/:6.6.49.Final]
	at org.hibernate.tool.schema.spi.SchemaManagementToolCoordinator.lambda$process$5(SchemaManagementToolCoordinator.java:144) ~[hibernate-core-6.6.49.Final.jar!/:6.6.49.Final]
	at java.base/java.util.HashMap.forEach(HashMap.java:1421) ~[na:na]
	at org.hibernate.tool.schema.spi.SchemaManagementToolCoordinator.process(SchemaManagementToolCoordinator.java:141) ~[hibernate-core-6.6.49.Final.jar!/:6.6.49.Final]
	at org.hibernate.boot.internal.SessionFactoryObserverForSchemaExport.sessionFactoryCreated(SessionFactoryObserverForSchemaExport.java:37) ~[hibernate-core-6.6.49.Final.jar!/:6.6.49.Final]
	at org.hibernate.internal.SessionFactoryObserverChain.sessionFactoryCreated(SessionFactoryObserverChain.java:35) ~[hibernate-core-6.6.49.Final.jar!/:6.6.49.Final]
	at org.hibernate.internal.SessionFactoryImpl.<init>(SessionFactoryImpl.java:324) ~[hibernate-core-6.6.49.Final.jar!/:6.6.49.Final]
	at org.hibernate.boot.internal.SessionFactoryBuilderImpl.build(SessionFactoryBuilderImpl.java:463) ~[hibernate-core-6.6.49.Final.jar!/:6.6.49.Final]
	at org.hibernate.jpa.boot.internal.EntityManagerFactoryBuilderImpl.build(EntityManagerFactoryBuilderImpl.java:1517) ~[hibernate-core-6.6.49.Final.jar!/:6.6.49.Final]
	at org.springframework.orm.jpa.vendor.SpringHibernateJpaPersistenceProvider.createContainerEntityManagerFactory(SpringHibernateJpaPersistenceProvider.java:66) ~[spring-orm-6.2.18.jar!/:6.2.18]
	at org.springframework.orm.jpa.LocalContainerEntityManagerFactoryBean.createNativeEntityManagerFactory(LocalContainerEntityManagerFactoryBean.java:388) ~[spring-orm-6.2.18.jar!/:6.2.18]
	at org.springframework.orm.jpa.AbstractEntityManagerFactoryBean.buildNativeEntityManagerFactory(AbstractEntityManagerFactoryBean.java:419) ~[spring-orm-6.2.18.jar!/:6.2.18]
	at org.springframework.orm.jpa.AbstractEntityManagerFactoryBean.afterPropertiesSet(AbstractEntityManagerFactoryBean.java:400) ~[spring-orm-6.2.18.jar!/:6.2.18]
	at org.springframework.orm.jpa.LocalContainerEntityManagerFactoryBean.afterPropertiesSet(LocalContainerEntityManagerFactoryBean.java:364) ~[spring-orm-6.2.18.jar!/:6.2.18]
	at org.springframework.beans.factory.support.AbstractAutowireCapableBeanFactory.invokeInitMethods(AbstractAutowireCapableBeanFactory.java:1873) ~[spring-beans-6.2.18.jar!/:6.2.18]
	at org.springframework.beans.factory.support.AbstractAutowireCapableBeanFactory.initializeBean(AbstractAutowireCapableBeanFactory.java:1822) ~[spring-beans-6.2.18.jar!/:6.2.18]
	at org.springframework.beans.factory.support.AbstractAutowireCapableBeanFactory.doCreateBean(AbstractAutowireCapableBeanFactory.java:607) ~[spring-beans-6.2.18.jar!/:6.2.18]
	at org.springframework.beans.factory.support.AbstractAutowireCapableBeanFactory.createBean(AbstractAutowireCapableBeanFactory.java:529) ~[spring-beans-6.2.18.jar!/:6.2.18]
	at org.springframework.beans.factory.support.AbstractBeanFactory.lambda$doGetBean$0(AbstractBeanFactory.java:339) ~[spring-beans-6.2.18.jar!/:6.2.18]
	at org.springframework.beans.factory.support.DefaultSingletonBeanRegistry.getSingleton(DefaultSingletonBeanRegistry.java:373) ~[spring-beans-6.2.18.jar!/:6.2.18]
	at org.springframework.beans.factory.support.AbstractBeanFactory.doGetBean(AbstractBeanFactory.java:337) ~[spring-beans-6.2.18.jar!/:6.2.18]
	at org.springframework.beans.factory.support.AbstractBeanFactory.getBean(AbstractBeanFactory.java:202) ~[spring-beans-6.2.18.jar!/:6.2.18]
	at org.springframework.beans.factory.support.BeanDefinitionValueResolver.resolveReference(BeanDefinitionValueResolver.java:365) ~[spring-beans-6.2.18.jar!/:6.2.18]
	at org.springframework.beans.factory.support.BeanDefinitionValueResolver.resolveValueIfNecessary(BeanDefinitionValueResolver.java:135) ~[spring-beans-6.2.18.jar!/:6.2.18]
	at org.springframework.beans.factory.support.ConstructorResolver.resolveConstructorArguments(ConstructorResolver.java:691) ~[spring-beans-6.2.18.jar!/:6.2.18]
	at org.springframework.beans.factory.support.ConstructorResolver.instantiateUsingFactoryMethod(ConstructorResolver.java:513) ~[spring-beans-6.2.18.jar!/:6.2.18]
	at org.springframework.beans.factory.support.AbstractAutowireCapableBeanFactory.instantiateUsingFactoryMethod(AbstractAutowireCapableBeanFactory.java:1375) ~[spring-beans-6.2.18.jar!/:6.2.18]
	at org.springframework.beans.factory.support.AbstractAutowireCapableBeanFactory.createBeanInstance(AbstractAutowireCapableBeanFactory.java:1205) ~[spring-beans-6.2.18.jar!/:6.2.18]
	at org.springframework.beans.factory.support.AbstractAutowireCapableBeanFactory.doCreateBean(AbstractAutowireCapableBeanFactory.java:569) ~[spring-beans-6.2.18.jar!/:6.2.18]
	at org.springframework.beans.factory.support.AbstractAutowireCapableBeanFactory.createBean(AbstractAutowireCapableBeanFactory.java:529) ~[spring-beans-6.2.18.jar!/:6.2.18]
	at org.springframework.beans.factory.support.AbstractBeanFactory.lambda$doGetBean$0(AbstractBeanFactory.java:339) ~[spring-beans-6.2.18.jar!/:6.2.18]
	at org.springframework.beans.factory.support.DefaultSingletonBeanRegistry.getSingleton(DefaultSingletonBeanRegistry.java:373) ~[spring-beans-6.2.18.jar!/:6.2.18]
	at org.springframework.beans.factory.support.AbstractBeanFactory.doGetBean(AbstractBeanFactory.java:337) ~[spring-beans-6.2.18.jar!/:6.2.18]
	at org.springframework.beans.factory.support.AbstractBeanFactory.getBean(AbstractBeanFactory.java:202) ~[spring-beans-6.2.18.jar!/:6.2.18]
	at org.springframework.beans.factory.support.BeanDefinitionValueResolver.resolveReference(BeanDefinitionValueResolver.java:365) ~[spring-beans-6.2.18.jar!/:6.2.18]
	at org.springframework.beans.factory.support.BeanDefinitionValueResolver.resolveValueIfNecessary(BeanDefinitionValueResolver.java:135) ~[spring-beans-6.2.18.jar!/:6.2.18]
	at org.springframework.beans.factory.support.AbstractAutowireCapableBeanFactory.applyPropertyValues(AbstractAutowireCapableBeanFactory.java:1725) ~[spring-beans-6.2.18.jar!/:6.2.18]
	at org.springframework.beans.factory.support.AbstractAutowireCapableBeanFactory.populateBean(AbstractAutowireCapableBeanFactory.java:1474) ~[spring-beans-6.2.18.jar!/:6.2.18]
	at org.springframework.beans.factory.support.AbstractAutowireCapableBeanFactory.doCreateBean(AbstractAutowireCapableBeanFactory.java:606) ~[spring-beans-6.2.18.jar!/:6.2.18]
	at org.springframework.beans.factory.support.AbstractAutowireCapableBeanFactory.createBean(AbstractAutowireCapableBeanFactory.java:529) ~[spring-beans-6.2.18.jar!/:6.2.18]
	at org.springframework.beans.factory.support.AbstractBeanFactory.lambda$doGetBean$0(AbstractBeanFactory.java:339) ~[spring-beans-6.2.18.jar!/:6.2.18]
	at org.springframework.beans.factory.support.DefaultSingletonBeanRegistry.getSingleton(DefaultSingletonBeanRegistry.java:373) ~[spring-beans-6.2.18.jar!/:6.2.18]
	at org.springframework.beans.factory.support.AbstractBeanFactory.doGetBean(AbstractBeanFactory.java:337) ~[spring-beans-6.2.18.jar!/:6.2.18]
	at org.springframework.beans.factory.support.AbstractBeanFactory.getBean(AbstractBeanFactory.java:202) ~[spring-beans-6.2.18.jar!/:6.2.18]
	at org.springframework.beans.factory.support.DefaultListableBeanFactory.doResolveDependency(DefaultListableBeanFactory.java:1708) ~[spring-beans-6.2.18.jar!/:6.2.18]
	at org.springframework.beans.factory.support.DefaultListableBeanFactory.resolveDependency(DefaultListableBeanFactory.java:1653) ~[spring-beans-6.2.18.jar!/:6.2.18]
	at org.springframework.beans.factory.support.ConstructorResolver.resolveAutowiredArgument(ConstructorResolver.java:913) ~[spring-beans-6.2.18.jar!/:6.2.18]
	at org.springframework.beans.factory.support.ConstructorResolver.createArgumentArray(ConstructorResolver.java:791) ~[spring-beans-6.2.18.jar!/:6.2.18]
	at org.springframework.beans.factory.support.ConstructorResolver.autowireConstructor(ConstructorResolver.java:240) ~[spring-beans-6.2.18.jar!/:6.2.18]
	at org.springframework.beans.factory.support.AbstractAutowireCapableBeanFactory.autowireConstructor(AbstractAutowireCapableBeanFactory.java:1395) ~[spring-beans-6.2.18.jar!/:6.2.18]
	at org.springframework.beans.factory.support.AbstractAutowireCapableBeanFactory.createBeanInstance(AbstractAutowireCapableBeanFactory.java:1232) ~[spring-beans-6.2.18.jar!/:6.2.18]
	at org.springframework.beans.factory.support.AbstractAutowireCapableBeanFactory.doCreateBean(AbstractAutowireCapableBeanFactory.java:569) ~[spring-beans-6.2.18.jar!/:6.2.18]
	at org.springframework.beans.factory.support.AbstractAutowireCapableBeanFactory.createBean(AbstractAutowireCapableBeanFactory.java:529) ~[spring-beans-6.2.18.jar!/:6.2.18]
	at org.springframework.beans.factory.support.AbstractBeanFactory.lambda$doGetBean$0(AbstractBeanFactory.java:339) ~[spring-beans-6.2.18.jar!/:6.2.18]
	at org.springframework.beans.factory.support.DefaultSingletonBeanRegistry.getSingleton(DefaultSingletonBeanRegistry.java:373) ~[spring-beans-6.2.18.jar!/:6.2.18]
	at org.springframework.beans.factory.support.AbstractBeanFactory.doGetBean(AbstractBeanFactory.java:337) ~[spring-beans-6.2.18.jar!/:6.2.18]
	at org.springframework.beans.factory.support.AbstractBeanFactory.getBean(AbstractBeanFactory.java:207) ~[spring-beans-6.2.18.jar!/:6.2.18]
	at org.springframework.boot.web.servlet.ServletContextInitializerBeans.getOrderedBeansOfType(ServletContextInitializerBeans.java:230) ~[spring-boot-3.5.14.jar!/:3.5.14]
	at org.springframework.boot.web.servlet.ServletContextInitializerBeans.addAsRegistrationBean(ServletContextInitializerBeans.java:184) ~[spring-boot-3.5.14.jar!/:3.5.14]
	at org.springframework.boot.web.servlet.ServletContextInitializerBeans.addAsRegistrationBean(ServletContextInitializerBeans.java:179) ~[spring-boot-3.5.14.jar!/:3.5.14]
	at org.springframework.boot.web.servlet.ServletContextInitializerBeans.addAdaptableBeans(ServletContextInitializerBeans.java:164) ~[spring-boot-3.5.14.jar!/:3.5.14]
	at org.springframework.boot.web.servlet.ServletContextInitializerBeans.<init>(ServletContextInitializerBeans.java:96) ~[spring-boot-3.5.14.jar!/:3.5.14]
	at org.springframework.boot.web.servlet.context.ServletWebServerApplicationContext.getServletContextInitializerBeans(ServletWebServerApplicationContext.java:271) ~[spring-boot-3.5.14.jar!/:3.5.14]
	at org.springframework.boot.web.servlet.context.ServletWebServerApplicationContext.selfInitialize(ServletWebServerApplicationContext.java:245) ~[spring-boot-3.5.14.jar!/:3.5.14]
	at org.springframework.boot.web.embedded.tomcat.TomcatStarter.onStartup(TomcatStarter.java:52) ~[spring-boot-3.5.14.jar!/:3.5.14]
	at org.apache.catalina.core.StandardContext.startInternal(StandardContext.java:4452) ~[tomcat-embed-core-10.1.54.jar!/:na]
	at org.apache.catalina.util.LifecycleBase.start(LifecycleBase.java:164) ~[tomcat-embed-core-10.1.54.jar!/:na]
	at org.apache.catalina.core.ContainerBase$StartChild.call(ContainerBase.java:1201) ~[tomcat-embed-core-10.1.54.jar!/:na]
	at org.apache.catalina.core.ContainerBase$StartChild.call(ContainerBase.java:1191) ~[tomcat-embed-core-10.1.54.jar!/:na]
	at java.base/java.util.concurrent.FutureTask.run(FutureTask.java:264) ~[na:na]
	at org.apache.tomcat.util.threads.InlineExecutorService.execute(InlineExecutorService.java:81) ~[tomcat-embed-core-10.1.54.jar!/:na]
	at java.base/java.util.concurrent.AbstractExecutorService.submit(AbstractExecutorService.java:145) ~[na:na]
	at org.apache.catalina.core.ContainerBase.startInternal(ContainerBase.java:747) ~[tomcat-embed-core-10.1.54.jar!/:na]
	at org.apache.catalina.core.StandardHost.startInternal(StandardHost.java:783) ~[tomcat-embed-core-10.1.54.jar!/:na]
	at org.apache.catalina.util.LifecycleBase.start(LifecycleBase.java:164) ~[tomcat-embed-core-10.1.54.jar!/:na]
	at org.apache.catalina.core.ContainerBase$StartChild.call(ContainerBase.java:1201) ~[tomcat-embed-core-10.1.54.jar!/:na]
	at org.apache.catalina.core.ContainerBase$StartChild.call(ContainerBase.java:1191) ~[tomcat-embed-core-10.1.54.jar!/:na]
	at java.base/java.util.concurrent.FutureTask.run(FutureTask.java:264) ~[na:na]
	at org.apache.tomcat.util.threads.InlineExecutorService.execute(InlineExecutorService.java:81) ~[tomcat-embed-core-10.1.54.jar!/:na]
	at java.base/java.util.concurrent.AbstractExecutorService.submit(AbstractExecutorService.java:145) ~[na:na]
	at org.apache.catalina.core.ContainerBase.startInternal(ContainerBase.java:747) ~[tomcat-embed-core-10.1.54.jar!/:na]
	at org.apache.catalina.core.StandardEngine.startInternal(StandardEngine.java:201) ~[tomcat-embed-core-10.1.54.jar!/:na]
	at org.apache.catalina.util.LifecycleBase.start(LifecycleBase.java:164) ~[tomcat-embed-core-10.1.54.jar!/:na]
	at org.apache.catalina.core.StandardService.startInternal(StandardService.java:410) ~[tomcat-embed-core-10.1.54.jar!/:na]
	at org.apache.catalina.util.LifecycleBase.start(LifecycleBase.java:164) ~[tomcat-embed-core-10.1.54.jar!/:na]
	at org.apache.catalina.core.StandardServer.startInternal(StandardServer.java:868) ~[tomcat-embed-core-10.1.54.jar!/:na]
	at org.apache.catalina.util.LifecycleBase.start(LifecycleBase.java:164) ~[tomcat-embed-core-10.1.54.jar!/:na]
	at org.apache.catalina.startup.Tomcat.start(Tomcat.java:436) ~[tomcat-embed-core-10.1.54.jar!/:na]
	at org.springframework.boot.web.embedded.tomcat.TomcatWebServer.initialize(TomcatWebServer.java:128) ~[spring-boot-3.5.14.jar!/:3.5.14]
	at org.springframework.boot.web.embedded.tomcat.TomcatWebServer.<init>(TomcatWebServer.java:107) ~[spring-boot-3.5.14.jar!/:3.5.14]
	at org.springframework.boot.web.embedded.tomcat.TomcatServletWebServerFactory.getTomcatWebServer(TomcatServletWebServerFactory.java:517) ~[spring-boot-3.5.14.jar!/:3.5.14]
	at org.springframework.boot.web.embedded.tomcat.TomcatServletWebServerFactory.getWebServer(TomcatServletWebServerFactory.java:219) ~[spring-boot-3.5.14.jar!/:3.5.14]
	at org.springframework.boot.web.servlet.context.ServletWebServerApplicationContext.createWebServer(ServletWebServerApplicationContext.java:193) ~[spring-boot-3.5.14.jar!/:3.5.14]
	at org.springframework.boot.web.servlet.context.ServletWebServerApplicationContext.onRefresh(ServletWebServerApplicationContext.java:167) ~[spring-boot-3.5.14.jar!/:3.5.14]
	at org.springframework.context.support.AbstractApplicationContext.refresh(AbstractApplicationContext.java:622) ~[spring-context-6.2.18.jar!/:6.2.18]
	at org.springframework.boot.web.servlet.context.ServletWebServerApplicationContext.refresh(ServletWebServerApplicationContext.java:146) ~[spring-boot-3.5.14.jar!/:3.5.14]
	at org.springframework.boot.SpringApplication.refresh(SpringApplication.java:752) ~[spring-boot-3.5.14.jar!/:3.5.14]
	at org.springframework.boot.SpringApplication.refreshContext(SpringApplication.java:439) ~[spring-boot-3.5.14.jar!/:3.5.14]
	at org.springframework.boot.SpringApplication.run(SpringApplication.java:318) ~[spring-boot-3.5.14.jar!/:3.5.14]
	at org.springframework.boot.SpringApplication.run(SpringApplication.java:1361) ~[spring-boot-3.5.14.jar!/:3.5.14]
	at org.springframework.boot.SpringApplication.run(SpringApplication.java:1350) ~[spring-boot-3.5.14.jar!/:3.5.14]
	at com.firstteam.taskbountyplatform.TaskBountyPlatformApplication.main(TaskBountyPlatformApplication.java:14) ~[!/:0.0.1-SNAPSHOT]
	at java.base/jdk.internal.reflect.NativeMethodAccessorImpl.invoke0(Native Method) ~[na:na]
	at java.base/jdk.internal.reflect.NativeMethodAccessorImpl.invoke(NativeMethodAccessorImpl.java:77) ~[na:na]
	at java.base/jdk.internal.reflect.DelegatingMethodAccessorImpl.invoke(DelegatingMethodAccessorImpl.java:43) ~[na:na]
	at java.base/java.lang.reflect.Method.invoke(Method.java:569) ~[na:na]
	at org.springframework.boot.loader.launch.Launcher.launch(Launcher.java:106) ~[TaskBountyPlatform-0.0.1-SNAPSHOT.jar:0.0.1-SNAPSHOT]
	at org.springframework.boot.loader.launch.Launcher.launch(Launcher.java:64) ~[TaskBountyPlatform-0.0.1-SNAPSHOT.jar:0.0.1-SNAPSHOT]
	at org.springframework.boot.loader.launch.JarLauncher.main(JarLauncher.java:40) ~[TaskBountyPlatform-0.0.1-SNAPSHOT.jar:0.0.1-SNAPSHOT]
Caused by: com.mysql.cj.jdbc.exceptions.MysqlDataTruncation: Data truncation: Data too long for column 'config_value' at row 1
	at com.mysql.cj.jdbc.exceptions.SQLExceptionsMapping.translateException(SQLExceptionsMapping.java:96) ~[mysql-connector-j-9.7.0.jar!/:9.7.0]
	at com.mysql.cj.jdbc.StatementImpl.executeInternal(StatementImpl.java:839) ~[mysql-connector-j-9.7.0.jar!/:9.7.0]
	at com.mysql.cj.jdbc.StatementImpl.execute(StatementImpl.java:687) ~[mysql-connector-j-9.7.0.jar!/:9.7.0]
	at com.zaxxer.hikari.pool.ProxyStatement.execute(ProxyStatement.java:95) ~[HikariCP-6.3.3.jar!/:na]
	at com.zaxxer.hikari.pool.HikariProxyStatement.execute(HikariProxyStatement.java) ~[HikariCP-6.3.3.jar!/:na]
	at org.hibernate.tool.schema.internal.exec.GenerationTargetToDatabase.accept(GenerationTargetToDatabase.java:80) ~[hibernate-core-6.6.49.Final.jar!/:6.6.49.Final]
	... 115 common frames omitted

2026-06-11T22:33:07.218+08:00  INFO 2713224 --- [TaskBountyPlatform] [main] j.LocalContainerEntityManagerFactoryBean : Initialized JPA EntityManagerFactory for persistence unit 'default'
2026-06-11T22:33:07.457+08:00  INFO 2713224 --- [TaskBountyPlatform] [main] o.s.d.j.r.query.QueryEnhancerFactory     : Hibernate is in classpath; If applicable, HQL parser will be used.
2026-06-11T22:33:07.920+08:00 DEBUG 2713224 --- [TaskBountyPlatform] [main] c.f.t.a.s.JwtAuthenticationFilter        : Filter 'jwtAuthenticationFilter' configured for use
2026-06-11T22:33:08.706+08:00  WARN 2713224 --- [TaskBountyPlatform] [main] JpaBaseConfiguration$JpaWebConfiguration : spring.jpa.open-in-view is enabled by default. Therefore, database queries may be performed during view rendering. Explicitly configure spring.jpa.open-in-view to disable this warning
2026-06-11T22:33:08.735+08:00  INFO 2713224 --- [TaskBountyPlatform] [main] o.s.b.a.w.s.WelcomePageHandlerMapping    : Adding welcome page: class path resource [static/index.html]
2026-06-11T22:33:09.059+08:00  INFO 2713224 --- [TaskBountyPlatform] [main] o.s.b.a.e.web.EndpointLinksResolver      : Exposing 4 endpoints beneath base path '/actuator'
2026-06-11T22:33:09.098+08:00  WARN 2713224 --- [TaskBountyPlatform] [main] .s.s.UserDetailsServiceAutoConfiguration : 

Using generated security password: 52a6d6db-9801-4307-9731-5933b386dadb

This generated password is for development use only. Your security configuration must be updated before running your application in production.

2026-06-11T22:33:09.107+08:00  INFO 2713224 --- [TaskBountyPlatform] [main] r$InitializeUserDetailsManagerConfigurer : Global AuthenticationManager configured with UserDetailsService bean with name inMemoryUserDetailsManager
2026-06-11T22:33:09.552+08:00  INFO 2713224 --- [TaskBountyPlatform] [main] o.s.b.w.embedded.tomcat.TomcatWebServer  : Tomcat started on port 8080 (http) with context path '/'
2026-06-11T22:33:09.573+08:00  INFO 2713224 --- [TaskBountyPlatform] [main] c.f.t.TaskBountyPlatformApplication      : Started TaskBountyPlatformApplication in 7.191 seconds (process running for 7.638)
2026-06-11T22:33:23.703+08:00  INFO 2713224 --- [TaskBountyPlatform] [http-nio-8080-exec-1] o.a.c.c.C.[Tomcat].[localhost].[/]       : Initializing Spring DispatcherServlet 'dispatcherServlet'
2026-06-11T22:33:23.704+08:00  INFO 2713224 --- [TaskBountyPlatform] [http-nio-8080-exec-1] o.s.web.servlet.DispatcherServlet        : Initializing Servlet 'dispatcherServlet'
2026-06-11T22:33:23.705+08:00  INFO 2713224 --- [TaskBountyPlatform] [http-nio-8080-exec-1] o.s.web.servlet.DispatcherServlet        : Completed initialization in 1 ms
2026-06-11T22:33:24.395+08:00 DEBUG 2713224 --- [TaskBountyPlatform] [http-nio-8080-exec-2] c.f.t.c.e.GlobalExceptionHandler         : SPA fallback: /task-hall -> /index.html
2026-06-11T22:33:29.262+08:00 DEBUG 2713224 --- [TaskBountyPlatform] [http-nio-8080-exec-5] c.f.t.c.e.GlobalExceptionHandler         : SPA fallback: /admin/reviews -> /index.html
2026-06-11T22:33:48.412+08:00 DEBUG 2713224 --- [TaskBountyPlatform] [http-nio-8080-exec-3] c.f.t.c.e.GlobalExceptionHandler         : SPA fallback: /avatars/default.png -> /index.html
2026-06-11T22:33:56.569+08:00 ERROR 2713224 --- [TaskBountyPlatform] [http-nio-8080-exec-8] c.f.t.c.e.GlobalExceptionHandler         : Unexpected error

java.lang.RuntimeException: 头像尺寸必须为 225x225，当前尺寸：1024x1024
	at com.firstteam.taskbountyplatform.user.service.UserService.requestAvatarChange(UserService.java:203) ~[!/:0.0.1-SNAPSHOT]
	at java.base/jdk.internal.reflect.NativeMethodAccessorImpl.invoke0(Native Method) ~[na:na]
	at java.base/jdk.internal.reflect.NativeMethodAccessorImpl.invoke(NativeMethodAccessorImpl.java:77) ~[na:na]
	at java.base/jdk.internal.reflect.DelegatingMethodAccessorImpl.invoke(DelegatingMethodAccessorImpl.java:43) ~[na:na]
	at java.base/java.lang.reflect.Method.invoke(Method.java:569) ~[na:na]
	at org.springframework.aop.support.AopUtils.invokeJoinpointUsingReflection(AopUtils.java:360) ~[spring-aop-6.2.18.jar!/:6.2.18]
	at org.springframework.aop.framework.ReflectiveMethodInvocation.invokeJoinpoint(ReflectiveMethodInvocation.java:196) ~[spring-aop-6.2.18.jar!/:6.2.18]
	at org.springframework.aop.framework.ReflectiveMethodInvocation.proceed(ReflectiveMethodInvocation.java:163) ~[spring-aop-6.2.18.jar!/:6.2.18]
	at org.springframework.transaction.interceptor.TransactionAspectSupport.invokeWithinTransaction(TransactionAspectSupport.java:380) ~[spring-tx-6.2.18.jar!/:6.2.18]
	at org.springframework.transaction.interceptor.TransactionInterceptor.invoke(TransactionInterceptor.java:119) ~[spring-tx-6.2.18.jar!/:6.2.18]
	at org.springframework.aop.framework.ReflectiveMethodInvocation.proceed(ReflectiveMethodInvocation.java:184) ~[spring-aop-6.2.18.jar!/:6.2.18]
	at org.springframework.aop.framework.CglibAopProxy$DynamicAdvisedInterceptor.intercept(CglibAopProxy.java:728) ~[spring-aop-6.2.18.jar!/:6.2.18]
	at com.firstteam.taskbountyplatform.user.service.UserService$$SpringCGLIB$$0.requestAvatarChange(<generated>) ~[!/:0.0.1-SNAPSHOT]
	at com.firstteam.taskbountyplatform.user.controller.UserController.updateAvatar(UserController.java:78) ~[!/:0.0.1-SNAPSHOT]
	at java.base/jdk.internal.reflect.NativeMethodAccessorImpl.invoke0(Native Method) ~[na:na]
	at java.base/jdk.internal.reflect.NativeMethodAccessorImpl.invoke(NativeMethodAccessorImpl.java:77) ~[na:na]
	at java.base/jdk.internal.reflect.DelegatingMethodAccessorImpl.invoke(DelegatingMethodAccessorImpl.java:43) ~[na:na]
	at java.base/java.lang.reflect.Method.invoke(Method.java:569) ~[na:na]
	at org.springframework.web.method.support.InvocableHandlerMethod.doInvoke(InvocableHandlerMethod.java:258) ~[spring-web-6.2.18.jar!/:6.2.18]
	at org.springframework.web.method.support.InvocableHandlerMethod.invokeForRequest(InvocableHandlerMethod.java:191) ~[spring-web-6.2.18.jar!/:6.2.18]
	at org.springframework.web.servlet.mvc.method.annotation.ServletInvocableHandlerMethod.invokeAndHandle(ServletInvocableHandlerMethod.java:118) ~[spring-webmvc-6.2.18.jar!/:6.2.18]
	at org.springframework.web.servlet.mvc.method.annotation.RequestMappingHandlerAdapter.invokeHandlerMethod(RequestMappingHandlerAdapter.java:991) ~[spring-webmvc-6.2.18.jar!/:6.2.18]
	at org.springframework.web.servlet.mvc.method.annotation.RequestMappingHandlerAdapter.handleInternal(RequestMappingHandlerAdapter.java:896) ~[spring-webmvc-6.2.18.jar!/:6.2.18]
	at org.springframework.web.servlet.mvc.method.AbstractHandlerMethodAdapter.handle(AbstractHandlerMethodAdapter.java:87) ~[spring-webmvc-6.2.18.jar!/:6.2.18]
	at org.springframework.web.servlet.DispatcherServlet.doDispatch(DispatcherServlet.java:1089) ~[spring-webmvc-6.2.18.jar!/:6.2.18]
	at org.springframework.web.servlet.DispatcherServlet.doService(DispatcherServlet.java:979) ~[spring-webmvc-6.2.18.jar!/:6.2.18]
	at org.springframework.web.servlet.FrameworkServlet.processRequest(FrameworkServlet.java:1014) ~[spring-webmvc-6.2.18.jar!/:6.2.18]
	at org.springframework.web.servlet.FrameworkServlet.doPut(FrameworkServlet.java:925) ~[spring-webmvc-6.2.18.jar!/:6.2.18]
	at jakarta.servlet.http.HttpServlet.service(HttpServlet.java:593) ~[tomcat-embed-core-10.1.54.jar!/:na]
	at org.springframework.web.servlet.FrameworkServlet.service(FrameworkServlet.java:885) ~[spring-webmvc-6.2.18.jar!/:6.2.18]
	at jakarta.servlet.http.HttpServlet.service(HttpServlet.java:658) ~[tomcat-embed-core-10.1.54.jar!/:na]
	at org.apache.catalina.core.ApplicationFilterChain.internalDoFilter(ApplicationFilterChain.java:193) ~[tomcat-embed-core-10.1.54.jar!/:na]
	at org.apache.catalina.core.ApplicationFilterChain.doFilter(ApplicationFilterChain.java:138) ~[tomcat-embed-core-10.1.54.jar!/:na]
	at org.apache.tomcat.websocket.server.WsFilter.doFilter(WsFilter.java:51) ~[tomcat-embed-websocket-10.1.54.jar!/:na]
	at org.apache.catalina.core.ApplicationFilterChain.internalDoFilter(ApplicationFilterChain.java:162) ~[tomcat-embed-core-10.1.54.jar!/:na]
	at org.apache.catalina.core.ApplicationFilterChain.doFilter(ApplicationFilterChain.java:138) ~[tomcat-embed-core-10.1.54.jar!/:na]
	at org.springframework.web.filter.OncePerRequestFilter.doFilter(OncePerRequestFilter.java:110) ~[spring-web-6.2.18.jar!/:6.2.18]
	at org.apache.catalina.core.ApplicationFilterChain.internalDoFilter(ApplicationFilterChain.java:162) ~[tomcat-embed-core-10.1.54.jar!/:na]
	at org.apache.catalina.core.ApplicationFilterChain.doFilter(ApplicationFilterChain.java:138) ~[tomcat-embed-core-10.1.54.jar!/:na]
	at com.firstteam.taskbountyplatform.config.XssFilter.doFilter(XssFilter.java:20) ~[!/:0.0.1-SNAPSHOT]
	at org.apache.catalina.core.ApplicationFilterChain.internalDoFilter(ApplicationFilterChain.java:162) ~[tomcat-embed-core-10.1.54.jar!/:na]
	at org.apache.catalina.core.ApplicationFilterChain.doFilter(ApplicationFilterChain.java:138) ~[tomcat-embed-core-10.1.54.jar!/:na]
	at org.springframework.web.filter.CompositeFilter$VirtualFilterChain.doFilter(CompositeFilter.java:108) ~[spring-web-6.2.18.jar!/:6.2.18]
	at org.springframework.web.filter.CompositeFilter$VirtualFilterChain.doFilter(CompositeFilter.java:108) ~[spring-web-6.2.18.jar!/:6.2.18]
	at org.springframework.security.web.FilterChainProxy.lambda$doFilterInternal$3(FilterChainProxy.java:231) ~[spring-security-web-6.5.10.jar!/:6.5.10]
	at org.springframework.security.web.ObservationFilterChainDecorator$FilterObservation$SimpleFilterObservation.lambda$wrap$1(ObservationFilterChainDecorator.java:490) ~[spring-security-web-6.5.10.jar!/:6.5.10]
	at org.springframework.security.web.ObservationFilterChainDecorator$AroundFilterObservation$SimpleAroundFilterObservation.lambda$wrap$1(ObservationFilterChainDecorator.java:351) ~[spring-security-web-6.5.10.jar!/:6.5.10]
	at org.springframework.security.web.ObservationFilterChainDecorator.lambda$wrapSecured$0(ObservationFilterChainDecorator.java:83) ~[spring-security-web-6.5.10.jar!/:6.5.10]
	at org.springframework.security.web.ObservationFilterChainDecorator$VirtualFilterChain.doFilter(ObservationFilterChainDecorator.java:129) ~[spring-security-web-6.5.10.jar!/:6.5.10]
	at org.springframework.security.web.access.intercept.AuthorizationFilter.doFilter(AuthorizationFilter.java:101) ~[spring-security-web-6.5.10.jar!/:6.5.10]
	at org.springframework.security.web.ObservationFilterChainDecorator$ObservationFilter.wrapFilter(ObservationFilterChainDecorator.java:241) ~[spring-security-web-6.5.10.jar!/:6.5.10]
	at org.springframework.security.web.ObservationFilterChainDecorator$ObservationFilter.doFilter(ObservationFilterChainDecorator.java:228) ~[spring-security-web-6.5.10.jar!/:6.5.10]
	at org.springframework.security.web.ObservationFilterChainDecorator$VirtualFilterChain.doFilter(ObservationFilterChainDecorator.java:138) ~[spring-security-web-6.5.10.jar!/:6.5.10]
	at org.springframework.security.web.access.ExceptionTranslationFilter.doFilter(ExceptionTranslationFilter.java:125) ~[spring-security-web-6.5.10.jar!/:6.5.10]
	at org.springframework.security.web.access.ExceptionTranslationFilter.doFilter(ExceptionTranslationFilter.java:119) ~[spring-security-web-6.5.10.jar!/:6.5.10]
	at org.springframework.security.web.ObservationFilterChainDecorator$ObservationFilter.wrapFilter(ObservationFilterChainDecorator.java:241) ~[spring-security-web-6.5.10.jar!/:6.5.10]
	at org.springframework.security.web.ObservationFilterChainDecorator$ObservationFilter.doFilter(ObservationFilterChainDecorator.java:228) ~[spring-security-web-6.5.10.jar!/:6.5.10]
	at org.springframework.security.web.ObservationFilterChainDecorator$VirtualFilterChain.doFilter(ObservationFilterChainDecorator.java:138) ~[spring-security-web-6.5.10.jar!/:6.5.10]
	at org.springframework.security.web.session.SessionManagementFilter.doFilter(SessionManagementFilter.java:131) ~[spring-security-web-6.5.10.jar!/:6.5.10]
	at org.springframework.security.web.session.SessionManagementFilter.doFilter(SessionManagementFilter.java:85) ~[spring-security-web-6.5.10.jar!/:6.5.10]
	at org.springframework.security.web.ObservationFilterChainDecorator$ObservationFilter.wrapFilter(ObservationFilterChainDecorator.java:241) ~[spring-security-web-6.5.10.jar!/:6.5.10]
	at org.springframework.security.web.ObservationFilterChainDecorator$ObservationFilter.doFilter(ObservationFilterChainDecorator.java:228) ~[spring-security-web-6.5.10.jar!/:6.5.10]
	at org.springframework.security.web.ObservationFilterChainDecorator$VirtualFilterChain.doFilter(ObservationFilterChainDecorator.java:138) ~[spring-security-web-6.5.10.jar!/:6.5.10]
	at org.springframework.security.web.authentication.AnonymousAuthenticationFilter.doFilter(AnonymousAuthenticationFilter.java:100) ~[spring-security-web-6.5.10.jar!/:6.5.10]
	at org.springframework.security.web.ObservationFilterChainDecorator$ObservationFilter.wrapFilter(ObservationFilterChainDecorator.java:241) ~[spring-security-web-6.5.10.jar!/:6.5.10]
	at org.springframework.security.web.ObservationFilterChainDecorator$ObservationFilter.doFilter(ObservationFilterChainDecorator.java:228) ~[spring-security-web-6.5.10.jar!/:6.5.10]
	at org.springframework.security.web.ObservationFilterChainDecorator$VirtualFilterChain.doFilter(ObservationFilterChainDecorator.java:138) ~[spring-security-web-6.5.10.jar!/:6.5.10]
	at org.springframework.security.web.servletapi.SecurityContextHolderAwareRequestFilter.doFilter(SecurityContextHolderAwareRequestFilter.java:179) ~[spring-security-web-6.5.10.jar!/:6.5.10]
	at org.springframework.security.web.ObservationFilterChainDecorator$ObservationFilter.wrapFilter(ObservationFilterChainDecorator.java:241) ~[spring-security-web-6.5.10.jar!/:6.5.10]
	at org.springframework.security.web.ObservationFilterChainDecorator$ObservationFilter.doFilter(ObservationFilterChainDecorator.java:228) ~[spring-security-web-6.5.10.jar!/:6.5.10]
	at org.springframework.security.web.ObservationFilterChainDecorator$VirtualFilterChain.doFilter(ObservationFilterChainDecorator.java:138) ~[spring-security-web-6.5.10.jar!/:6.5.10]
	at org.springframework.security.web.savedrequest.RequestCacheAwareFilter.doFilter(RequestCacheAwareFilter.java:63) ~[spring-security-web-6.5.10.jar!/:6.5.10]
	at org.springframework.security.web.ObservationFilterChainDecorator$ObservationFilter.wrapFilter(ObservationFilterChainDecorator.java:241) ~[spring-security-web-6.5.10.jar!/:6.5.10]
	at org.springframework.security.web.ObservationFilterChainDecorator$ObservationFilter.doFilter(ObservationFilterChainDecorator.java:228) ~[spring-security-web-6.5.10.jar!/:6.5.10]
	at org.springframework.security.web.ObservationFilterChainDecorator$VirtualFilterChain.doFilter(ObservationFilterChainDecorator.java:138) ~[spring-security-web-6.5.10.jar!/:6.5.10]
	at com.firstteam.taskbountyplatform.auth.security.JwtAuthenticationFilter.doFilterInternal(JwtAuthenticationFilter.java:64) ~[!/:0.0.1-SNAPSHOT]
	at org.springframework.web.filter.OncePerRequestFilter.doFilter(OncePerRequestFilter.java:116) ~[spring-web-6.2.18.jar!/:6.2.18]
	at org.springframework.security.web.ObservationFilterChainDecorator$ObservationFilter.wrapFilter(ObservationFilterChainDecorator.java:241) ~[spring-security-web-6.5.10.jar!/:6.5.10]
	at org.springframework.security.web.ObservationFilterChainDecorator$ObservationFilter.doFilter(ObservationFilterChainDecorator.java:228) ~[spring-security-web-6.5.10.jar!/:6.5.10]
	at org.springframework.security.web.ObservationFilterChainDecorator$VirtualFilterChain.doFilter(ObservationFilterChainDecorator.java:138) ~[spring-security-web-6.5.10.jar!/:6.5.10]
	at org.springframework.security.web.authentication.logout.LogoutFilter.doFilter(LogoutFilter.java:107) ~[spring-security-web-6.5.10.jar!/:6.5.10]
	at org.springframework.security.web.authentication.logout.LogoutFilter.doFilter(LogoutFilter.java:93) ~[spring-security-web-6.5.10.jar!/:6.5.10]
	at org.springframework.security.web.ObservationFilterChainDecorator$ObservationFilter.wrapFilter(ObservationFilterChainDecorator.java:241) ~[spring-security-web-6.5.10.jar!/:6.5.10]
	at org.springframework.security.web.ObservationFilterChainDecorator$ObservationFilter.doFilter(ObservationFilterChainDecorator.java:228) ~[spring-security-web-6.5.10.jar!/:6.5.10]
	at org.springframework.security.web.ObservationFilterChainDecorator$VirtualFilterChain.doFilter(ObservationFilterChainDecorator.java:138) ~[spring-security-web-6.5.10.jar!/:6.5.10]
	at org.springframework.web.filter.CorsFilter.doFilterInternal(CorsFilter.java:91) ~[spring-web-6.2.18.jar!/:6.2.18]
	at org.springframework.web.filter.OncePerRequestFilter.doFilter(OncePerRequestFilter.java:116) ~[spring-web-6.2.18.jar!/:6.2.18]
	at org.springframework.security.web.ObservationFilterChainDecorator$ObservationFilter.wrapFilter(ObservationFilterChainDecorator.java:241) ~[spring-security-web-6.5.10.jar!/:6.5.10]
	at org.springframework.security.web.ObservationFilterChainDecorator$ObservationFilter.doFilter(ObservationFilterChainDecorator.java:228) ~[spring-security-web-6.5.10.jar!/:6.5.10]
	at org.springframework.security.web.ObservationFilterChainDecorator$VirtualFilterChain.doFilter(ObservationFilterChainDecorator.java:138) ~[spring-security-web-6.5.10.jar!/:6.5.10]
	at org.springframework.security.web.header.HeaderWriterFilter.doHeadersAfter(HeaderWriterFilter.java:90) ~[spring-security-web-6.5.10.jar!/:6.5.10]
	at org.springframework.security.web.header.HeaderWriterFilter.doFilterInternal(HeaderWriterFilter.java:75) ~[spring-security-web-6.5.10.jar!/:6.5.10]
	at org.springframework.web.filter.OncePerRequestFilter.doFilter(OncePerRequestFilter.java:116) ~[spring-web-6.2.18.jar!/:6.2.18]
	at org.springframework.security.web.ObservationFilterChainDecorator$ObservationFilter.wrapFilter(ObservationFilterChainDecorator.java:241) ~[spring-security-web-6.5.10.jar!/:6.5.10]
	at org.springframework.security.web.ObservationFilterChainDecorator$ObservationFilter.doFilter(ObservationFilterChainDecorator.java:228) ~[spring-security-web-6.5.10.jar!/:6.5.10]
	at org.springframework.security.web.ObservationFilterChainDecorator$VirtualFilterChain.doFilter(ObservationFilterChainDecorator.java:138) ~[spring-security-web-6.5.10.jar!/:6.5.10]
	at org.springframework.security.web.context.SecurityContextHolderFilter.doFilter(SecurityContextHolderFilter.java:82) ~[spring-security-web-6.5.10.jar!/:6.5.10]
	at org.springframework.security.web.context.SecurityContextHolderFilter.doFilter(SecurityContextHolderFilter.java:69) ~[spring-security-web-6.5.10.jar!/:6.5.10]
	at org.springframework.security.web.ObservationFilterChainDecorator$ObservationFilter.wrapFilter(ObservationFilterChainDecorator.java:241) ~[spring-security-web-6.5.10.jar!/:6.5.10]
	at org.springframework.security.web.ObservationFilterChainDecorator$ObservationFilter.doFilter(ObservationFilterChainDecorator.java:228) ~[spring-security-web-6.5.10.jar!/:6.5.10]
	at org.springframework.security.web.ObservationFilterChainDecorator$VirtualFilterChain.doFilter(ObservationFilterChainDecorator.java:138) ~[spring-security-web-6.5.10.jar!/:6.5.10]
	at org.springframework.security.web.context.request.async.WebAsyncManagerIntegrationFilter.doFilterInternal(WebAsyncManagerIntegrationFilter.java:62) ~[spring-security-web-6.5.10.jar!/:6.5.10]
	at org.springframework.web.filter.OncePerRequestFilter.doFilter(OncePerRequestFilter.java:116) ~[spring-web-6.2.18.jar!/:6.2.18]
	at org.springframework.security.web.ObservationFilterChainDecorator$ObservationFilter.wrapFilter(ObservationFilterChainDecorator.java:241) ~[spring-security-web-6.5.10.jar!/:6.5.10]
	at org.springframework.security.web.ObservationFilterChainDecorator$ObservationFilter.doFilter(ObservationFilterChainDecorator.java:228) ~[spring-security-web-6.5.10.jar!/:6.5.10]
	at org.springframework.security.web.ObservationFilterChainDecorator$VirtualFilterChain.doFilter(ObservationFilterChainDecorator.java:138) ~[spring-security-web-6.5.10.jar!/:6.5.10]
	at org.springframework.security.web.session.DisableEncodeUrlFilter.doFilterInternal(DisableEncodeUrlFilter.java:42) ~[spring-security-web-6.5.10.jar!/:6.5.10]
	at org.springframework.web.filter.OncePerRequestFilter.doFilter(OncePerRequestFilter.java:116) ~[spring-web-6.2.18.jar!/:6.2.18]
	at org.springframework.security.web.ObservationFilterChainDecorator$ObservationFilter.wrapFilter(ObservationFilterChainDecorator.java:241) ~[spring-security-web-6.5.10.jar!/:6.5.10]
	at org.springframework.security.web.ObservationFilterChainDecorator$AroundFilterObservation$SimpleAroundFilterObservation.lambda$wrap$0(ObservationFilterChainDecorator.java:334) ~[spring-security-web-6.5.10.jar!/:6.5.10]
	at org.springframework.security.web.ObservationFilterChainDecorator$ObservationFilter.doFilter(ObservationFilterChainDecorator.java:225) ~[spring-security-web-6.5.10.jar!/:6.5.10]
	at org.springframework.security.web.ObservationFilterChainDecorator$VirtualFilterChain.doFilter(ObservationFilterChainDecorator.java:138) ~[spring-security-web-6.5.10.jar!/:6.5.10]
	at org.springframework.security.web.FilterChainProxy.doFilterInternal(FilterChainProxy.java:233) ~[spring-security-web-6.5.10.jar!/:6.5.10]
	at org.springframework.security.web.FilterChainProxy.doFilter(FilterChainProxy.java:191) ~[spring-security-web-6.5.10.jar!/:6.5.10]
	at org.springframework.web.filter.CompositeFilter$VirtualFilterChain.doFilter(CompositeFilter.java:113) ~[spring-web-6.2.18.jar!/:6.2.18]
	at org.springframework.web.filter.ServletRequestPathFilter.doFilter(ServletRequestPathFilter.java:52) ~[spring-web-6.2.18.jar!/:6.2.18]
	at org.springframework.web.filter.CompositeFilter$VirtualFilterChain.doFilter(CompositeFilter.java:113) ~[spring-web-6.2.18.jar!/:6.2.18]
	at org.springframework.web.filter.CompositeFilter.doFilter(CompositeFilter.java:74) ~[spring-web-6.2.18.jar!/:6.2.18]
	at org.springframework.security.config.annotation.web.configuration.WebSecurityConfiguration$CompositeFilterChainProxy.doFilter(WebSecurityConfiguration.java:319) ~[spring-security-config-6.5.10.jar!/:6.5.10]
	at org.springframework.web.filter.CompositeFilter$VirtualFilterChain.doFilter(CompositeFilter.java:113) ~[spring-web-6.2.18.jar!/:6.2.18]
	at org.springframework.web.servlet.handler.HandlerMappingIntrospector.lambda$createCacheFilter$4(HandlerMappingIntrospector.java:267) ~[spring-webmvc-6.2.18.jar!/:6.2.18]
	at org.springframework.web.filter.CompositeFilter$VirtualFilterChain.doFilter(CompositeFilter.java:113) ~[spring-web-6.2.18.jar!/:6.2.18]
	at org.springframework.web.filter.CompositeFilter.doFilter(CompositeFilter.java:74) ~[spring-web-6.2.18.jar!/:6.2.18]
	at org.springframework.security.config.annotation.web.configuration.WebMvcSecurityConfiguration$CompositeFilterChainProxy.doFilter(WebMvcSecurityConfiguration.java:240) ~[spring-security-config-6.5.10.jar!/:6.5.10]
	at org.springframework.web.filter.DelegatingFilterProxy.invokeDelegate(DelegatingFilterProxy.java:362) ~[spring-web-6.2.18.jar!/:6.2.18]
	at org.springframework.web.filter.DelegatingFilterProxy.doFilter(DelegatingFilterProxy.java:278) ~[spring-web-6.2.18.jar!/:6.2.18]
	at org.apache.catalina.core.ApplicationFilterChain.internalDoFilter(ApplicationFilterChain.java:162) ~[tomcat-embed-core-10.1.54.jar!/:na]
	at org.apache.catalina.core.ApplicationFilterChain.doFilter(ApplicationFilterChain.java:138) ~[tomcat-embed-core-10.1.54.jar!/:na]
	at org.springframework.web.filter.RequestContextFilter.doFilterInternal(RequestContextFilter.java:100) ~[spring-web-6.2.18.jar!/:6.2.18]
	at org.springframework.web.filter.OncePerRequestFilter.doFilter(OncePerRequestFilter.java:116) ~[spring-web-6.2.18.jar!/:6.2.18]
	at org.apache.catalina.core.ApplicationFilterChain.internalDoFilter(ApplicationFilterChain.java:162) ~[tomcat-embed-core-10.1.54.jar!/:na]
	at org.apache.catalina.core.ApplicationFilterChain.doFilter(ApplicationFilterChain.java:138) ~[tomcat-embed-core-10.1.54.jar!/:na]
	at org.springframework.web.filter.FormContentFilter.doFilterInternal(FormContentFilter.java:93) ~[spring-web-6.2.18.jar!/:6.2.18]
	at org.springframework.web.filter.OncePerRequestFilter.doFilter(OncePerRequestFilter.java:116) ~[spring-web-6.2.18.jar!/:6.2.18]
	at org.apache.catalina.core.ApplicationFilterChain.internalDoFilter(ApplicationFilterChain.java:162) ~[tomcat-embed-core-10.1.54.jar!/:na]
	at org.apache.catalina.core.ApplicationFilterChain.doFilter(ApplicationFilterChain.java:138) ~[tomcat-embed-core-10.1.54.jar!/:na]
	at org.springframework.web.filter.ServerHttpObservationFilter.doFilterInternal(ServerHttpObservationFilter.java:110) ~[spring-web-6.2.18.jar!/:6.2.18]
	at org.springframework.web.filter.OncePerRequestFilter.doFilter(OncePerRequestFilter.java:116) ~[spring-web-6.2.18.jar!/:6.2.18]
	at org.apache.catalina.core.ApplicationFilterChain.internalDoFilter(ApplicationFilterChain.java:162) ~[tomcat-embed-core-10.1.54.jar!/:na]
	at org.apache.catalina.core.ApplicationFilterChain.doFilter(ApplicationFilterChain.java:138) ~[tomcat-embed-core-10.1.54.jar!/:na]
	at org.springframework.web.filter.CharacterEncodingFilter.doFilterInternal(CharacterEncodingFilter.java:201) ~[spring-web-6.2.18.jar!/:6.2.18]
	at org.springframework.web.filter.OncePerRequestFilter.doFilter(OncePerRequestFilter.java:116) ~[spring-web-6.2.18.jar!/:6.2.18]
	at org.apache.catalina.core.ApplicationFilterChain.internalDoFilter(ApplicationFilterChain.java:162) ~[tomcat-embed-core-10.1.54.jar!/:na]
	at org.apache.catalina.core.ApplicationFilterChain.doFilter(ApplicationFilterChain.java:138) ~[tomcat-embed-core-10.1.54.jar!/:na]
	at org.apache.catalina.core.StandardWrapperValve.invoke(StandardWrapperValve.java:165) ~[tomcat-embed-core-10.1.54.jar!/:na]
	at org.apache.catalina.core.StandardContextValve.invoke(StandardContextValve.java:88) ~[tomcat-embed-core-10.1.54.jar!/:na]
	at org.apache.catalina.authenticator.AuthenticatorBase.invoke(AuthenticatorBase.java:492) ~[tomcat-embed-core-10.1.54.jar!/:na]
	at org.apache.catalina.core.StandardHostValve.invoke(StandardHostValve.java:113) ~[tomcat-embed-core-10.1.54.jar!/:na]
	at org.apache.catalina.valves.ErrorReportValve.invoke(ErrorReportValve.java:83) ~[tomcat-embed-core-10.1.54.jar!/:na]
	at org.apache.catalina.core.StandardEngineValve.invoke(StandardEngineValve.java:72) ~[tomcat-embed-core-10.1.54.jar!/:na]
	at org.apache.catalina.connector.CoyoteAdapter.service(CoyoteAdapter.java:342) ~[tomcat-embed-core-10.1.54.jar!/:na]
	at org.apache.coyote.http11.Http11Processor.service(Http11Processor.java:399) ~[tomcat-embed-core-10.1.54.jar!/:na]
	at org.apache.coyote.AbstractProcessorLight.process(AbstractProcessorLight.java:63) ~[tomcat-embed-core-10.1.54.jar!/:na]
	at org.apache.coyote.AbstractProtocol$ConnectionHandler.process(AbstractProtocol.java:903) ~[tomcat-embed-core-10.1.54.jar!/:na]
	at org.apache.tomcat.util.net.NioEndpoint$SocketProcessor.doRun(NioEndpoint.java:1797) ~[tomcat-embed-core-10.1.54.jar!/:na]
	at org.apache.tomcat.util.net.SocketProcessorBase.run(SocketProcessorBase.java:52) ~[tomcat-embed-core-10.1.54.jar!/:na]
	at org.apache.tomcat.util.threads.ThreadPoolExecutor.runWorker(ThreadPoolExecutor.java:973) ~[tomcat-embed-core-10.1.54.jar!/:na]
	at org.apache.tomcat.util.threads.ThreadPoolExecutor$Worker.run(ThreadPoolExecutor.java:491) ~[tomcat-embed-core-10.1.54.jar!/:na]
	at org.apache.tomcat.util.threads.TaskThread$WrappingRunnable.run(TaskThread.java:63) ~[tomcat-embed-core-10.1.54.jar!/:na]
	at java.base/java.lang.Thread.run(Thread.java:840) ~[na:na]

2026-06-11T22:34:07.022+08:00 DEBUG 2713224 --- [TaskBountyPlatform] [http-nio-8080-exec-7] c.f.t.c.e.GlobalExceptionHandler         : SPA fallback: /profile -> /index.html
2026-06-11T22:34:08.558+08:00 DEBUG 2713224 --- [TaskBountyPlatform] [http-nio-8080-exec-4] c.f.t.c.e.GlobalExceptionHandler         : SPA fallback: /avatars/default.png -> /index.html
2026-06-11T22:35:00.005+08:00  INFO 2713224 --- [TaskBountyPlatform] [scheduling-1] c.f.t.scheduler.TaskTimeoutScheduler     : Starting checkPendingConfirmationTimeout...
2026-06-11T22:35:00.039+08:00  INFO 2713224 --- [TaskBountyPlatform] [scheduling-1] c.f.t.scheduler.TaskTimeoutScheduler     : Found 0 PENDING_CONFIRMATION tasks
2026-06-11T22:35:00.040+08:00  INFO 2713224 --- [TaskBountyPlatform] [scheduling-1] c.f.t.scheduler.TaskTimeoutScheduler     : checkPendingConfirmationTimeout completed. Processed 0 tasks
2026-06-11T22:35:00.041+08:00  INFO 2713224 --- [TaskBountyPlatform] [scheduling-1] c.f.t.scheduler.TaskTimeoutScheduler     : Starting checkDeliveryTimeout...
2026-06-11T22:35:00.047+08:00  INFO 2713224 --- [TaskBountyPlatform] [scheduling-1] c.f.t.scheduler.TaskTimeoutScheduler     : Found 1 overdue IN_PROGRESS tasks
2026-06-11T22:35:00.057+08:00 DEBUG 2713224 --- [TaskBountyPlatform] [scheduling-1] c.f.t.n.service.NotificationService      : Notification created: id=238, receiverId=1, type=TASK_UPDATE
2026-06-11T22:35:00.065+08:00 DEBUG 2713224 --- [TaskBountyPlatform] [scheduling-1] c.f.t.n.service.NotificationService      : Notification created: id=239, receiverId=13, type=TASK_UPDATE
2026-06-11T22:35:00.067+08:00  INFO 2713224 --- [TaskBountyPlatform] [scheduling-1] c.f.t.scheduler.TaskTimeoutScheduler     : checkDeliveryTimeout completed. Processed 1 tasks
2026-06-11T22:35:00.068+08:00  INFO 2713224 --- [TaskBountyPlatform] [scheduling-1] c.f.t.scheduler.TaskTimeoutScheduler     : Starting checkUnclaimedTaskTimeout...
2026-06-11T22:35:00.072+08:00  INFO 2713224 --- [TaskBountyPlatform] [scheduling-1] c.f.t.scheduler.TaskTimeoutScheduler     : Found 0 published tasks past auto-cancel deadline
2026-06-11T22:35:00.072+08:00  INFO 2713224 --- [TaskBountyPlatform] [scheduling-1] c.f.t.scheduler.TaskTimeoutScheduler     : checkUnclaimedTaskTimeout completed. Processed 0 tasks
2026-06-11T22:40:00.005+08:00  INFO 2713224 --- [TaskBountyPlatform] [scheduling-1] c.f.t.s.ReviewAuditTimeoutScheduler      : Starting checkReviewAuditTimeout...
2026-06-11T22:40:00.015+08:00 DEBUG 2713224 --- [TaskBountyPlatform] [scheduling-1] c.f.t.s.ReviewAuditTimeoutScheduler      : No expired review audits found
2026-06-11T22:40:00.017+08:00  INFO 2713224 --- [TaskBountyPlatform] [scheduling-1] c.f.t.scheduler.TaskTimeoutScheduler     : Starting checkUnclaimedTaskTimeout...
2026-06-11T22:40:00.019+08:00  INFO 2713224 --- [TaskBountyPlatform] [scheduling-1] c.f.t.scheduler.TaskTimeoutScheduler     : Found 0 published tasks past auto-cancel deadline
2026-06-11T22:40:00.019+08:00  INFO 2713224 --- [TaskBountyPlatform] [scheduling-1] c.f.t.scheduler.TaskTimeoutScheduler     : checkUnclaimedTaskTimeout completed. Processed 0 tasks
2026-06-11T22:40:00.020+08:00  INFO 2713224 --- [TaskBountyPlatform] [scheduling-1] c.f.t.scheduler.TaskTimeoutScheduler     : Starting checkDeliveryTimeout...
2026-06-11T22:40:00.022+08:00  INFO 2713224 --- [TaskBountyPlatform] [scheduling-1] c.f.t.scheduler.TaskTimeoutScheduler     : Found 1 overdue IN_PROGRESS tasks
2026-06-11T22:40:00.026+08:00 DEBUG 2713224 --- [TaskBountyPlatform] [scheduling-1] c.f.t.n.service.NotificationService      : Notification created: id=240, receiverId=1, type=TASK_UPDATE
2026-06-11T22:40:00.031+08:00 DEBUG 2713224 --- [TaskBountyPlatform] [scheduling-1] c.f.t.n.service.NotificationService      : Notification created: id=241, receiverId=13, type=TASK_UPDATE
2026-06-11T22:40:00.032+08:00  INFO 2713224 --- [TaskBountyPlatform] [scheduling-1] c.f.t.scheduler.TaskTimeoutScheduler     : checkDeliveryTimeout completed. Processed 1 tasks
2026-06-11T22:40:00.033+08:00  INFO 2713224 --- [TaskBountyPlatform] [scheduling-1] c.f.t.scheduler.TaskTimeoutScheduler     : Starting checkPendingConfirmationTimeout...
2026-06-11T22:40:00.035+08:00  INFO 2713224 --- [TaskBountyPlatform] [scheduling-1] c.f.t.scheduler.TaskTimeoutScheduler     : Found 0 PENDING_CONFIRMATION tasks
2026-06-11T22:40:00.035+08:00  INFO 2713224 --- [TaskBountyPlatform] [scheduling-1] c.f.t.scheduler.TaskTimeoutScheduler     : checkPendingConfirmationTimeout completed. Processed 0 tasks
2026-06-11T22:43:54.673+08:00  WARN 2713224 --- [TaskBountyPlatform] [SpringApplicationShutdownHook] o.s.c.support.DefaultLifecycleProcessor  : Failed to stop bean 'webServerGracefulShutdown'

java.lang.NoClassDefFoundError: org/springframework/boot/web/server/GracefulShutdownCallback
	at org.springframework.boot.web.context.WebServerGracefulShutdownLifecycle.stop(WebServerGracefulShutdownLifecycle.java:62) ~[spring-boot-3.5.14.jar!/:3.5.14]
	at org.springframework.context.support.DefaultLifecycleProcessor.doStop(DefaultLifecycleProcessor.java:463) ~[spring-context-6.2.18.jar!/:6.2.18]
	at org.springframework.context.support.DefaultLifecycleProcessor$LifecycleGroup.stop(DefaultLifecycleProcessor.java:618) ~[spring-context-6.2.18.jar!/:6.2.18]
	at java.base/java.lang.Iterable.forEach(Iterable.java:75) ~[na:na]
	at org.springframework.context.support.DefaultLifecycleProcessor.stopBeans(DefaultLifecycleProcessor.java:432) ~[spring-context-6.2.18.jar!/:6.2.18]
	at org.springframework.context.support.DefaultLifecycleProcessor.onClose(DefaultLifecycleProcessor.java:323) ~[spring-context-6.2.18.jar!/:6.2.18]
	at org.springframework.context.support.AbstractApplicationContext.doClose(AbstractApplicationContext.java:1196) ~[spring-context-6.2.18.jar!/:6.2.18]
	at org.springframework.boot.web.servlet.context.ServletWebServerApplicationContext.doClose(ServletWebServerApplicationContext.java:179) ~[spring-boot-3.5.14.jar!/:3.5.14]
	at org.springframework.context.support.AbstractApplicationContext.close(AbstractApplicationContext.java:1150) ~[spring-context-6.2.18.jar!/:6.2.18]
	at org.springframework.boot.SpringApplicationShutdownHook.closeAndWait(SpringApplicationShutdownHook.java:147) ~[spring-boot-3.5.14.jar!/:3.5.14]
	at java.base/java.lang.Iterable.forEach(Iterable.java:75) ~[na:na]
	at org.springframework.boot.SpringApplicationShutdownHook.run(SpringApplicationShutdownHook.java:116) ~[spring-boot-3.5.14.jar!/:3.5.14]
	at java.base/java.lang.Thread.run(Thread.java:840) ~[na:na]
Caused by: java.lang.ClassNotFoundException: org.springframework.boot.web.server.GracefulShutdownCallback
	at java.base/java.net.URLClassLoader.findClass(URLClassLoader.java:445) ~[na:na]
	at java.base/java.lang.ClassLoader.loadClass(ClassLoader.java:592) ~[na:na]
	at org.springframework.boot.loader.net.protocol.jar.JarUrlClassLoader.loadClass(JarUrlClassLoader.java:107) ~[TaskBountyPlatform-0.0.1-SNAPSHOT.jar:0.0.1-SNAPSHOT]
	at org.springframework.boot.loader.launch.LaunchedClassLoader.loadClass(LaunchedClassLoader.java:91) ~[TaskBountyPlatform-0.0.1-SNAPSHOT.jar:0.0.1-SNAPSHOT]
	at java.base/java.lang.ClassLoader.loadClass(ClassLoader.java:525) ~[na:na]
	... 13 common frames omitted

2026-06-11T22:43:54.679+08:00  WARN 2713224 --- [TaskBountyPlatform] [SpringApplicationShutdownHook] o.s.c.support.DefaultLifecycleProcessor  : Failed to stop bean 'webServerStartStop'

java.lang.NoClassDefFoundError: org/apache/catalina/Lifecycle$SingleUse
	at org.apache.catalina.util.LifecycleBase.stop(LifecycleBase.java:247) ~[tomcat-embed-core-10.1.54.jar!/:na]
	at org.apache.catalina.core.StandardService.removeConnector(StandardService.java:297) ~[tomcat-embed-core-10.1.54.jar!/:na]
	at org.springframework.boot.web.embedded.tomcat.TomcatWebServer.lambda$removeServiceConnectors$1(TomcatWebServer.java:173) ~[spring-boot-3.5.14.jar!/:3.5.14]
	at org.springframework.boot.web.embedded.tomcat.TomcatWebServer.doWithConnectors(TomcatWebServer.java:192) ~[spring-boot-3.5.14.jar!/:3.5.14]
	at org.springframework.boot.web.embedded.tomcat.TomcatWebServer.removeServiceConnectors(TomcatWebServer.java:170) ~[spring-boot-3.5.14.jar!/:3.5.14]
	at org.springframework.boot.web.embedded.tomcat.TomcatWebServer.stop(TomcatWebServer.java:358) ~[spring-boot-3.5.14.jar!/:3.5.14]
	at org.springframework.boot.web.servlet.context.WebServerStartStopLifecycle.stop(WebServerStartStopLifecycle.java:53) ~[spring-boot-3.5.14.jar!/:3.5.14]
	at org.springframework.context.SmartLifecycle.stop(SmartLifecycle.java:120) ~[spring-context-6.2.18.jar!/:6.2.18]
	at org.springframework.context.support.DefaultLifecycleProcessor.doStop(DefaultLifecycleProcessor.java:463) ~[spring-context-6.2.18.jar!/:6.2.18]
	at org.springframework.context.support.DefaultLifecycleProcessor$LifecycleGroup.stop(DefaultLifecycleProcessor.java:618) ~[spring-context-6.2.18.jar!/:6.2.18]
	at java.base/java.lang.Iterable.forEach(Iterable.java:75) ~[na:na]
	at org.springframework.context.support.DefaultLifecycleProcessor.stopBeans(DefaultLifecycleProcessor.java:432) ~[spring-context-6.2.18.jar!/:6.2.18]
	at org.springframework.context.support.DefaultLifecycleProcessor.onClose(DefaultLifecycleProcessor.java:323) ~[spring-context-6.2.18.jar!/:6.2.18]
	at org.springframework.context.support.AbstractApplicationContext.doClose(AbstractApplicationContext.java:1196) ~[spring-context-6.2.18.jar!/:6.2.18]
	at org.springframework.boot.web.servlet.context.ServletWebServerApplicationContext.doClose(ServletWebServerApplicationContext.java:179) ~[spring-boot-3.5.14.jar!/:3.5.14]
	at org.springframework.context.support.AbstractApplicationContext.close(AbstractApplicationContext.java:1150) ~[spring-context-6.2.18.jar!/:6.2.18]
	at org.springframework.boot.SpringApplicationShutdownHook.closeAndWait(SpringApplicationShutdownHook.java:147) ~[spring-boot-3.5.14.jar!/:3.5.14]
	at java.base/java.lang.Iterable.forEach(Iterable.java:75) ~[na:na]
	at org.springframework.boot.SpringApplicationShutdownHook.run(SpringApplicationShutdownHook.java:116) ~[spring-boot-3.5.14.jar!/:3.5.14]
	at java.base/java.lang.Thread.run(Thread.java:840) ~[na:na]
Caused by: java.lang.ClassNotFoundException: org.apache.catalina.Lifecycle$SingleUse
	at java.base/java.net.URLClassLoader.findClass(URLClassLoader.java:445) ~[na:na]
	at java.base/java.lang.ClassLoader.loadClass(ClassLoader.java:592) ~[na:na]
	at org.springframework.boot.loader.net.protocol.jar.JarUrlClassLoader.loadClass(JarUrlClassLoader.java:107) ~[TaskBountyPlatform-0.0.1-SNAPSHOT.jar:0.0.1-SNAPSHOT]
	at org.springframework.boot.loader.launch.LaunchedClassLoader.loadClass(LaunchedClassLoader.java:91) ~[TaskBountyPlatform-0.0.1-SNAPSHOT.jar:0.0.1-SNAPSHOT]
	at java.base/java.lang.ClassLoader.loadClass(ClassLoader.java:525) ~[na:na]
	... 20 common frames omitted

2026-06-11T22:43:54.690+08:00  INFO 2713224 --- [TaskBountyPlatform] [SpringApplicationShutdownHook] j.LocalContainerEntityManagerFactoryBean : Closing JPA EntityManagerFactory for persistence unit 'default'
2026-06-11T22:43:54.693+08:00  WARN 2713224 --- [TaskBountyPlatform] [SpringApplicationShutdownHook] o.s.b.f.support.DisposableBeanAdapter    : Invocation of destroy method failed on bean with name 'entityManagerFactory': java.lang.NoClassDefFoundError: org/springframework/util/ConcurrentReferenceHashMap$Values
2026-06-11T22:43:54.694+08:00  INFO 2713224 --- [TaskBountyPlatform] [SpringApplicationShutdownHook] com.zaxxer.hikari.HikariDataSource       : HikariPool-1 - Shutdown initiated...
2026-06-11T22:43:54.703+08:00  INFO 2713224 --- [TaskBountyPlatform] [SpringApplicationShutdownHook] com.zaxxer.hikari.HikariDataSource       : HikariPool-1 - Shutdown completed.
2026-06-11T22:43:58.713+08:00  INFO 2718357 --- [TaskBountyPlatform] [main] c.f.t.TaskBountyPlatformApplication      : Starting TaskBountyPlatformApplication v0.0.1-SNAPSHOT using Java 17.0.15 with PID 2718357 (/home/gr/cxy/code/Micro-task-Bounty-Platform/backend/target/TaskBountyPlatform-0.0.1-SNAPSHOT.jar started by gr in /home/gr/cxy/code/Micro-task-Bounty-Platform/backend)
2026-06-11T22:43:58.715+08:00 DEBUG 2718357 --- [TaskBountyPlatform] [main] c.f.t.TaskBountyPlatformApplication      : Running with Spring Boot v3.5.14, Spring v6.2.18
2026-06-11T22:43:58.716+08:00  INFO 2718357 --- [TaskBountyPlatform] [main] c.f.t.TaskBountyPlatformApplication      : No active profile set, falling back to 1 default profile: "default"
2026-06-11T22:44:00.032+08:00  INFO 2718357 --- [TaskBountyPlatform] [main] .s.d.r.c.RepositoryConfigurationDelegate : Bootstrapping Spring Data JPA repositories in DEFAULT mode.
2026-06-11T22:44:00.127+08:00  INFO 2718357 --- [TaskBountyPlatform] [main] .s.d.r.c.RepositoryConfigurationDelegate : Finished Spring Data repository scanning in 84 ms. Found 18 JPA repository interfaces.
2026-06-11T22:44:00.794+08:00  INFO 2718357 --- [TaskBountyPlatform] [main] o.s.b.w.embedded.tomcat.TomcatWebServer  : Tomcat initialized with port 8080 (http)
2026-06-11T22:44:00.812+08:00  INFO 2718357 --- [TaskBountyPlatform] [main] o.apache.catalina.core.StandardService   : Starting service [Tomcat]
2026-06-11T22:44:00.812+08:00  INFO 2718357 --- [TaskBountyPlatform] [main] o.apache.catalina.core.StandardEngine    : Starting Servlet engine: [Apache Tomcat/10.1.54]
2026-06-11T22:44:00.841+08:00  INFO 2718357 --- [TaskBountyPlatform] [main] o.a.c.c.C.[Tomcat].[localhost].[/]       : Initializing Spring embedded WebApplicationContext
2026-06-11T22:44:00.841+08:00  INFO 2718357 --- [TaskBountyPlatform] [main] w.s.c.ServletWebServerApplicationContext : Root WebApplicationContext: initialization completed in 2082 ms
2026-06-11T22:44:01.101+08:00  INFO 2718357 --- [TaskBountyPlatform] [main] o.hibernate.jpa.internal.util.LogHelper  : HHH000204: Processing PersistenceUnitInfo [name: default]
2026-06-11T22:44:01.146+08:00  INFO 2718357 --- [TaskBountyPlatform] [main] org.hibernate.Version                    : HHH000412: Hibernate ORM core version 6.6.49.Final
2026-06-11T22:44:01.174+08:00  INFO 2718357 --- [TaskBountyPlatform] [main] o.h.c.internal.RegionFactoryInitiator    : HHH000026: Second-level cache disabled
2026-06-11T22:44:01.391+08:00  INFO 2718357 --- [TaskBountyPlatform] [main] o.s.o.j.p.SpringPersistenceUnitInfo      : No LoadTimeWeaver setup: ignoring JPA class transformer
2026-06-11T22:44:01.421+08:00  INFO 2718357 --- [TaskBountyPlatform] [main] com.zaxxer.hikari.HikariDataSource       : HikariPool-1 - Starting...
2026-06-11T22:44:01.718+08:00  INFO 2718357 --- [TaskBountyPlatform] [main] com.zaxxer.hikari.pool.HikariPool        : HikariPool-1 - Added connection com.mysql.cj.jdbc.ConnectionImpl@1bf52f10
2026-06-11T22:44:01.720+08:00  INFO 2718357 --- [TaskBountyPlatform] [main] com.zaxxer.hikari.HikariDataSource       : HikariPool-1 - Start completed.
2026-06-11T22:44:01.775+08:00  WARN 2718357 --- [TaskBountyPlatform] [main] org.hibernate.orm.deprecation            : HHH90000025: MySQLDialect does not need to be specified explicitly using 'hibernate.dialect' (remove the property setting and it will be selected by default)
2026-06-11T22:44:01.793+08:00  INFO 2718357 --- [TaskBountyPlatform] [main] org.hibernate.orm.connections.pooling    : HHH10001005: Database info:
	Database JDBC URL [Connecting through datasource 'HikariDataSource (HikariPool-1)']
	Database driver: undefined/unknown
	Database version: 8.0.42
	Autocommit mode: undefined/unknown
	Isolation level: undefined/unknown
	Minimum pool size: undefined/unknown
	Maximum pool size: undefined/unknown
2026-06-11T22:44:02.893+08:00  INFO 2718357 --- [TaskBountyPlatform] [main] o.h.e.t.j.p.i.JtaPlatformInitiator       : HHH000489: No JTA platform available (set 'hibernate.transaction.jta.platform' to enable JTA platform integration)
2026-06-11T22:44:03.069+08:00  WARN 2718357 --- [TaskBountyPlatform] [main] o.h.t.s.i.ExceptionHandlerLoggedImpl     : GenerationTarget encountered exception accepting command : Error executing DDL "
    alter table system_configs 
       modify column config_value varchar(500) not null" via JDBC [Data truncation: Data too long for column 'config_value' at row 1]

org.hibernate.tool.schema.spi.CommandAcceptanceException: Error executing DDL "
    alter table system_configs 
       modify column config_value varchar(500) not null" via JDBC [Data truncation: Data too long for column 'config_value' at row 1]
	at org.hibernate.tool.schema.internal.exec.GenerationTargetToDatabase.accept(GenerationTargetToDatabase.java:94) ~[hibernate-core-6.6.49.Final.jar!/:6.6.49.Final]
	at org.hibernate.tool.schema.internal.AbstractSchemaMigrator.applySqlString(AbstractSchemaMigrator.java:576) ~[hibernate-core-6.6.49.Final.jar!/:6.6.49.Final]
	at org.hibernate.tool.schema.internal.AbstractSchemaMigrator.applySqlStrings(AbstractSchemaMigrator.java:516) ~[hibernate-core-6.6.49.Final.jar!/:6.6.49.Final]
	at org.hibernate.tool.schema.internal.AbstractSchemaMigrator.migrateTable(AbstractSchemaMigrator.java:334) ~[hibernate-core-6.6.49.Final.jar!/:6.6.49.Final]
	at org.hibernate.tool.schema.internal.GroupedSchemaMigratorImpl.performTablesMigration(GroupedSchemaMigratorImpl.java:84) ~[hibernate-core-6.6.49.Final.jar!/:6.6.49.Final]
	at org.hibernate.tool.schema.internal.AbstractSchemaMigrator.performMigration(AbstractSchemaMigrator.java:233) ~[hibernate-core-6.6.49.Final.jar!/:6.6.49.Final]
	at org.hibernate.tool.schema.internal.AbstractSchemaMigrator.doMigration(AbstractSchemaMigrator.java:112) ~[hibernate-core-6.6.49.Final.jar!/:6.6.49.Final]
	at org.hibernate.tool.schema.spi.SchemaManagementToolCoordinator.performDatabaseAction(SchemaManagementToolCoordinator.java:280) ~[hibernate-core-6.6.49.Final.jar!/:6.6.49.Final]
	at org.hibernate.tool.schema.spi.SchemaManagementToolCoordinator.lambda$process$5(SchemaManagementToolCoordinator.java:144) ~[hibernate-core-6.6.49.Final.jar!/:6.6.49.Final]
	at java.base/java.util.HashMap.forEach(HashMap.java:1421) ~[na:na]
	at org.hibernate.tool.schema.spi.SchemaManagementToolCoordinator.process(SchemaManagementToolCoordinator.java:141) ~[hibernate-core-6.6.49.Final.jar!/:6.6.49.Final]
	at org.hibernate.boot.internal.SessionFactoryObserverForSchemaExport.sessionFactoryCreated(SessionFactoryObserverForSchemaExport.java:37) ~[hibernate-core-6.6.49.Final.jar!/:6.6.49.Final]
	at org.hibernate.internal.SessionFactoryObserverChain.sessionFactoryCreated(SessionFactoryObserverChain.java:35) ~[hibernate-core-6.6.49.Final.jar!/:6.6.49.Final]
	at org.hibernate.internal.SessionFactoryImpl.<init>(SessionFactoryImpl.java:324) ~[hibernate-core-6.6.49.Final.jar!/:6.6.49.Final]
	at org.hibernate.boot.internal.SessionFactoryBuilderImpl.build(SessionFactoryBuilderImpl.java:463) ~[hibernate-core-6.6.49.Final.jar!/:6.6.49.Final]
	at org.hibernate.jpa.boot.internal.EntityManagerFactoryBuilderImpl.build(EntityManagerFactoryBuilderImpl.java:1517) ~[hibernate-core-6.6.49.Final.jar!/:6.6.49.Final]
	at org.springframework.orm.jpa.vendor.SpringHibernateJpaPersistenceProvider.createContainerEntityManagerFactory(SpringHibernateJpaPersistenceProvider.java:66) ~[spring-orm-6.2.18.jar!/:6.2.18]
	at org.springframework.orm.jpa.LocalContainerEntityManagerFactoryBean.createNativeEntityManagerFactory(LocalContainerEntityManagerFactoryBean.java:388) ~[spring-orm-6.2.18.jar!/:6.2.18]
	at org.springframework.orm.jpa.AbstractEntityManagerFactoryBean.buildNativeEntityManagerFactory(AbstractEntityManagerFactoryBean.java:419) ~[spring-orm-6.2.18.jar!/:6.2.18]
	at org.springframework.orm.jpa.AbstractEntityManagerFactoryBean.afterPropertiesSet(AbstractEntityManagerFactoryBean.java:400) ~[spring-orm-6.2.18.jar!/:6.2.18]
	at org.springframework.orm.jpa.LocalContainerEntityManagerFactoryBean.afterPropertiesSet(LocalContainerEntityManagerFactoryBean.java:364) ~[spring-orm-6.2.18.jar!/:6.2.18]
	at org.springframework.beans.factory.support.AbstractAutowireCapableBeanFactory.invokeInitMethods(AbstractAutowireCapableBeanFactory.java:1873) ~[spring-beans-6.2.18.jar!/:6.2.18]
	at org.springframework.beans.factory.support.AbstractAutowireCapableBeanFactory.initializeBean(AbstractAutowireCapableBeanFactory.java:1822) ~[spring-beans-6.2.18.jar!/:6.2.18]
	at org.springframework.beans.factory.support.AbstractAutowireCapableBeanFactory.doCreateBean(AbstractAutowireCapableBeanFactory.java:607) ~[spring-beans-6.2.18.jar!/:6.2.18]
	at org.springframework.beans.factory.support.AbstractAutowireCapableBeanFactory.createBean(AbstractAutowireCapableBeanFactory.java:529) ~[spring-beans-6.2.18.jar!/:6.2.18]
	at org.springframework.beans.factory.support.AbstractBeanFactory.lambda$doGetBean$0(AbstractBeanFactory.java:339) ~[spring-beans-6.2.18.jar!/:6.2.18]
	at org.springframework.beans.factory.support.DefaultSingletonBeanRegistry.getSingleton(DefaultSingletonBeanRegistry.java:373) ~[spring-beans-6.2.18.jar!/:6.2.18]
	at org.springframework.beans.factory.support.AbstractBeanFactory.doGetBean(AbstractBeanFactory.java:337) ~[spring-beans-6.2.18.jar!/:6.2.18]
	at org.springframework.beans.factory.support.AbstractBeanFactory.getBean(AbstractBeanFactory.java:202) ~[spring-beans-6.2.18.jar!/:6.2.18]
	at org.springframework.beans.factory.support.BeanDefinitionValueResolver.resolveReference(BeanDefinitionValueResolver.java:365) ~[spring-beans-6.2.18.jar!/:6.2.18]
	at org.springframework.beans.factory.support.BeanDefinitionValueResolver.resolveValueIfNecessary(BeanDefinitionValueResolver.java:135) ~[spring-beans-6.2.18.jar!/:6.2.18]
	at org.springframework.beans.factory.support.ConstructorResolver.resolveConstructorArguments(ConstructorResolver.java:691) ~[spring-beans-6.2.18.jar!/:6.2.18]
	at org.springframework.beans.factory.support.ConstructorResolver.instantiateUsingFactoryMethod(ConstructorResolver.java:513) ~[spring-beans-6.2.18.jar!/:6.2.18]
	at org.springframework.beans.factory.support.AbstractAutowireCapableBeanFactory.instantiateUsingFactoryMethod(AbstractAutowireCapableBeanFactory.java:1375) ~[spring-beans-6.2.18.jar!/:6.2.18]
	at org.springframework.beans.factory.support.AbstractAutowireCapableBeanFactory.createBeanInstance(AbstractAutowireCapableBeanFactory.java:1205) ~[spring-beans-6.2.18.jar!/:6.2.18]
	at org.springframework.beans.factory.support.AbstractAutowireCapableBeanFactory.doCreateBean(AbstractAutowireCapableBeanFactory.java:569) ~[spring-beans-6.2.18.jar!/:6.2.18]
	at org.springframework.beans.factory.support.AbstractAutowireCapableBeanFactory.createBean(AbstractAutowireCapableBeanFactory.java:529) ~[spring-beans-6.2.18.jar!/:6.2.18]
	at org.springframework.beans.factory.support.AbstractBeanFactory.lambda$doGetBean$0(AbstractBeanFactory.java:339) ~[spring-beans-6.2.18.jar!/:6.2.18]
	at org.springframework.beans.factory.support.DefaultSingletonBeanRegistry.getSingleton(DefaultSingletonBeanRegistry.java:373) ~[spring-beans-6.2.18.jar!/:6.2.18]
	at org.springframework.beans.factory.support.AbstractBeanFactory.doGetBean(AbstractBeanFactory.java:337) ~[spring-beans-6.2.18.jar!/:6.2.18]
	at org.springframework.beans.factory.support.AbstractBeanFactory.getBean(AbstractBeanFactory.java:202) ~[spring-beans-6.2.18.jar!/:6.2.18]
	at org.springframework.beans.factory.support.BeanDefinitionValueResolver.resolveReference(BeanDefinitionValueResolver.java:365) ~[spring-beans-6.2.18.jar!/:6.2.18]
	at org.springframework.beans.factory.support.BeanDefinitionValueResolver.resolveValueIfNecessary(BeanDefinitionValueResolver.java:135) ~[spring-beans-6.2.18.jar!/:6.2.18]
	at org.springframework.beans.factory.support.AbstractAutowireCapableBeanFactory.applyPropertyValues(AbstractAutowireCapableBeanFactory.java:1725) ~[spring-beans-6.2.18.jar!/:6.2.18]
	at org.springframework.beans.factory.support.AbstractAutowireCapableBeanFactory.populateBean(AbstractAutowireCapableBeanFactory.java:1474) ~[spring-beans-6.2.18.jar!/:6.2.18]
	at org.springframework.beans.factory.support.AbstractAutowireCapableBeanFactory.doCreateBean(AbstractAutowireCapableBeanFactory.java:606) ~[spring-beans-6.2.18.jar!/:6.2.18]
	at org.springframework.beans.factory.support.AbstractAutowireCapableBeanFactory.createBean(AbstractAutowireCapableBeanFactory.java:529) ~[spring-beans-6.2.18.jar!/:6.2.18]
	at org.springframework.beans.factory.support.AbstractBeanFactory.lambda$doGetBean$0(AbstractBeanFactory.java:339) ~[spring-beans-6.2.18.jar!/:6.2.18]
	at org.springframework.beans.factory.support.DefaultSingletonBeanRegistry.getSingleton(DefaultSingletonBeanRegistry.java:373) ~[spring-beans-6.2.18.jar!/:6.2.18]
	at org.springframework.beans.factory.support.AbstractBeanFactory.doGetBean(AbstractBeanFactory.java:337) ~[spring-beans-6.2.18.jar!/:6.2.18]
	at org.springframework.beans.factory.support.AbstractBeanFactory.getBean(AbstractBeanFactory.java:202) ~[spring-beans-6.2.18.jar!/:6.2.18]
	at org.springframework.beans.factory.support.DefaultListableBeanFactory.doResolveDependency(DefaultListableBeanFactory.java:1708) ~[spring-beans-6.2.18.jar!/:6.2.18]
	at org.springframework.beans.factory.support.DefaultListableBeanFactory.resolveDependency(DefaultListableBeanFactory.java:1653) ~[spring-beans-6.2.18.jar!/:6.2.18]
	at org.springframework.beans.factory.support.ConstructorResolver.resolveAutowiredArgument(ConstructorResolver.java:913) ~[spring-beans-6.2.18.jar!/:6.2.18]
	at org.springframework.beans.factory.support.ConstructorResolver.createArgumentArray(ConstructorResolver.java:791) ~[spring-beans-6.2.18.jar!/:6.2.18]
	at org.springframework.beans.factory.support.ConstructorResolver.autowireConstructor(ConstructorResolver.java:240) ~[spring-beans-6.2.18.jar!/:6.2.18]
	at org.springframework.beans.factory.support.AbstractAutowireCapableBeanFactory.autowireConstructor(AbstractAutowireCapableBeanFactory.java:1395) ~[spring-beans-6.2.18.jar!/:6.2.18]
	at org.springframework.beans.factory.support.AbstractAutowireCapableBeanFactory.createBeanInstance(AbstractAutowireCapableBeanFactory.java:1232) ~[spring-beans-6.2.18.jar!/:6.2.18]
	at org.springframework.beans.factory.support.AbstractAutowireCapableBeanFactory.doCreateBean(AbstractAutowireCapableBeanFactory.java:569) ~[spring-beans-6.2.18.jar!/:6.2.18]
	at org.springframework.beans.factory.support.AbstractAutowireCapableBeanFactory.createBean(AbstractAutowireCapableBeanFactory.java:529) ~[spring-beans-6.2.18.jar!/:6.2.18]
	at org.springframework.beans.factory.support.AbstractBeanFactory.lambda$doGetBean$0(AbstractBeanFactory.java:339) ~[spring-beans-6.2.18.jar!/:6.2.18]
	at org.springframework.beans.factory.support.DefaultSingletonBeanRegistry.getSingleton(DefaultSingletonBeanRegistry.java:373) ~[spring-beans-6.2.18.jar!/:6.2.18]
	at org.springframework.beans.factory.support.AbstractBeanFactory.doGetBean(AbstractBeanFactory.java:337) ~[spring-beans-6.2.18.jar!/:6.2.18]
	at org.springframework.beans.factory.support.AbstractBeanFactory.getBean(AbstractBeanFactory.java:207) ~[spring-beans-6.2.18.jar!/:6.2.18]
	at org.springframework.boot.web.servlet.ServletContextInitializerBeans.getOrderedBeansOfType(ServletContextInitializerBeans.java:230) ~[spring-boot-3.5.14.jar!/:3.5.14]
	at org.springframework.boot.web.servlet.ServletContextInitializerBeans.addAsRegistrationBean(ServletContextInitializerBeans.java:184) ~[spring-boot-3.5.14.jar!/:3.5.14]
	at org.springframework.boot.web.servlet.ServletContextInitializerBeans.addAsRegistrationBean(ServletContextInitializerBeans.java:179) ~[spring-boot-3.5.14.jar!/:3.5.14]
	at org.springframework.boot.web.servlet.ServletContextInitializerBeans.addAdaptableBeans(ServletContextInitializerBeans.java:164) ~[spring-boot-3.5.14.jar!/:3.5.14]
	at org.springframework.boot.web.servlet.ServletContextInitializerBeans.<init>(ServletContextInitializerBeans.java:96) ~[spring-boot-3.5.14.jar!/:3.5.14]
	at org.springframework.boot.web.servlet.context.ServletWebServerApplicationContext.getServletContextInitializerBeans(ServletWebServerApplicationContext.java:271) ~[spring-boot-3.5.14.jar!/:3.5.14]
	at org.springframework.boot.web.servlet.context.ServletWebServerApplicationContext.selfInitialize(ServletWebServerApplicationContext.java:245) ~[spring-boot-3.5.14.jar!/:3.5.14]
	at org.springframework.boot.web.embedded.tomcat.TomcatStarter.onStartup(TomcatStarter.java:52) ~[spring-boot-3.5.14.jar!/:3.5.14]
	at org.apache.catalina.core.StandardContext.startInternal(StandardContext.java:4452) ~[tomcat-embed-core-10.1.54.jar!/:na]
	at org.apache.catalina.util.LifecycleBase.start(LifecycleBase.java:164) ~[tomcat-embed-core-10.1.54.jar!/:na]
	at org.apache.catalina.core.ContainerBase$StartChild.call(ContainerBase.java:1201) ~[tomcat-embed-core-10.1.54.jar!/:na]
	at org.apache.catalina.core.ContainerBase$StartChild.call(ContainerBase.java:1191) ~[tomcat-embed-core-10.1.54.jar!/:na]
	at java.base/java.util.concurrent.FutureTask.run(FutureTask.java:264) ~[na:na]
	at org.apache.tomcat.util.threads.InlineExecutorService.execute(InlineExecutorService.java:81) ~[tomcat-embed-core-10.1.54.jar!/:na]
	at java.base/java.util.concurrent.AbstractExecutorService.submit(AbstractExecutorService.java:145) ~[na:na]
	at org.apache.catalina.core.ContainerBase.startInternal(ContainerBase.java:747) ~[tomcat-embed-core-10.1.54.jar!/:na]
	at org.apache.catalina.core.StandardHost.startInternal(StandardHost.java:783) ~[tomcat-embed-core-10.1.54.jar!/:na]
	at org.apache.catalina.util.LifecycleBase.start(LifecycleBase.java:164) ~[tomcat-embed-core-10.1.54.jar!/:na]
	at org.apache.catalina.core.ContainerBase$StartChild.call(ContainerBase.java:1201) ~[tomcat-embed-core-10.1.54.jar!/:na]
	at org.apache.catalina.core.ContainerBase$StartChild.call(ContainerBase.java:1191) ~[tomcat-embed-core-10.1.54.jar!/:na]
	at java.base/java.util.concurrent.FutureTask.run(FutureTask.java:264) ~[na:na]
	at org.apache.tomcat.util.threads.InlineExecutorService.execute(InlineExecutorService.java:81) ~[tomcat-embed-core-10.1.54.jar!/:na]
	at java.base/java.util.concurrent.AbstractExecutorService.submit(AbstractExecutorService.java:145) ~[na:na]
	at org.apache.catalina.core.ContainerBase.startInternal(ContainerBase.java:747) ~[tomcat-embed-core-10.1.54.jar!/:na]
	at org.apache.catalina.core.StandardEngine.startInternal(StandardEngine.java:201) ~[tomcat-embed-core-10.1.54.jar!/:na]
	at org.apache.catalina.util.LifecycleBase.start(LifecycleBase.java:164) ~[tomcat-embed-core-10.1.54.jar!/:na]
	at org.apache.catalina.core.StandardService.startInternal(StandardService.java:410) ~[tomcat-embed-core-10.1.54.jar!/:na]
	at org.apache.catalina.util.LifecycleBase.start(LifecycleBase.java:164) ~[tomcat-embed-core-10.1.54.jar!/:na]
	at org.apache.catalina.core.StandardServer.startInternal(StandardServer.java:868) ~[tomcat-embed-core-10.1.54.jar!/:na]
	at org.apache.catalina.util.LifecycleBase.start(LifecycleBase.java:164) ~[tomcat-embed-core-10.1.54.jar!/:na]
	at org.apache.catalina.startup.Tomcat.start(Tomcat.java:436) ~[tomcat-embed-core-10.1.54.jar!/:na]
	at org.springframework.boot.web.embedded.tomcat.TomcatWebServer.initialize(TomcatWebServer.java:128) ~[spring-boot-3.5.14.jar!/:3.5.14]
	at org.springframework.boot.web.embedded.tomcat.TomcatWebServer.<init>(TomcatWebServer.java:107) ~[spring-boot-3.5.14.jar!/:3.5.14]
	at org.springframework.boot.web.embedded.tomcat.TomcatServletWebServerFactory.getTomcatWebServer(TomcatServletWebServerFactory.java:517) ~[spring-boot-3.5.14.jar!/:3.5.14]
	at org.springframework.boot.web.embedded.tomcat.TomcatServletWebServerFactory.getWebServer(TomcatServletWebServerFactory.java:219) ~[spring-boot-3.5.14.jar!/:3.5.14]
	at org.springframework.boot.web.servlet.context.ServletWebServerApplicationContext.createWebServer(ServletWebServerApplicationContext.java:193) ~[spring-boot-3.5.14.jar!/:3.5.14]
	at org.springframework.boot.web.servlet.context.ServletWebServerApplicationContext.onRefresh(ServletWebServerApplicationContext.java:167) ~[spring-boot-3.5.14.jar!/:3.5.14]
	at org.springframework.context.support.AbstractApplicationContext.refresh(AbstractApplicationContext.java:622) ~[spring-context-6.2.18.jar!/:6.2.18]
	at org.springframework.boot.web.servlet.context.ServletWebServerApplicationContext.refresh(ServletWebServerApplicationContext.java:146) ~[spring-boot-3.5.14.jar!/:3.5.14]
	at org.springframework.boot.SpringApplication.refresh(SpringApplication.java:752) ~[spring-boot-3.5.14.jar!/:3.5.14]
	at org.springframework.boot.SpringApplication.refreshContext(SpringApplication.java:439) ~[spring-boot-3.5.14.jar!/:3.5.14]
	at org.springframework.boot.SpringApplication.run(SpringApplication.java:318) ~[spring-boot-3.5.14.jar!/:3.5.14]
	at org.springframework.boot.SpringApplication.run(SpringApplication.java:1361) ~[spring-boot-3.5.14.jar!/:3.5.14]
	at org.springframework.boot.SpringApplication.run(SpringApplication.java:1350) ~[spring-boot-3.5.14.jar!/:3.5.14]
	at com.firstteam.taskbountyplatform.TaskBountyPlatformApplication.main(TaskBountyPlatformApplication.java:14) ~[!/:0.0.1-SNAPSHOT]
	at java.base/jdk.internal.reflect.NativeMethodAccessorImpl.invoke0(Native Method) ~[na:na]
	at java.base/jdk.internal.reflect.NativeMethodAccessorImpl.invoke(NativeMethodAccessorImpl.java:77) ~[na:na]
	at java.base/jdk.internal.reflect.DelegatingMethodAccessorImpl.invoke(DelegatingMethodAccessorImpl.java:43) ~[na:na]
	at java.base/java.lang.reflect.Method.invoke(Method.java:569) ~[na:na]
	at org.springframework.boot.loader.launch.Launcher.launch(Launcher.java:106) ~[TaskBountyPlatform-0.0.1-SNAPSHOT.jar:0.0.1-SNAPSHOT]
	at org.springframework.boot.loader.launch.Launcher.launch(Launcher.java:64) ~[TaskBountyPlatform-0.0.1-SNAPSHOT.jar:0.0.1-SNAPSHOT]
	at org.springframework.boot.loader.launch.JarLauncher.main(JarLauncher.java:40) ~[TaskBountyPlatform-0.0.1-SNAPSHOT.jar:0.0.1-SNAPSHOT]
Caused by: com.mysql.cj.jdbc.exceptions.MysqlDataTruncation: Data truncation: Data too long for column 'config_value' at row 1
	at com.mysql.cj.jdbc.exceptions.SQLExceptionsMapping.translateException(SQLExceptionsMapping.java:96) ~[mysql-connector-j-9.7.0.jar!/:9.7.0]
	at com.mysql.cj.jdbc.StatementImpl.executeInternal(StatementImpl.java:839) ~[mysql-connector-j-9.7.0.jar!/:9.7.0]
	at com.mysql.cj.jdbc.StatementImpl.execute(StatementImpl.java:687) ~[mysql-connector-j-9.7.0.jar!/:9.7.0]
	at com.zaxxer.hikari.pool.ProxyStatement.execute(ProxyStatement.java:95) ~[HikariCP-6.3.3.jar!/:na]
	at com.zaxxer.hikari.pool.HikariProxyStatement.execute(HikariProxyStatement.java) ~[HikariCP-6.3.3.jar!/:na]
	at org.hibernate.tool.schema.internal.exec.GenerationTargetToDatabase.accept(GenerationTargetToDatabase.java:80) ~[hibernate-core-6.6.49.Final.jar!/:6.6.49.Final]
	... 115 common frames omitted

2026-06-11T22:44:03.117+08:00  INFO 2718357 --- [TaskBountyPlatform] [main] j.LocalContainerEntityManagerFactoryBean : Initialized JPA EntityManagerFactory for persistence unit 'default'
2026-06-11T22:44:03.417+08:00  INFO 2718357 --- [TaskBountyPlatform] [main] o.s.d.j.r.query.QueryEnhancerFactory     : Hibernate is in classpath; If applicable, HQL parser will be used.
2026-06-11T22:44:03.982+08:00 DEBUG 2718357 --- [TaskBountyPlatform] [main] c.f.t.a.s.JwtAuthenticationFilter        : Filter 'jwtAuthenticationFilter' configured for use
2026-06-11T22:44:04.847+08:00  WARN 2718357 --- [TaskBountyPlatform] [main] JpaBaseConfiguration$JpaWebConfiguration : spring.jpa.open-in-view is enabled by default. Therefore, database queries may be performed during view rendering. Explicitly configure spring.jpa.open-in-view to disable this warning
2026-06-11T22:44:04.881+08:00  INFO 2718357 --- [TaskBountyPlatform] [main] o.s.b.a.w.s.WelcomePageHandlerMapping    : Adding welcome page: class path resource [static/index.html]
2026-06-11T22:44:05.243+08:00  INFO 2718357 --- [TaskBountyPlatform] [main] o.s.b.a.e.web.EndpointLinksResolver      : Exposing 4 endpoints beneath base path '/actuator'
2026-06-11T22:44:05.288+08:00  WARN 2718357 --- [TaskBountyPlatform] [main] .s.s.UserDetailsServiceAutoConfiguration : 

Using generated security password: 495a5e3c-e2c6-4d7b-a739-a13447155635

This generated password is for development use only. Your security configuration must be updated before running your application in production.

2026-06-11T22:44:05.300+08:00  INFO 2718357 --- [TaskBountyPlatform] [main] r$InitializeUserDetailsManagerConfigurer : Global AuthenticationManager configured with UserDetailsService bean with name inMemoryUserDetailsManager
2026-06-11T22:44:05.819+08:00  INFO 2718357 --- [TaskBountyPlatform] [main] o.s.b.w.embedded.tomcat.TomcatWebServer  : Tomcat started on port 8080 (http) with context path '/'
2026-06-11T22:44:05.844+08:00  INFO 2718357 --- [TaskBountyPlatform] [main] c.f.t.TaskBountyPlatformApplication      : Started TaskBountyPlatformApplication in 7.676 seconds (process running for 8.166)
2026-06-11T22:44:18.839+08:00  INFO 2718357 --- [TaskBountyPlatform] [http-nio-8080-exec-2] o.a.c.c.C.[Tomcat].[localhost].[/]       : Initializing Spring DispatcherServlet 'dispatcherServlet'
2026-06-11T22:44:18.840+08:00  INFO 2718357 --- [TaskBountyPlatform] [http-nio-8080-exec-2] o.s.web.servlet.DispatcherServlet        : Initializing Servlet 'dispatcherServlet'
2026-06-11T22:44:18.841+08:00  INFO 2718357 --- [TaskBountyPlatform] [http-nio-8080-exec-2] o.s.web.servlet.DispatcherServlet        : Completed initialization in 1 ms
2026-06-11T22:44:18.950+08:00 DEBUG 2718357 --- [TaskBountyPlatform] [http-nio-8080-exec-1] c.f.t.c.e.GlobalExceptionHandler         : SPA fallback: /profile -> /index.html
2026-06-11T22:44:21.548+08:00 DEBUG 2718357 --- [TaskBountyPlatform] [http-nio-8080-exec-5] c.f.t.c.e.GlobalExceptionHandler         : SPA fallback: /admin/reviews -> /index.html
2026-06-11T22:44:38.420+08:00 DEBUG 2718357 --- [TaskBountyPlatform] [http-nio-8080-exec-6] c.f.t.c.e.GlobalExceptionHandler         : SPA fallback: /avatars/default.png -> /index.html
2026-06-11T22:44:58.218+08:00 DEBUG 2718357 --- [TaskBountyPlatform] [http-nio-8080-exec-5] c.f.t.n.service.NotificationService      : Notification created: id=242, receiverId=3, type=NICKNAME_APPROVED
2026-06-11T22:44:58.220+08:00 DEBUG 2718357 --- [TaskBountyPlatform] [http-nio-8080-exec-5] c.f.t.audit.service.AuditLogService      : Audit log created: id=33, operatorId=14, actionType=ADMIN_APPROVE_NICKNAME, targetType=REVIEW_AUDIT, targetId=2
2026-06-11T22:45:00.005+08:00  INFO 2718357 --- [TaskBountyPlatform] [scheduling-1] c.f.t.scheduler.TaskTimeoutScheduler     : Starting checkPendingConfirmationTimeout...
2026-06-11T22:45:00.040+08:00  INFO 2718357 --- [TaskBountyPlatform] [scheduling-1] c.f.t.scheduler.TaskTimeoutScheduler     : Found 0 PENDING_CONFIRMATION tasks
2026-06-11T22:45:00.041+08:00  INFO 2718357 --- [TaskBountyPlatform] [scheduling-1] c.f.t.scheduler.TaskTimeoutScheduler     : checkPendingConfirmationTimeout completed. Processed 0 tasks
2026-06-11T22:45:00.042+08:00  INFO 2718357 --- [TaskBountyPlatform] [scheduling-1] c.f.t.scheduler.ReviewTimeoutScheduler   : Starting createDefaultReviews...
2026-06-11T22:45:00.052+08:00  INFO 2718357 --- [TaskBountyPlatform] [scheduling-1] c.f.t.scheduler.ReviewTimeoutScheduler   : Found 0 COMPLETED tasks older than 24 hours
2026-06-11T22:45:00.052+08:00  INFO 2718357 --- [TaskBountyPlatform] [scheduling-1] c.f.t.scheduler.ReviewTimeoutScheduler   : createDefaultReviews completed. Created 0 default reviews
2026-06-11T22:45:00.053+08:00  INFO 2718357 --- [TaskBountyPlatform] [scheduling-1] c.f.t.scheduler.TaskTimeoutScheduler     : Starting checkUnclaimedTaskTimeout...
2026-06-11T22:45:00.058+08:00  INFO 2718357 --- [TaskBountyPlatform] [scheduling-1] c.f.t.scheduler.TaskTimeoutScheduler     : Found 0 published tasks past auto-cancel deadline
2026-06-11T22:45:00.059+08:00  INFO 2718357 --- [TaskBountyPlatform] [scheduling-1] c.f.t.scheduler.TaskTimeoutScheduler     : checkUnclaimedTaskTimeout completed. Processed 0 tasks
2026-06-11T22:45:00.059+08:00  INFO 2718357 --- [TaskBountyPlatform] [scheduling-1] c.f.t.scheduler.TaskTimeoutScheduler     : Starting checkDeliveryTimeout...
2026-06-11T22:45:00.064+08:00  INFO 2718357 --- [TaskBountyPlatform] [scheduling-1] c.f.t.scheduler.TaskTimeoutScheduler     : Found 1 overdue IN_PROGRESS tasks
2026-06-11T22:45:00.069+08:00 DEBUG 2718357 --- [TaskBountyPlatform] [scheduling-1] c.f.t.n.service.NotificationService      : Notification created: id=243, receiverId=1, type=TASK_UPDATE
2026-06-11T22:45:00.078+08:00 DEBUG 2718357 --- [TaskBountyPlatform] [scheduling-1] c.f.t.n.service.NotificationService      : Notification created: id=244, receiverId=13, type=TASK_UPDATE
2026-06-11T22:45:00.079+08:00  INFO 2718357 --- [TaskBountyPlatform] [scheduling-1] c.f.t.scheduler.TaskTimeoutScheduler     : checkDeliveryTimeout completed. Processed 1 tasks
2026-06-11T22:45:00.482+08:00 DEBUG 2718357 --- [TaskBountyPlatform] [http-nio-8080-exec-8] c.f.t.n.service.NotificationService      : Notification created: id=245, receiverId=3, type=ANNOUNCEMENT_APPROVED
2026-06-11T22:45:00.484+08:00 DEBUG 2718357 --- [TaskBountyPlatform] [http-nio-8080-exec-8] c.f.t.audit.service.AuditLogService      : Audit log created: id=34, operatorId=14, actionType=ADMIN_APPROVE_ANNOUNCEMENT, targetType=REVIEW_AUDIT, targetId=1
2026-06-11T22:45:03.283+08:00 DEBUG 2718357 --- [TaskBountyPlatform] [http-nio-8080-exec-10] c.f.t.c.e.GlobalExceptionHandler         : SPA fallback: /profile -> /index.html
2026-06-11T22:45:07.963+08:00 DEBUG 2718357 --- [TaskBountyPlatform] [http-nio-8080-exec-1] c.f.t.c.e.GlobalExceptionHandler         : SPA fallback: /avatars/default.png -> /index.html
2026-06-11T22:45:20.439+08:00 DEBUG 2718357 --- [TaskBountyPlatform] [http-nio-8080-exec-1] c.f.t.n.service.NotificationService      : Marked 1 notifications as read for user 3
2026-06-11T22:45:25.656+08:00 DEBUG 2718357 --- [TaskBountyPlatform] [http-nio-8080-exec-3] c.f.t.n.service.NotificationService      : Marked 4 notifications as read for user 3 (all)
2026-06-11T22:45:43.090+08:00 DEBUG 2718357 --- [TaskBountyPlatform] [http-nio-8080-exec-10] c.f.t.n.service.NotificationService      : Notification created: id=246, receiverId=1, type=TASK_UPDATE
2026-06-11T22:45:43.092+08:00 DEBUG 2718357 --- [TaskBountyPlatform] [http-nio-8080-exec-10] c.f.t.audit.service.AuditLogService      : Audit log created: id=35, operatorId=3, actionType=TASK_APPLY, targetType=TASK_APPLICATION, targetId=14
2026-06-11T22:45:43.092+08:00  INFO 2718357 --- [TaskBountyPlatform] [http-nio-8080-exec-10] c.f.t.task.service.TaskService           : Application submitted: taskId=18, applicantId=3, appId=14
2026-06-11T22:45:46.582+08:00 DEBUG 2718357 --- [TaskBountyPlatform] [http-nio-8080-exec-9] c.f.t.c.e.GlobalExceptionHandler         : SPA fallback: /avatars/default.png -> /index.html
2026-06-11T22:46:01.657+08:00 DEBUG 2718357 --- [TaskBountyPlatform] [http-nio-8080-exec-8] c.f.t.c.e.GlobalExceptionHandler         : SPA fallback: /avatars/default.png -> /index.html
2026-06-11T22:46:04.043+08:00 DEBUG 2718357 --- [TaskBountyPlatform] [http-nio-8080-exec-2] c.f.t.n.service.NotificationService      : Marked 1 notifications as read for user 1
2026-06-11T22:46:13.584+08:00 DEBUG 2718357 --- [TaskBountyPlatform] [http-nio-8080-exec-3] c.f.t.n.service.NotificationService      : Notification created: id=247, receiverId=3, type=TASK_AWARDED
2026-06-11T22:46:13.586+08:00 DEBUG 2718357 --- [TaskBountyPlatform] [http-nio-8080-exec-3] c.f.t.audit.service.AuditLogService      : Audit log created: id=36, operatorId=1, actionType=TASK_AWARD, targetType=TASK, targetId=18
2026-06-11T22:46:13.586+08:00  INFO 2718357 --- [TaskBountyPlatform] [http-nio-8080-exec-3] c.f.t.task.service.TaskService           : Application awarded: taskId=18, appId=14, winnerId=3
2026-06-11T22:46:19.221+08:00 ERROR 2718357 --- [TaskBountyPlatform] [http-nio-8080-exec-4] c.f.t.c.e.GlobalExceptionHandler         : Unexpected error

org.springframework.http.converter.HttpMessageNotReadableException: Required request body is missing: public com.firstteam.taskbountyplatform.common.response.ApiResponse<com.firstteam.taskbountyplatform.task.dto.TaskDTO> com.firstteam.taskbountyplatform.task.controller.TaskController.extendDeadline(java.lang.Long,com.firstteam.taskbountyplatform.task.dto.TaskExtendRequest)
	at org.springframework.web.servlet.mvc.method.annotation.RequestResponseBodyMethodProcessor.readWithMessageConverters(RequestResponseBodyMethodProcessor.java:179) ~[spring-webmvc-6.2.18.jar!/:6.2.18]
	at org.springframework.web.servlet.mvc.method.annotation.RequestResponseBodyMethodProcessor.resolveArgument(RequestResponseBodyMethodProcessor.java:150) ~[spring-webmvc-6.2.18.jar!/:6.2.18]
	at org.springframework.web.method.support.HandlerMethodArgumentResolverComposite.resolveArgument(HandlerMethodArgumentResolverComposite.java:122) ~[spring-web-6.2.18.jar!/:6.2.18]
	at org.springframework.web.method.support.InvocableHandlerMethod.getMethodArgumentValues(InvocableHandlerMethod.java:227) ~[spring-web-6.2.18.jar!/:6.2.18]
	at org.springframework.web.method.support.InvocableHandlerMethod.invokeForRequest(InvocableHandlerMethod.java:181) ~[spring-web-6.2.18.jar!/:6.2.18]
	at org.springframework.web.servlet.mvc.method.annotation.ServletInvocableHandlerMethod.invokeAndHandle(ServletInvocableHandlerMethod.java:118) ~[spring-webmvc-6.2.18.jar!/:6.2.18]
	at org.springframework.web.servlet.mvc.method.annotation.RequestMappingHandlerAdapter.invokeHandlerMethod(RequestMappingHandlerAdapter.java:991) ~[spring-webmvc-6.2.18.jar!/:6.2.18]
	at org.springframework.web.servlet.mvc.method.annotation.RequestMappingHandlerAdapter.handleInternal(RequestMappingHandlerAdapter.java:896) ~[spring-webmvc-6.2.18.jar!/:6.2.18]
	at org.springframework.web.servlet.mvc.method.AbstractHandlerMethodAdapter.handle(AbstractHandlerMethodAdapter.java:87) ~[spring-webmvc-6.2.18.jar!/:6.2.18]
	at org.springframework.web.servlet.DispatcherServlet.doDispatch(DispatcherServlet.java:1089) ~[spring-webmvc-6.2.18.jar!/:6.2.18]
	at org.springframework.web.servlet.DispatcherServlet.doService(DispatcherServlet.java:979) ~[spring-webmvc-6.2.18.jar!/:6.2.18]
	at org.springframework.web.servlet.FrameworkServlet.processRequest(FrameworkServlet.java:1014) ~[spring-webmvc-6.2.18.jar!/:6.2.18]
	at org.springframework.web.servlet.FrameworkServlet.doPut(FrameworkServlet.java:925) ~[spring-webmvc-6.2.18.jar!/:6.2.18]
	at jakarta.servlet.http.HttpServlet.service(HttpServlet.java:593) ~[tomcat-embed-core-10.1.54.jar!/:na]
	at org.springframework.web.servlet.FrameworkServlet.service(FrameworkServlet.java:885) ~[spring-webmvc-6.2.18.jar!/:6.2.18]
	at jakarta.servlet.http.HttpServlet.service(HttpServlet.java:658) ~[tomcat-embed-core-10.1.54.jar!/:na]
	at org.apache.catalina.core.ApplicationFilterChain.internalDoFilter(ApplicationFilterChain.java:193) ~[tomcat-embed-core-10.1.54.jar!/:na]
	at org.apache.catalina.core.ApplicationFilterChain.doFilter(ApplicationFilterChain.java:138) ~[tomcat-embed-core-10.1.54.jar!/:na]
	at org.apache.tomcat.websocket.server.WsFilter.doFilter(WsFilter.java:51) ~[tomcat-embed-websocket-10.1.54.jar!/:na]
	at org.apache.catalina.core.ApplicationFilterChain.internalDoFilter(ApplicationFilterChain.java:162) ~[tomcat-embed-core-10.1.54.jar!/:na]
	at org.apache.catalina.core.ApplicationFilterChain.doFilter(ApplicationFilterChain.java:138) ~[tomcat-embed-core-10.1.54.jar!/:na]
	at org.springframework.web.filter.OncePerRequestFilter.doFilter(OncePerRequestFilter.java:110) ~[spring-web-6.2.18.jar!/:6.2.18]
	at org.apache.catalina.core.ApplicationFilterChain.internalDoFilter(ApplicationFilterChain.java:162) ~[tomcat-embed-core-10.1.54.jar!/:na]
	at org.apache.catalina.core.ApplicationFilterChain.doFilter(ApplicationFilterChain.java:138) ~[tomcat-embed-core-10.1.54.jar!/:na]
	at com.firstteam.taskbountyplatform.config.XssFilter.doFilter(XssFilter.java:20) ~[!/:0.0.1-SNAPSHOT]
	at org.apache.catalina.core.ApplicationFilterChain.internalDoFilter(ApplicationFilterChain.java:162) ~[tomcat-embed-core-10.1.54.jar!/:na]
	at org.apache.catalina.core.ApplicationFilterChain.doFilter(ApplicationFilterChain.java:138) ~[tomcat-embed-core-10.1.54.jar!/:na]
	at org.springframework.web.filter.CompositeFilter$VirtualFilterChain.doFilter(CompositeFilter.java:108) ~[spring-web-6.2.18.jar!/:6.2.18]
	at org.springframework.web.filter.CompositeFilter$VirtualFilterChain.doFilter(CompositeFilter.java:108) ~[spring-web-6.2.18.jar!/:6.2.18]
	at org.springframework.security.web.FilterChainProxy.lambda$doFilterInternal$3(FilterChainProxy.java:231) ~[spring-security-web-6.5.10.jar!/:6.5.10]
	at org.springframework.security.web.ObservationFilterChainDecorator$FilterObservation$SimpleFilterObservation.lambda$wrap$1(ObservationFilterChainDecorator.java:490) ~[spring-security-web-6.5.10.jar!/:6.5.10]
	at org.springframework.security.web.ObservationFilterChainDecorator$AroundFilterObservation$SimpleAroundFilterObservation.lambda$wrap$1(ObservationFilterChainDecorator.java:351) ~[spring-security-web-6.5.10.jar!/:6.5.10]
	at org.springframework.security.web.ObservationFilterChainDecorator.lambda$wrapSecured$0(ObservationFilterChainDecorator.java:83) ~[spring-security-web-6.5.10.jar!/:6.5.10]
	at org.springframework.security.web.ObservationFilterChainDecorator$VirtualFilterChain.doFilter(ObservationFilterChainDecorator.java:129) ~[spring-security-web-6.5.10.jar!/:6.5.10]
	at org.springframework.security.web.access.intercept.AuthorizationFilter.doFilter(AuthorizationFilter.java:101) ~[spring-security-web-6.5.10.jar!/:6.5.10]
	at org.springframework.security.web.ObservationFilterChainDecorator$ObservationFilter.wrapFilter(ObservationFilterChainDecorator.java:241) ~[spring-security-web-6.5.10.jar!/:6.5.10]
	at org.springframework.security.web.ObservationFilterChainDecorator$ObservationFilter.doFilter(ObservationFilterChainDecorator.java:228) ~[spring-security-web-6.5.10.jar!/:6.5.10]
	at org.springframework.security.web.ObservationFilterChainDecorator$VirtualFilterChain.doFilter(ObservationFilterChainDecorator.java:138) ~[spring-security-web-6.5.10.jar!/:6.5.10]
	at org.springframework.security.web.access.ExceptionTranslationFilter.doFilter(ExceptionTranslationFilter.java:125) ~[spring-security-web-6.5.10.jar!/:6.5.10]
	at org.springframework.security.web.access.ExceptionTranslationFilter.doFilter(ExceptionTranslationFilter.java:119) ~[spring-security-web-6.5.10.jar!/:6.5.10]
	at org.springframework.security.web.ObservationFilterChainDecorator$ObservationFilter.wrapFilter(ObservationFilterChainDecorator.java:241) ~[spring-security-web-6.5.10.jar!/:6.5.10]
	at org.springframework.security.web.ObservationFilterChainDecorator$ObservationFilter.doFilter(ObservationFilterChainDecorator.java:228) ~[spring-security-web-6.5.10.jar!/:6.5.10]
	at org.springframework.security.web.ObservationFilterChainDecorator$VirtualFilterChain.doFilter(ObservationFilterChainDecorator.java:138) ~[spring-security-web-6.5.10.jar!/:6.5.10]
	at org.springframework.security.web.session.SessionManagementFilter.doFilter(SessionManagementFilter.java:131) ~[spring-security-web-6.5.10.jar!/:6.5.10]
	at org.springframework.security.web.session.SessionManagementFilter.doFilter(SessionManagementFilter.java:85) ~[spring-security-web-6.5.10.jar!/:6.5.10]
	at org.springframework.security.web.ObservationFilterChainDecorator$ObservationFilter.wrapFilter(ObservationFilterChainDecorator.java:241) ~[spring-security-web-6.5.10.jar!/:6.5.10]
	at org.springframework.security.web.ObservationFilterChainDecorator$ObservationFilter.doFilter(ObservationFilterChainDecorator.java:228) ~[spring-security-web-6.5.10.jar!/:6.5.10]
	at org.springframework.security.web.ObservationFilterChainDecorator$VirtualFilterChain.doFilter(ObservationFilterChainDecorator.java:138) ~[spring-security-web-6.5.10.jar!/:6.5.10]
	at org.springframework.security.web.authentication.AnonymousAuthenticationFilter.doFilter(AnonymousAuthenticationFilter.java:100) ~[spring-security-web-6.5.10.jar!/:6.5.10]
	at org.springframework.security.web.ObservationFilterChainDecorator$ObservationFilter.wrapFilter(ObservationFilterChainDecorator.java:241) ~[spring-security-web-6.5.10.jar!/:6.5.10]
	at org.springframework.security.web.ObservationFilterChainDecorator$ObservationFilter.doFilter(ObservationFilterChainDecorator.java:228) ~[spring-security-web-6.5.10.jar!/:6.5.10]
	at org.springframework.security.web.ObservationFilterChainDecorator$VirtualFilterChain.doFilter(ObservationFilterChainDecorator.java:138) ~[spring-security-web-6.5.10.jar!/:6.5.10]
	at org.springframework.security.web.servletapi.SecurityContextHolderAwareRequestFilter.doFilter(SecurityContextHolderAwareRequestFilter.java:179) ~[spring-security-web-6.5.10.jar!/:6.5.10]
	at org.springframework.security.web.ObservationFilterChainDecorator$ObservationFilter.wrapFilter(ObservationFilterChainDecorator.java:241) ~[spring-security-web-6.5.10.jar!/:6.5.10]
	at org.springframework.security.web.ObservationFilterChainDecorator$ObservationFilter.doFilter(ObservationFilterChainDecorator.java:228) ~[spring-security-web-6.5.10.jar!/:6.5.10]
	at org.springframework.security.web.ObservationFilterChainDecorator$VirtualFilterChain.doFilter(ObservationFilterChainDecorator.java:138) ~[spring-security-web-6.5.10.jar!/:6.5.10]
	at org.springframework.security.web.savedrequest.RequestCacheAwareFilter.doFilter(RequestCacheAwareFilter.java:63) ~[spring-security-web-6.5.10.jar!/:6.5.10]
	at org.springframework.security.web.ObservationFilterChainDecorator$ObservationFilter.wrapFilter(ObservationFilterChainDecorator.java:241) ~[spring-security-web-6.5.10.jar!/:6.5.10]
	at org.springframework.security.web.ObservationFilterChainDecorator$ObservationFilter.doFilter(ObservationFilterChainDecorator.java:228) ~[spring-security-web-6.5.10.jar!/:6.5.10]
	at org.springframework.security.web.ObservationFilterChainDecorator$VirtualFilterChain.doFilter(ObservationFilterChainDecorator.java:138) ~[spring-security-web-6.5.10.jar!/:6.5.10]
	at com.firstteam.taskbountyplatform.auth.security.JwtAuthenticationFilter.doFilterInternal(JwtAuthenticationFilter.java:64) ~[!/:0.0.1-SNAPSHOT]
	at org.springframework.web.filter.OncePerRequestFilter.doFilter(OncePerRequestFilter.java:116) ~[spring-web-6.2.18.jar!/:6.2.18]
	at org.springframework.security.web.ObservationFilterChainDecorator$ObservationFilter.wrapFilter(ObservationFilterChainDecorator.java:241) ~[spring-security-web-6.5.10.jar!/:6.5.10]
	at org.springframework.security.web.ObservationFilterChainDecorator$ObservationFilter.doFilter(ObservationFilterChainDecorator.java:228) ~[spring-security-web-6.5.10.jar!/:6.5.10]
	at org.springframework.security.web.ObservationFilterChainDecorator$VirtualFilterChain.doFilter(ObservationFilterChainDecorator.java:138) ~[spring-security-web-6.5.10.jar!/:6.5.10]
	at org.springframework.security.web.authentication.logout.LogoutFilter.doFilter(LogoutFilter.java:107) ~[spring-security-web-6.5.10.jar!/:6.5.10]
	at org.springframework.security.web.authentication.logout.LogoutFilter.doFilter(LogoutFilter.java:93) ~[spring-security-web-6.5.10.jar!/:6.5.10]
	at org.springframework.security.web.ObservationFilterChainDecorator$ObservationFilter.wrapFilter(ObservationFilterChainDecorator.java:241) ~[spring-security-web-6.5.10.jar!/:6.5.10]
	at org.springframework.security.web.ObservationFilterChainDecorator$ObservationFilter.doFilter(ObservationFilterChainDecorator.java:228) ~[spring-security-web-6.5.10.jar!/:6.5.10]
	at org.springframework.security.web.ObservationFilterChainDecorator$VirtualFilterChain.doFilter(ObservationFilterChainDecorator.java:138) ~[spring-security-web-6.5.10.jar!/:6.5.10]
	at org.springframework.web.filter.CorsFilter.doFilterInternal(CorsFilter.java:91) ~[spring-web-6.2.18.jar!/:6.2.18]
	at org.springframework.web.filter.OncePerRequestFilter.doFilter(OncePerRequestFilter.java:116) ~[spring-web-6.2.18.jar!/:6.2.18]
	at org.springframework.security.web.ObservationFilterChainDecorator$ObservationFilter.wrapFilter(ObservationFilterChainDecorator.java:241) ~[spring-security-web-6.5.10.jar!/:6.5.10]
	at org.springframework.security.web.ObservationFilterChainDecorator$ObservationFilter.doFilter(ObservationFilterChainDecorator.java:228) ~[spring-security-web-6.5.10.jar!/:6.5.10]
	at org.springframework.security.web.ObservationFilterChainDecorator$VirtualFilterChain.doFilter(ObservationFilterChainDecorator.java:138) ~[spring-security-web-6.5.10.jar!/:6.5.10]
	at org.springframework.security.web.header.HeaderWriterFilter.doHeadersAfter(HeaderWriterFilter.java:90) ~[spring-security-web-6.5.10.jar!/:6.5.10]
	at org.springframework.security.web.header.HeaderWriterFilter.doFilterInternal(HeaderWriterFilter.java:75) ~[spring-security-web-6.5.10.jar!/:6.5.10]
	at org.springframework.web.filter.OncePerRequestFilter.doFilter(OncePerRequestFilter.java:116) ~[spring-web-6.2.18.jar!/:6.2.18]
	at org.springframework.security.web.ObservationFilterChainDecorator$ObservationFilter.wrapFilter(ObservationFilterChainDecorator.java:241) ~[spring-security-web-6.5.10.jar!/:6.5.10]
	at org.springframework.security.web.ObservationFilterChainDecorator$ObservationFilter.doFilter(ObservationFilterChainDecorator.java:228) ~[spring-security-web-6.5.10.jar!/:6.5.10]
	at org.springframework.security.web.ObservationFilterChainDecorator$VirtualFilterChain.doFilter(ObservationFilterChainDecorator.java:138) ~[spring-security-web-6.5.10.jar!/:6.5.10]
	at org.springframework.security.web.context.SecurityContextHolderFilter.doFilter(SecurityContextHolderFilter.java:82) ~[spring-security-web-6.5.10.jar!/:6.5.10]
	at org.springframework.security.web.context.SecurityContextHolderFilter.doFilter(SecurityContextHolderFilter.java:69) ~[spring-security-web-6.5.10.jar!/:6.5.10]
	at org.springframework.security.web.ObservationFilterChainDecorator$ObservationFilter.wrapFilter(ObservationFilterChainDecorator.java:241) ~[spring-security-web-6.5.10.jar!/:6.5.10]
	at org.springframework.security.web.ObservationFilterChainDecorator$ObservationFilter.doFilter(ObservationFilterChainDecorator.java:228) ~[spring-security-web-6.5.10.jar!/:6.5.10]
	at org.springframework.security.web.ObservationFilterChainDecorator$VirtualFilterChain.doFilter(ObservationFilterChainDecorator.java:138) ~[spring-security-web-6.5.10.jar!/:6.5.10]
	at org.springframework.security.web.context.request.async.WebAsyncManagerIntegrationFilter.doFilterInternal(WebAsyncManagerIntegrationFilter.java:62) ~[spring-security-web-6.5.10.jar!/:6.5.10]
	at org.springframework.web.filter.OncePerRequestFilter.doFilter(OncePerRequestFilter.java:116) ~[spring-web-6.2.18.jar!/:6.2.18]
	at org.springframework.security.web.ObservationFilterChainDecorator$ObservationFilter.wrapFilter(ObservationFilterChainDecorator.java:241) ~[spring-security-web-6.5.10.jar!/:6.5.10]
	at org.springframework.security.web.ObservationFilterChainDecorator$ObservationFilter.doFilter(ObservationFilterChainDecorator.java:228) ~[spring-security-web-6.5.10.jar!/:6.5.10]
	at org.springframework.security.web.ObservationFilterChainDecorator$VirtualFilterChain.doFilter(ObservationFilterChainDecorator.java:138) ~[spring-security-web-6.5.10.jar!/:6.5.10]
	at org.springframework.security.web.session.DisableEncodeUrlFilter.doFilterInternal(DisableEncodeUrlFilter.java:42) ~[spring-security-web-6.5.10.jar!/:6.5.10]
	at org.springframework.web.filter.OncePerRequestFilter.doFilter(OncePerRequestFilter.java:116) ~[spring-web-6.2.18.jar!/:6.2.18]
	at org.springframework.security.web.ObservationFilterChainDecorator$ObservationFilter.wrapFilter(ObservationFilterChainDecorator.java:241) ~[spring-security-web-6.5.10.jar!/:6.5.10]
	at org.springframework.security.web.ObservationFilterChainDecorator$AroundFilterObservation$SimpleAroundFilterObservation.lambda$wrap$0(ObservationFilterChainDecorator.java:334) ~[spring-security-web-6.5.10.jar!/:6.5.10]
	at org.springframework.security.web.ObservationFilterChainDecorator$ObservationFilter.doFilter(ObservationFilterChainDecorator.java:225) ~[spring-security-web-6.5.10.jar!/:6.5.10]
	at org.springframework.security.web.ObservationFilterChainDecorator$VirtualFilterChain.doFilter(ObservationFilterChainDecorator.java:138) ~[spring-security-web-6.5.10.jar!/:6.5.10]
	at org.springframework.security.web.FilterChainProxy.doFilterInternal(FilterChainProxy.java:233) ~[spring-security-web-6.5.10.jar!/:6.5.10]
	at org.springframework.security.web.FilterChainProxy.doFilter(FilterChainProxy.java:191) ~[spring-security-web-6.5.10.jar!/:6.5.10]
	at org.springframework.web.filter.CompositeFilter$VirtualFilterChain.doFilter(CompositeFilter.java:113) ~[spring-web-6.2.18.jar!/:6.2.18]
	at org.springframework.web.filter.ServletRequestPathFilter.doFilter(ServletRequestPathFilter.java:52) ~[spring-web-6.2.18.jar!/:6.2.18]
	at org.springframework.web.filter.CompositeFilter$VirtualFilterChain.doFilter(CompositeFilter.java:113) ~[spring-web-6.2.18.jar!/:6.2.18]
	at org.springframework.web.filter.CompositeFilter.doFilter(CompositeFilter.java:74) ~[spring-web-6.2.18.jar!/:6.2.18]
	at org.springframework.security.config.annotation.web.configuration.WebSecurityConfiguration$CompositeFilterChainProxy.doFilter(WebSecurityConfiguration.java:319) ~[spring-security-config-6.5.10.jar!/:6.5.10]
	at org.springframework.web.filter.CompositeFilter$VirtualFilterChain.doFilter(CompositeFilter.java:113) ~[spring-web-6.2.18.jar!/:6.2.18]
	at org.springframework.web.servlet.handler.HandlerMappingIntrospector.lambda$createCacheFilter$4(HandlerMappingIntrospector.java:267) ~[spring-webmvc-6.2.18.jar!/:6.2.18]
	at org.springframework.web.filter.CompositeFilter$VirtualFilterChain.doFilter(CompositeFilter.java:113) ~[spring-web-6.2.18.jar!/:6.2.18]
	at org.springframework.web.filter.CompositeFilter.doFilter(CompositeFilter.java:74) ~[spring-web-6.2.18.jar!/:6.2.18]
	at org.springframework.security.config.annotation.web.configuration.WebMvcSecurityConfiguration$CompositeFilterChainProxy.doFilter(WebMvcSecurityConfiguration.java:240) ~[spring-security-config-6.5.10.jar!/:6.5.10]
	at org.springframework.web.filter.DelegatingFilterProxy.invokeDelegate(DelegatingFilterProxy.java:362) ~[spring-web-6.2.18.jar!/:6.2.18]
	at org.springframework.web.filter.DelegatingFilterProxy.doFilter(DelegatingFilterProxy.java:278) ~[spring-web-6.2.18.jar!/:6.2.18]
	at org.apache.catalina.core.ApplicationFilterChain.internalDoFilter(ApplicationFilterChain.java:162) ~[tomcat-embed-core-10.1.54.jar!/:na]
	at org.apache.catalina.core.ApplicationFilterChain.doFilter(ApplicationFilterChain.java:138) ~[tomcat-embed-core-10.1.54.jar!/:na]
	at org.springframework.web.filter.RequestContextFilter.doFilterInternal(RequestContextFilter.java:100) ~[spring-web-6.2.18.jar!/:6.2.18]
	at org.springframework.web.filter.OncePerRequestFilter.doFilter(OncePerRequestFilter.java:116) ~[spring-web-6.2.18.jar!/:6.2.18]
	at org.apache.catalina.core.ApplicationFilterChain.internalDoFilter(ApplicationFilterChain.java:162) ~[tomcat-embed-core-10.1.54.jar!/:na]
	at org.apache.catalina.core.ApplicationFilterChain.doFilter(ApplicationFilterChain.java:138) ~[tomcat-embed-core-10.1.54.jar!/:na]
	at org.springframework.web.filter.FormContentFilter.doFilterInternal(FormContentFilter.java:93) ~[spring-web-6.2.18.jar!/:6.2.18]
	at org.springframework.web.filter.OncePerRequestFilter.doFilter(OncePerRequestFilter.java:116) ~[spring-web-6.2.18.jar!/:6.2.18]
	at org.apache.catalina.core.ApplicationFilterChain.internalDoFilter(ApplicationFilterChain.java:162) ~[tomcat-embed-core-10.1.54.jar!/:na]
	at org.apache.catalina.core.ApplicationFilterChain.doFilter(ApplicationFilterChain.java:138) ~[tomcat-embed-core-10.1.54.jar!/:na]
	at org.springframework.web.filter.ServerHttpObservationFilter.doFilterInternal(ServerHttpObservationFilter.java:110) ~[spring-web-6.2.18.jar!/:6.2.18]
	at org.springframework.web.filter.OncePerRequestFilter.doFilter(OncePerRequestFilter.java:116) ~[spring-web-6.2.18.jar!/:6.2.18]
	at org.apache.catalina.core.ApplicationFilterChain.internalDoFilter(ApplicationFilterChain.java:162) ~[tomcat-embed-core-10.1.54.jar!/:na]
	at org.apache.catalina.core.ApplicationFilterChain.doFilter(ApplicationFilterChain.java:138) ~[tomcat-embed-core-10.1.54.jar!/:na]
	at org.springframework.web.filter.CharacterEncodingFilter.doFilterInternal(CharacterEncodingFilter.java:201) ~[spring-web-6.2.18.jar!/:6.2.18]
	at org.springframework.web.filter.OncePerRequestFilter.doFilter(OncePerRequestFilter.java:116) ~[spring-web-6.2.18.jar!/:6.2.18]
	at org.apache.catalina.core.ApplicationFilterChain.internalDoFilter(ApplicationFilterChain.java:162) ~[tomcat-embed-core-10.1.54.jar!/:na]
	at org.apache.catalina.core.ApplicationFilterChain.doFilter(ApplicationFilterChain.java:138) ~[tomcat-embed-core-10.1.54.jar!/:na]
	at org.apache.catalina.core.StandardWrapperValve.invoke(StandardWrapperValve.java:165) ~[tomcat-embed-core-10.1.54.jar!/:na]
	at org.apache.catalina.core.StandardContextValve.invoke(StandardContextValve.java:88) ~[tomcat-embed-core-10.1.54.jar!/:na]
	at org.apache.catalina.authenticator.AuthenticatorBase.invoke(AuthenticatorBase.java:492) ~[tomcat-embed-core-10.1.54.jar!/:na]
	at org.apache.catalina.core.StandardHostValve.invoke(StandardHostValve.java:113) ~[tomcat-embed-core-10.1.54.jar!/:na]
	at org.apache.catalina.valves.ErrorReportValve.invoke(ErrorReportValve.java:83) ~[tomcat-embed-core-10.1.54.jar!/:na]
	at org.apache.catalina.core.StandardEngineValve.invoke(StandardEngineValve.java:72) ~[tomcat-embed-core-10.1.54.jar!/:na]
	at org.apache.catalina.connector.CoyoteAdapter.service(CoyoteAdapter.java:342) ~[tomcat-embed-core-10.1.54.jar!/:na]
	at org.apache.coyote.http11.Http11Processor.service(Http11Processor.java:399) ~[tomcat-embed-core-10.1.54.jar!/:na]
	at org.apache.coyote.AbstractProcessorLight.process(AbstractProcessorLight.java:63) ~[tomcat-embed-core-10.1.54.jar!/:na]
	at org.apache.coyote.AbstractProtocol$ConnectionHandler.process(AbstractProtocol.java:903) ~[tomcat-embed-core-10.1.54.jar!/:na]
	at org.apache.tomcat.util.net.NioEndpoint$SocketProcessor.doRun(NioEndpoint.java:1797) ~[tomcat-embed-core-10.1.54.jar!/:na]
	at org.apache.tomcat.util.net.SocketProcessorBase.run(SocketProcessorBase.java:52) ~[tomcat-embed-core-10.1.54.jar!/:na]
	at org.apache.tomcat.util.threads.ThreadPoolExecutor.runWorker(ThreadPoolExecutor.java:973) ~[tomcat-embed-core-10.1.54.jar!/:na]
	at org.apache.tomcat.util.threads.ThreadPoolExecutor$Worker.run(ThreadPoolExecutor.java:491) ~[tomcat-embed-core-10.1.54.jar!/:na]
	at org.apache.tomcat.util.threads.TaskThread$WrappingRunnable.run(TaskThread.java:63) ~[tomcat-embed-core-10.1.54.jar!/:na]
	at java.base/java.lang.Thread.run(Thread.java:840) ~[na:na]

2026-06-11T22:46:22.090+08:00 ERROR 2718357 --- [TaskBountyPlatform] [http-nio-8080-exec-7] c.f.t.c.e.GlobalExceptionHandler         : Unexpected error

org.springframework.http.converter.HttpMessageNotReadableException: Required request body is missing: public com.firstteam.taskbountyplatform.common.response.ApiResponse<com.firstteam.taskbountyplatform.task.dto.TaskDTO> com.firstteam.taskbountyplatform.task.controller.TaskController.extendDeadline(java.lang.Long,com.firstteam.taskbountyplatform.task.dto.TaskExtendRequest)
	at org.springframework.web.servlet.mvc.method.annotation.RequestResponseBodyMethodProcessor.readWithMessageConverters(RequestResponseBodyMethodProcessor.java:179) ~[spring-webmvc-6.2.18.jar!/:6.2.18]
	at org.springframework.web.servlet.mvc.method.annotation.RequestResponseBodyMethodProcessor.resolveArgument(RequestResponseBodyMethodProcessor.java:150) ~[spring-webmvc-6.2.18.jar!/:6.2.18]
	at org.springframework.web.method.support.HandlerMethodArgumentResolverComposite.resolveArgument(HandlerMethodArgumentResolverComposite.java:122) ~[spring-web-6.2.18.jar!/:6.2.18]
	at org.springframework.web.method.support.InvocableHandlerMethod.getMethodArgumentValues(InvocableHandlerMethod.java:227) ~[spring-web-6.2.18.jar!/:6.2.18]
	at org.springframework.web.method.support.InvocableHandlerMethod.invokeForRequest(InvocableHandlerMethod.java:181) ~[spring-web-6.2.18.jar!/:6.2.18]
	at org.springframework.web.servlet.mvc.method.annotation.ServletInvocableHandlerMethod.invokeAndHandle(ServletInvocableHandlerMethod.java:118) ~[spring-webmvc-6.2.18.jar!/:6.2.18]
	at org.springframework.web.servlet.mvc.method.annotation.RequestMappingHandlerAdapter.invokeHandlerMethod(RequestMappingHandlerAdapter.java:991) ~[spring-webmvc-6.2.18.jar!/:6.2.18]
	at org.springframework.web.servlet.mvc.method.annotation.RequestMappingHandlerAdapter.handleInternal(RequestMappingHandlerAdapter.java:896) ~[spring-webmvc-6.2.18.jar!/:6.2.18]
	at org.springframework.web.servlet.mvc.method.AbstractHandlerMethodAdapter.handle(AbstractHandlerMethodAdapter.java:87) ~[spring-webmvc-6.2.18.jar!/:6.2.18]
	at org.springframework.web.servlet.DispatcherServlet.doDispatch(DispatcherServlet.java:1089) ~[spring-webmvc-6.2.18.jar!/:6.2.18]
	at org.springframework.web.servlet.DispatcherServlet.doService(DispatcherServlet.java:979) ~[spring-webmvc-6.2.18.jar!/:6.2.18]
	at org.springframework.web.servlet.FrameworkServlet.processRequest(FrameworkServlet.java:1014) ~[spring-webmvc-6.2.18.jar!/:6.2.18]
	at org.springframework.web.servlet.FrameworkServlet.doPut(FrameworkServlet.java:925) ~[spring-webmvc-6.2.18.jar!/:6.2.18]
	at jakarta.servlet.http.HttpServlet.service(HttpServlet.java:593) ~[tomcat-embed-core-10.1.54.jar!/:na]
	at org.springframework.web.servlet.FrameworkServlet.service(FrameworkServlet.java:885) ~[spring-webmvc-6.2.18.jar!/:6.2.18]
	at jakarta.servlet.http.HttpServlet.service(HttpServlet.java:658) ~[tomcat-embed-core-10.1.54.jar!/:na]
	at org.apache.catalina.core.ApplicationFilterChain.internalDoFilter(ApplicationFilterChain.java:193) ~[tomcat-embed-core-10.1.54.jar!/:na]
	at org.apache.catalina.core.ApplicationFilterChain.doFilter(ApplicationFilterChain.java:138) ~[tomcat-embed-core-10.1.54.jar!/:na]
	at org.apache.tomcat.websocket.server.WsFilter.doFilter(WsFilter.java:51) ~[tomcat-embed-websocket-10.1.54.jar!/:na]
	at org.apache.catalina.core.ApplicationFilterChain.internalDoFilter(ApplicationFilterChain.java:162) ~[tomcat-embed-core-10.1.54.jar!/:na]
	at org.apache.catalina.core.ApplicationFilterChain.doFilter(ApplicationFilterChain.java:138) ~[tomcat-embed-core-10.1.54.jar!/:na]
	at org.springframework.web.filter.OncePerRequestFilter.doFilter(OncePerRequestFilter.java:110) ~[spring-web-6.2.18.jar!/:6.2.18]
	at org.apache.catalina.core.ApplicationFilterChain.internalDoFilter(ApplicationFilterChain.java:162) ~[tomcat-embed-core-10.1.54.jar!/:na]
	at org.apache.catalina.core.ApplicationFilterChain.doFilter(ApplicationFilterChain.java:138) ~[tomcat-embed-core-10.1.54.jar!/:na]
	at com.firstteam.taskbountyplatform.config.XssFilter.doFilter(XssFilter.java:20) ~[!/:0.0.1-SNAPSHOT]
	at org.apache.catalina.core.ApplicationFilterChain.internalDoFilter(ApplicationFilterChain.java:162) ~[tomcat-embed-core-10.1.54.jar!/:na]
	at org.apache.catalina.core.ApplicationFilterChain.doFilter(ApplicationFilterChain.java:138) ~[tomcat-embed-core-10.1.54.jar!/:na]
	at org.springframework.web.filter.CompositeFilter$VirtualFilterChain.doFilter(CompositeFilter.java:108) ~[spring-web-6.2.18.jar!/:6.2.18]
	at org.springframework.web.filter.CompositeFilter$VirtualFilterChain.doFilter(CompositeFilter.java:108) ~[spring-web-6.2.18.jar!/:6.2.18]
	at org.springframework.security.web.FilterChainProxy.lambda$doFilterInternal$3(FilterChainProxy.java:231) ~[spring-security-web-6.5.10.jar!/:6.5.10]
	at org.springframework.security.web.ObservationFilterChainDecorator$FilterObservation$SimpleFilterObservation.lambda$wrap$1(ObservationFilterChainDecorator.java:490) ~[spring-security-web-6.5.10.jar!/:6.5.10]
	at org.springframework.security.web.ObservationFilterChainDecorator$AroundFilterObservation$SimpleAroundFilterObservation.lambda$wrap$1(ObservationFilterChainDecorator.java:351) ~[spring-security-web-6.5.10.jar!/:6.5.10]
	at org.springframework.security.web.ObservationFilterChainDecorator.lambda$wrapSecured$0(ObservationFilterChainDecorator.java:83) ~[spring-security-web-6.5.10.jar!/:6.5.10]
	at org.springframework.security.web.ObservationFilterChainDecorator$VirtualFilterChain.doFilter(ObservationFilterChainDecorator.java:129) ~[spring-security-web-6.5.10.jar!/:6.5.10]
	at org.springframework.security.web.access.intercept.AuthorizationFilter.doFilter(AuthorizationFilter.java:101) ~[spring-security-web-6.5.10.jar!/:6.5.10]
	at org.springframework.security.web.ObservationFilterChainDecorator$ObservationFilter.wrapFilter(ObservationFilterChainDecorator.java:241) ~[spring-security-web-6.5.10.jar!/:6.5.10]
	at org.springframework.security.web.ObservationFilterChainDecorator$ObservationFilter.doFilter(ObservationFilterChainDecorator.java:228) ~[spring-security-web-6.5.10.jar!/:6.5.10]
	at org.springframework.security.web.ObservationFilterChainDecorator$VirtualFilterChain.doFilter(ObservationFilterChainDecorator.java:138) ~[spring-security-web-6.5.10.jar!/:6.5.10]
	at org.springframework.security.web.access.ExceptionTranslationFilter.doFilter(ExceptionTranslationFilter.java:125) ~[spring-security-web-6.5.10.jar!/:6.5.10]
	at org.springframework.security.web.access.ExceptionTranslationFilter.doFilter(ExceptionTranslationFilter.java:119) ~[spring-security-web-6.5.10.jar!/:6.5.10]
	at org.springframework.security.web.ObservationFilterChainDecorator$ObservationFilter.wrapFilter(ObservationFilterChainDecorator.java:241) ~[spring-security-web-6.5.10.jar!/:6.5.10]
	at org.springframework.security.web.ObservationFilterChainDecorator$ObservationFilter.doFilter(ObservationFilterChainDecorator.java:228) ~[spring-security-web-6.5.10.jar!/:6.5.10]
	at org.springframework.security.web.ObservationFilterChainDecorator$VirtualFilterChain.doFilter(ObservationFilterChainDecorator.java:138) ~[spring-security-web-6.5.10.jar!/:6.5.10]
	at org.springframework.security.web.session.SessionManagementFilter.doFilter(SessionManagementFilter.java:131) ~[spring-security-web-6.5.10.jar!/:6.5.10]
	at org.springframework.security.web.session.SessionManagementFilter.doFilter(SessionManagementFilter.java:85) ~[spring-security-web-6.5.10.jar!/:6.5.10]
	at org.springframework.security.web.ObservationFilterChainDecorator$ObservationFilter.wrapFilter(ObservationFilterChainDecorator.java:241) ~[spring-security-web-6.5.10.jar!/:6.5.10]
	at org.springframework.security.web.ObservationFilterChainDecorator$ObservationFilter.doFilter(ObservationFilterChainDecorator.java:228) ~[spring-security-web-6.5.10.jar!/:6.5.10]
	at org.springframework.security.web.ObservationFilterChainDecorator$VirtualFilterChain.doFilter(ObservationFilterChainDecorator.java:138) ~[spring-security-web-6.5.10.jar!/:6.5.10]
	at org.springframework.security.web.authentication.AnonymousAuthenticationFilter.doFilter(AnonymousAuthenticationFilter.java:100) ~[spring-security-web-6.5.10.jar!/:6.5.10]
	at org.springframework.security.web.ObservationFilterChainDecorator$ObservationFilter.wrapFilter(ObservationFilterChainDecorator.java:241) ~[spring-security-web-6.5.10.jar!/:6.5.10]
	at org.springframework.security.web.ObservationFilterChainDecorator$ObservationFilter.doFilter(ObservationFilterChainDecorator.java:228) ~[spring-security-web-6.5.10.jar!/:6.5.10]
	at org.springframework.security.web.ObservationFilterChainDecorator$VirtualFilterChain.doFilter(ObservationFilterChainDecorator.java:138) ~[spring-security-web-6.5.10.jar!/:6.5.10]
	at org.springframework.security.web.servletapi.SecurityContextHolderAwareRequestFilter.doFilter(SecurityContextHolderAwareRequestFilter.java:179) ~[spring-security-web-6.5.10.jar!/:6.5.10]
	at org.springframework.security.web.ObservationFilterChainDecorator$ObservationFilter.wrapFilter(ObservationFilterChainDecorator.java:241) ~[spring-security-web-6.5.10.jar!/:6.5.10]
	at org.springframework.security.web.ObservationFilterChainDecorator$ObservationFilter.doFilter(ObservationFilterChainDecorator.java:228) ~[spring-security-web-6.5.10.jar!/:6.5.10]
	at org.springframework.security.web.ObservationFilterChainDecorator$VirtualFilterChain.doFilter(ObservationFilterChainDecorator.java:138) ~[spring-security-web-6.5.10.jar!/:6.5.10]
	at org.springframework.security.web.savedrequest.RequestCacheAwareFilter.doFilter(RequestCacheAwareFilter.java:63) ~[spring-security-web-6.5.10.jar!/:6.5.10]
	at org.springframework.security.web.ObservationFilterChainDecorator$ObservationFilter.wrapFilter(ObservationFilterChainDecorator.java:241) ~[spring-security-web-6.5.10.jar!/:6.5.10]
	at org.springframework.security.web.ObservationFilterChainDecorator$ObservationFilter.doFilter(ObservationFilterChainDecorator.java:228) ~[spring-security-web-6.5.10.jar!/:6.5.10]
	at org.springframework.security.web.ObservationFilterChainDecorator$VirtualFilterChain.doFilter(ObservationFilterChainDecorator.java:138) ~[spring-security-web-6.5.10.jar!/:6.5.10]
	at com.firstteam.taskbountyplatform.auth.security.JwtAuthenticationFilter.doFilterInternal(JwtAuthenticationFilter.java:64) ~[!/:0.0.1-SNAPSHOT]
	at org.springframework.web.filter.OncePerRequestFilter.doFilter(OncePerRequestFilter.java:116) ~[spring-web-6.2.18.jar!/:6.2.18]
	at org.springframework.security.web.ObservationFilterChainDecorator$ObservationFilter.wrapFilter(ObservationFilterChainDecorator.java:241) ~[spring-security-web-6.5.10.jar!/:6.5.10]
	at org.springframework.security.web.ObservationFilterChainDecorator$ObservationFilter.doFilter(ObservationFilterChainDecorator.java:228) ~[spring-security-web-6.5.10.jar!/:6.5.10]
	at org.springframework.security.web.ObservationFilterChainDecorator$VirtualFilterChain.doFilter(ObservationFilterChainDecorator.java:138) ~[spring-security-web-6.5.10.jar!/:6.5.10]
	at org.springframework.security.web.authentication.logout.LogoutFilter.doFilter(LogoutFilter.java:107) ~[spring-security-web-6.5.10.jar!/:6.5.10]
	at org.springframework.security.web.authentication.logout.LogoutFilter.doFilter(LogoutFilter.java:93) ~[spring-security-web-6.5.10.jar!/:6.5.10]
	at org.springframework.security.web.ObservationFilterChainDecorator$ObservationFilter.wrapFilter(ObservationFilterChainDecorator.java:241) ~[spring-security-web-6.5.10.jar!/:6.5.10]
	at org.springframework.security.web.ObservationFilterChainDecorator$ObservationFilter.doFilter(ObservationFilterChainDecorator.java:228) ~[spring-security-web-6.5.10.jar!/:6.5.10]
	at org.springframework.security.web.ObservationFilterChainDecorator$VirtualFilterChain.doFilter(ObservationFilterChainDecorator.java:138) ~[spring-security-web-6.5.10.jar!/:6.5.10]
	at org.springframework.web.filter.CorsFilter.doFilterInternal(CorsFilter.java:91) ~[spring-web-6.2.18.jar!/:6.2.18]
	at org.springframework.web.filter.OncePerRequestFilter.doFilter(OncePerRequestFilter.java:116) ~[spring-web-6.2.18.jar!/:6.2.18]
	at org.springframework.security.web.ObservationFilterChainDecorator$ObservationFilter.wrapFilter(ObservationFilterChainDecorator.java:241) ~[spring-security-web-6.5.10.jar!/:6.5.10]
	at org.springframework.security.web.ObservationFilterChainDecorator$ObservationFilter.doFilter(ObservationFilterChainDecorator.java:228) ~[spring-security-web-6.5.10.jar!/:6.5.10]
	at org.springframework.security.web.ObservationFilterChainDecorator$VirtualFilterChain.doFilter(ObservationFilterChainDecorator.java:138) ~[spring-security-web-6.5.10.jar!/:6.5.10]
	at org.springframework.security.web.header.HeaderWriterFilter.doHeadersAfter(HeaderWriterFilter.java:90) ~[spring-security-web-6.5.10.jar!/:6.5.10]
	at org.springframework.security.web.header.HeaderWriterFilter.doFilterInternal(HeaderWriterFilter.java:75) ~[spring-security-web-6.5.10.jar!/:6.5.10]
	at org.springframework.web.filter.OncePerRequestFilter.doFilter(OncePerRequestFilter.java:116) ~[spring-web-6.2.18.jar!/:6.2.18]
	at org.springframework.security.web.ObservationFilterChainDecorator$ObservationFilter.wrapFilter(ObservationFilterChainDecorator.java:241) ~[spring-security-web-6.5.10.jar!/:6.5.10]
	at org.springframework.security.web.ObservationFilterChainDecorator$ObservationFilter.doFilter(ObservationFilterChainDecorator.java:228) ~[spring-security-web-6.5.10.jar!/:6.5.10]
	at org.springframework.security.web.ObservationFilterChainDecorator$VirtualFilterChain.doFilter(ObservationFilterChainDecorator.java:138) ~[spring-security-web-6.5.10.jar!/:6.5.10]
	at org.springframework.security.web.context.SecurityContextHolderFilter.doFilter(SecurityContextHolderFilter.java:82) ~[spring-security-web-6.5.10.jar!/:6.5.10]
	at org.springframework.security.web.context.SecurityContextHolderFilter.doFilter(SecurityContextHolderFilter.java:69) ~[spring-security-web-6.5.10.jar!/:6.5.10]
	at org.springframework.security.web.ObservationFilterChainDecorator$ObservationFilter.wrapFilter(ObservationFilterChainDecorator.java:241) ~[spring-security-web-6.5.10.jar!/:6.5.10]
	at org.springframework.security.web.ObservationFilterChainDecorator$ObservationFilter.doFilter(ObservationFilterChainDecorator.java:228) ~[spring-security-web-6.5.10.jar!/:6.5.10]
	at org.springframework.security.web.ObservationFilterChainDecorator$VirtualFilterChain.doFilter(ObservationFilterChainDecorator.java:138) ~[spring-security-web-6.5.10.jar!/:6.5.10]
	at org.springframework.security.web.context.request.async.WebAsyncManagerIntegrationFilter.doFilterInternal(WebAsyncManagerIntegrationFilter.java:62) ~[spring-security-web-6.5.10.jar!/:6.5.10]
	at org.springframework.web.filter.OncePerRequestFilter.doFilter(OncePerRequestFilter.java:116) ~[spring-web-6.2.18.jar!/:6.2.18]
	at org.springframework.security.web.ObservationFilterChainDecorator$ObservationFilter.wrapFilter(ObservationFilterChainDecorator.java:241) ~[spring-security-web-6.5.10.jar!/:6.5.10]
	at org.springframework.security.web.ObservationFilterChainDecorator$ObservationFilter.doFilter(ObservationFilterChainDecorator.java:228) ~[spring-security-web-6.5.10.jar!/:6.5.10]
	at org.springframework.security.web.ObservationFilterChainDecorator$VirtualFilterChain.doFilter(ObservationFilterChainDecorator.java:138) ~[spring-security-web-6.5.10.jar!/:6.5.10]
	at org.springframework.security.web.session.DisableEncodeUrlFilter.doFilterInternal(DisableEncodeUrlFilter.java:42) ~[spring-security-web-6.5.10.jar!/:6.5.10]
	at org.springframework.web.filter.OncePerRequestFilter.doFilter(OncePerRequestFilter.java:116) ~[spring-web-6.2.18.jar!/:6.2.18]
	at org.springframework.security.web.ObservationFilterChainDecorator$ObservationFilter.wrapFilter(ObservationFilterChainDecorator.java:241) ~[spring-security-web-6.5.10.jar!/:6.5.10]
	at org.springframework.security.web.ObservationFilterChainDecorator$AroundFilterObservation$SimpleAroundFilterObservation.lambda$wrap$0(ObservationFilterChainDecorator.java:334) ~[spring-security-web-6.5.10.jar!/:6.5.10]
	at org.springframework.security.web.ObservationFilterChainDecorator$ObservationFilter.doFilter(ObservationFilterChainDecorator.java:225) ~[spring-security-web-6.5.10.jar!/:6.5.10]
	at org.springframework.security.web.ObservationFilterChainDecorator$VirtualFilterChain.doFilter(ObservationFilterChainDecorator.java:138) ~[spring-security-web-6.5.10.jar!/:6.5.10]
	at org.springframework.security.web.FilterChainProxy.doFilterInternal(FilterChainProxy.java:233) ~[spring-security-web-6.5.10.jar!/:6.5.10]
	at org.springframework.security.web.FilterChainProxy.doFilter(FilterChainProxy.java:191) ~[spring-security-web-6.5.10.jar!/:6.5.10]
	at org.springframework.web.filter.CompositeFilter$VirtualFilterChain.doFilter(CompositeFilter.java:113) ~[spring-web-6.2.18.jar!/:6.2.18]
	at org.springframework.web.filter.ServletRequestPathFilter.doFilter(ServletRequestPathFilter.java:52) ~[spring-web-6.2.18.jar!/:6.2.18]
	at org.springframework.web.filter.CompositeFilter$VirtualFilterChain.doFilter(CompositeFilter.java:113) ~[spring-web-6.2.18.jar!/:6.2.18]
	at org.springframework.web.filter.CompositeFilter.doFilter(CompositeFilter.java:74) ~[spring-web-6.2.18.jar!/:6.2.18]
	at org.springframework.security.config.annotation.web.configuration.WebSecurityConfiguration$CompositeFilterChainProxy.doFilter(WebSecurityConfiguration.java:319) ~[spring-security-config-6.5.10.jar!/:6.5.10]
	at org.springframework.web.filter.CompositeFilter$VirtualFilterChain.doFilter(CompositeFilter.java:113) ~[spring-web-6.2.18.jar!/:6.2.18]
	at org.springframework.web.servlet.handler.HandlerMappingIntrospector.lambda$createCacheFilter$4(HandlerMappingIntrospector.java:267) ~[spring-webmvc-6.2.18.jar!/:6.2.18]
	at org.springframework.web.filter.CompositeFilter$VirtualFilterChain.doFilter(CompositeFilter.java:113) ~[spring-web-6.2.18.jar!/:6.2.18]
	at org.springframework.web.filter.CompositeFilter.doFilter(CompositeFilter.java:74) ~[spring-web-6.2.18.jar!/:6.2.18]
	at org.springframework.security.config.annotation.web.configuration.WebMvcSecurityConfiguration$CompositeFilterChainProxy.doFilter(WebMvcSecurityConfiguration.java:240) ~[spring-security-config-6.5.10.jar!/:6.5.10]
	at org.springframework.web.filter.DelegatingFilterProxy.invokeDelegate(DelegatingFilterProxy.java:362) ~[spring-web-6.2.18.jar!/:6.2.18]
	at org.springframework.web.filter.DelegatingFilterProxy.doFilter(DelegatingFilterProxy.java:278) ~[spring-web-6.2.18.jar!/:6.2.18]
	at org.apache.catalina.core.ApplicationFilterChain.internalDoFilter(ApplicationFilterChain.java:162) ~[tomcat-embed-core-10.1.54.jar!/:na]
	at org.apache.catalina.core.ApplicationFilterChain.doFilter(ApplicationFilterChain.java:138) ~[tomcat-embed-core-10.1.54.jar!/:na]
	at org.springframework.web.filter.RequestContextFilter.doFilterInternal(RequestContextFilter.java:100) ~[spring-web-6.2.18.jar!/:6.2.18]
	at org.springframework.web.filter.OncePerRequestFilter.doFilter(OncePerRequestFilter.java:116) ~[spring-web-6.2.18.jar!/:6.2.18]
	at org.apache.catalina.core.ApplicationFilterChain.internalDoFilter(ApplicationFilterChain.java:162) ~[tomcat-embed-core-10.1.54.jar!/:na]
	at org.apache.catalina.core.ApplicationFilterChain.doFilter(ApplicationFilterChain.java:138) ~[tomcat-embed-core-10.1.54.jar!/:na]
	at org.springframework.web.filter.FormContentFilter.doFilterInternal(FormContentFilter.java:93) ~[spring-web-6.2.18.jar!/:6.2.18]
	at org.springframework.web.filter.OncePerRequestFilter.doFilter(OncePerRequestFilter.java:116) ~[spring-web-6.2.18.jar!/:6.2.18]
	at org.apache.catalina.core.ApplicationFilterChain.internalDoFilter(ApplicationFilterChain.java:162) ~[tomcat-embed-core-10.1.54.jar!/:na]
	at org.apache.catalina.core.ApplicationFilterChain.doFilter(ApplicationFilterChain.java:138) ~[tomcat-embed-core-10.1.54.jar!/:na]
	at org.springframework.web.filter.ServerHttpObservationFilter.doFilterInternal(ServerHttpObservationFilter.java:110) ~[spring-web-6.2.18.jar!/:6.2.18]
	at org.springframework.web.filter.OncePerRequestFilter.doFilter(OncePerRequestFilter.java:116) ~[spring-web-6.2.18.jar!/:6.2.18]
	at org.apache.catalina.core.ApplicationFilterChain.internalDoFilter(ApplicationFilterChain.java:162) ~[tomcat-embed-core-10.1.54.jar!/:na]
	at org.apache.catalina.core.ApplicationFilterChain.doFilter(ApplicationFilterChain.java:138) ~[tomcat-embed-core-10.1.54.jar!/:na]
	at org.springframework.web.filter.CharacterEncodingFilter.doFilterInternal(CharacterEncodingFilter.java:201) ~[spring-web-6.2.18.jar!/:6.2.18]
	at org.springframework.web.filter.OncePerRequestFilter.doFilter(OncePerRequestFilter.java:116) ~[spring-web-6.2.18.jar!/:6.2.18]
	at org.apache.catalina.core.ApplicationFilterChain.internalDoFilter(ApplicationFilterChain.java:162) ~[tomcat-embed-core-10.1.54.jar!/:na]
	at org.apache.catalina.core.ApplicationFilterChain.doFilter(ApplicationFilterChain.java:138) ~[tomcat-embed-core-10.1.54.jar!/:na]
	at org.apache.catalina.core.StandardWrapperValve.invoke(StandardWrapperValve.java:165) ~[tomcat-embed-core-10.1.54.jar!/:na]
	at org.apache.catalina.core.StandardContextValve.invoke(StandardContextValve.java:88) ~[tomcat-embed-core-10.1.54.jar!/:na]
	at org.apache.catalina.authenticator.AuthenticatorBase.invoke(AuthenticatorBase.java:492) ~[tomcat-embed-core-10.1.54.jar!/:na]
	at org.apache.catalina.core.StandardHostValve.invoke(StandardHostValve.java:113) ~[tomcat-embed-core-10.1.54.jar!/:na]
	at org.apache.catalina.valves.ErrorReportValve.invoke(ErrorReportValve.java:83) ~[tomcat-embed-core-10.1.54.jar!/:na]
	at org.apache.catalina.core.StandardEngineValve.invoke(StandardEngineValve.java:72) ~[tomcat-embed-core-10.1.54.jar!/:na]
	at org.apache.catalina.connector.CoyoteAdapter.service(CoyoteAdapter.java:342) ~[tomcat-embed-core-10.1.54.jar!/:na]
	at org.apache.coyote.http11.Http11Processor.service(Http11Processor.java:399) ~[tomcat-embed-core-10.1.54.jar!/:na]
	at org.apache.coyote.AbstractProcessorLight.process(AbstractProcessorLight.java:63) ~[tomcat-embed-core-10.1.54.jar!/:na]
	at org.apache.coyote.AbstractProtocol$ConnectionHandler.process(AbstractProtocol.java:903) ~[tomcat-embed-core-10.1.54.jar!/:na]
	at org.apache.tomcat.util.net.NioEndpoint$SocketProcessor.doRun(NioEndpoint.java:1797) ~[tomcat-embed-core-10.1.54.jar!/:na]
	at org.apache.tomcat.util.net.SocketProcessorBase.run(SocketProcessorBase.java:52) ~[tomcat-embed-core-10.1.54.jar!/:na]
	at org.apache.tomcat.util.threads.ThreadPoolExecutor.runWorker(ThreadPoolExecutor.java:973) ~[tomcat-embed-core-10.1.54.jar!/:na]
	at org.apache.tomcat.util.threads.ThreadPoolExecutor$Worker.run(ThreadPoolExecutor.java:491) ~[tomcat-embed-core-10.1.54.jar!/:na]
	at org.apache.tomcat.util.threads.TaskThread$WrappingRunnable.run(TaskThread.java:63) ~[tomcat-embed-core-10.1.54.jar!/:na]
	at java.base/java.lang.Thread.run(Thread.java:840) ~[na:na]

2026-06-11T22:46:32.341+08:00 ERROR 2718357 --- [TaskBountyPlatform] [http-nio-8080-exec-6] c.f.t.c.e.GlobalExceptionHandler         : Unexpected error

org.springframework.web.HttpMediaTypeNotSupportedException: Content-Type 'multipart/form-data;boundary=----WebKitFormBoundaryjQP6m1K9LdaZbZws;charset=UTF-8' is not supported
	at org.springframework.web.servlet.mvc.method.annotation.AbstractMessageConverterMethodArgumentResolver.readWithMessageConverters(AbstractMessageConverterMethodArgumentResolver.java:236) ~[spring-webmvc-6.2.18.jar!/:6.2.18]
	at org.springframework.web.servlet.mvc.method.annotation.RequestResponseBodyMethodProcessor.readWithMessageConverters(RequestResponseBodyMethodProcessor.java:176) ~[spring-webmvc-6.2.18.jar!/:6.2.18]
	at org.springframework.web.servlet.mvc.method.annotation.RequestResponseBodyMethodProcessor.resolveArgument(RequestResponseBodyMethodProcessor.java:150) ~[spring-webmvc-6.2.18.jar!/:6.2.18]
	at org.springframework.web.method.support.HandlerMethodArgumentResolverComposite.resolveArgument(HandlerMethodArgumentResolverComposite.java:122) ~[spring-web-6.2.18.jar!/:6.2.18]
	at org.springframework.web.method.support.InvocableHandlerMethod.getMethodArgumentValues(InvocableHandlerMethod.java:227) ~[spring-web-6.2.18.jar!/:6.2.18]
	at org.springframework.web.method.support.InvocableHandlerMethod.invokeForRequest(InvocableHandlerMethod.java:181) ~[spring-web-6.2.18.jar!/:6.2.18]
	at org.springframework.web.servlet.mvc.method.annotation.ServletInvocableHandlerMethod.invokeAndHandle(ServletInvocableHandlerMethod.java:118) ~[spring-webmvc-6.2.18.jar!/:6.2.18]
	at org.springframework.web.servlet.mvc.method.annotation.RequestMappingHandlerAdapter.invokeHandlerMethod(RequestMappingHandlerAdapter.java:991) ~[spring-webmvc-6.2.18.jar!/:6.2.18]
	at org.springframework.web.servlet.mvc.method.annotation.RequestMappingHandlerAdapter.handleInternal(RequestMappingHandlerAdapter.java:896) ~[spring-webmvc-6.2.18.jar!/:6.2.18]
	at org.springframework.web.servlet.mvc.method.AbstractHandlerMethodAdapter.handle(AbstractHandlerMethodAdapter.java:87) ~[spring-webmvc-6.2.18.jar!/:6.2.18]
	at org.springframework.web.servlet.DispatcherServlet.doDispatch(DispatcherServlet.java:1089) ~[spring-webmvc-6.2.18.jar!/:6.2.18]
	at org.springframework.web.servlet.DispatcherServlet.doService(DispatcherServlet.java:979) ~[spring-webmvc-6.2.18.jar!/:6.2.18]
	at org.springframework.web.servlet.FrameworkServlet.processRequest(FrameworkServlet.java:1014) ~[spring-webmvc-6.2.18.jar!/:6.2.18]
	at org.springframework.web.servlet.FrameworkServlet.doPost(FrameworkServlet.java:914) ~[spring-webmvc-6.2.18.jar!/:6.2.18]
	at jakarta.servlet.http.HttpServlet.service(HttpServlet.java:590) ~[tomcat-embed-core-10.1.54.jar!/:na]
	at org.springframework.web.servlet.FrameworkServlet.service(FrameworkServlet.java:885) ~[spring-webmvc-6.2.18.jar!/:6.2.18]
	at jakarta.servlet.http.HttpServlet.service(HttpServlet.java:658) ~[tomcat-embed-core-10.1.54.jar!/:na]
	at org.apache.catalina.core.ApplicationFilterChain.internalDoFilter(ApplicationFilterChain.java:193) ~[tomcat-embed-core-10.1.54.jar!/:na]
	at org.apache.catalina.core.ApplicationFilterChain.doFilter(ApplicationFilterChain.java:138) ~[tomcat-embed-core-10.1.54.jar!/:na]
	at org.apache.tomcat.websocket.server.WsFilter.doFilter(WsFilter.java:51) ~[tomcat-embed-websocket-10.1.54.jar!/:na]
	at org.apache.catalina.core.ApplicationFilterChain.internalDoFilter(ApplicationFilterChain.java:162) ~[tomcat-embed-core-10.1.54.jar!/:na]
	at org.apache.catalina.core.ApplicationFilterChain.doFilter(ApplicationFilterChain.java:138) ~[tomcat-embed-core-10.1.54.jar!/:na]
	at org.springframework.web.filter.OncePerRequestFilter.doFilter(OncePerRequestFilter.java:110) ~[spring-web-6.2.18.jar!/:6.2.18]
	at org.apache.catalina.core.ApplicationFilterChain.internalDoFilter(ApplicationFilterChain.java:162) ~[tomcat-embed-core-10.1.54.jar!/:na]
	at org.apache.catalina.core.ApplicationFilterChain.doFilter(ApplicationFilterChain.java:138) ~[tomcat-embed-core-10.1.54.jar!/:na]
	at com.firstteam.taskbountyplatform.config.XssFilter.doFilter(XssFilter.java:20) ~[!/:0.0.1-SNAPSHOT]
	at org.apache.catalina.core.ApplicationFilterChain.internalDoFilter(ApplicationFilterChain.java:162) ~[tomcat-embed-core-10.1.54.jar!/:na]
	at org.apache.catalina.core.ApplicationFilterChain.doFilter(ApplicationFilterChain.java:138) ~[tomcat-embed-core-10.1.54.jar!/:na]
	at org.springframework.web.filter.CompositeFilter$VirtualFilterChain.doFilter(CompositeFilter.java:108) ~[spring-web-6.2.18.jar!/:6.2.18]
	at org.springframework.web.filter.CompositeFilter$VirtualFilterChain.doFilter(CompositeFilter.java:108) ~[spring-web-6.2.18.jar!/:6.2.18]
	at org.springframework.security.web.FilterChainProxy.lambda$doFilterInternal$3(FilterChainProxy.java:231) ~[spring-security-web-6.5.10.jar!/:6.5.10]
	at org.springframework.security.web.ObservationFilterChainDecorator$FilterObservation$SimpleFilterObservation.lambda$wrap$1(ObservationFilterChainDecorator.java:490) ~[spring-security-web-6.5.10.jar!/:6.5.10]
	at org.springframework.security.web.ObservationFilterChainDecorator$AroundFilterObservation$SimpleAroundFilterObservation.lambda$wrap$1(ObservationFilterChainDecorator.java:351) ~[spring-security-web-6.5.10.jar!/:6.5.10]
	at org.springframework.security.web.ObservationFilterChainDecorator.lambda$wrapSecured$0(ObservationFilterChainDecorator.java:83) ~[spring-security-web-6.5.10.jar!/:6.5.10]
	at org.springframework.security.web.ObservationFilterChainDecorator$VirtualFilterChain.doFilter(ObservationFilterChainDecorator.java:129) ~[spring-security-web-6.5.10.jar!/:6.5.10]
	at org.springframework.security.web.access.intercept.AuthorizationFilter.doFilter(AuthorizationFilter.java:101) ~[spring-security-web-6.5.10.jar!/:6.5.10]
	at org.springframework.security.web.ObservationFilterChainDecorator$ObservationFilter.wrapFilter(ObservationFilterChainDecorator.java:241) ~[spring-security-web-6.5.10.jar!/:6.5.10]
	at org.springframework.security.web.ObservationFilterChainDecorator$ObservationFilter.doFilter(ObservationFilterChainDecorator.java:228) ~[spring-security-web-6.5.10.jar!/:6.5.10]
	at org.springframework.security.web.ObservationFilterChainDecorator$VirtualFilterChain.doFilter(ObservationFilterChainDecorator.java:138) ~[spring-security-web-6.5.10.jar!/:6.5.10]
	at org.springframework.security.web.access.ExceptionTranslationFilter.doFilter(ExceptionTranslationFilter.java:125) ~[spring-security-web-6.5.10.jar!/:6.5.10]
	at org.springframework.security.web.access.ExceptionTranslationFilter.doFilter(ExceptionTranslationFilter.java:119) ~[spring-security-web-6.5.10.jar!/:6.5.10]
	at org.springframework.security.web.ObservationFilterChainDecorator$ObservationFilter.wrapFilter(ObservationFilterChainDecorator.java:241) ~[spring-security-web-6.5.10.jar!/:6.5.10]
	at org.springframework.security.web.ObservationFilterChainDecorator$ObservationFilter.doFilter(ObservationFilterChainDecorator.java:228) ~[spring-security-web-6.5.10.jar!/:6.5.10]
	at org.springframework.security.web.ObservationFilterChainDecorator$VirtualFilterChain.doFilter(ObservationFilterChainDecorator.java:138) ~[spring-security-web-6.5.10.jar!/:6.5.10]
	at org.springframework.security.web.session.SessionManagementFilter.doFilter(SessionManagementFilter.java:131) ~[spring-security-web-6.5.10.jar!/:6.5.10]
	at org.springframework.security.web.session.SessionManagementFilter.doFilter(SessionManagementFilter.java:85) ~[spring-security-web-6.5.10.jar!/:6.5.10]
	at org.springframework.security.web.ObservationFilterChainDecorator$ObservationFilter.wrapFilter(ObservationFilterChainDecorator.java:241) ~[spring-security-web-6.5.10.jar!/:6.5.10]
	at org.springframework.security.web.ObservationFilterChainDecorator$ObservationFilter.doFilter(ObservationFilterChainDecorator.java:228) ~[spring-security-web-6.5.10.jar!/:6.5.10]
	at org.springframework.security.web.ObservationFilterChainDecorator$VirtualFilterChain.doFilter(ObservationFilterChainDecorator.java:138) ~[spring-security-web-6.5.10.jar!/:6.5.10]
	at org.springframework.security.web.authentication.AnonymousAuthenticationFilter.doFilter(AnonymousAuthenticationFilter.java:100) ~[spring-security-web-6.5.10.jar!/:6.5.10]
	at org.springframework.security.web.ObservationFilterChainDecorator$ObservationFilter.wrapFilter(ObservationFilterChainDecorator.java:241) ~[spring-security-web-6.5.10.jar!/:6.5.10]
	at org.springframework.security.web.ObservationFilterChainDecorator$ObservationFilter.doFilter(ObservationFilterChainDecorator.java:228) ~[spring-security-web-6.5.10.jar!/:6.5.10]
	at org.springframework.security.web.ObservationFilterChainDecorator$VirtualFilterChain.doFilter(ObservationFilterChainDecorator.java:138) ~[spring-security-web-6.5.10.jar!/:6.5.10]
	at org.springframework.security.web.servletapi.SecurityContextHolderAwareRequestFilter.doFilter(SecurityContextHolderAwareRequestFilter.java:179) ~[spring-security-web-6.5.10.jar!/:6.5.10]
	at org.springframework.security.web.ObservationFilterChainDecorator$ObservationFilter.wrapFilter(ObservationFilterChainDecorator.java:241) ~[spring-security-web-6.5.10.jar!/:6.5.10]
	at org.springframework.security.web.ObservationFilterChainDecorator$ObservationFilter.doFilter(ObservationFilterChainDecorator.java:228) ~[spring-security-web-6.5.10.jar!/:6.5.10]
	at org.springframework.security.web.ObservationFilterChainDecorator$VirtualFilterChain.doFilter(ObservationFilterChainDecorator.java:138) ~[spring-security-web-6.5.10.jar!/:6.5.10]
	at org.springframework.security.web.savedrequest.RequestCacheAwareFilter.doFilter(RequestCacheAwareFilter.java:63) ~[spring-security-web-6.5.10.jar!/:6.5.10]
	at org.springframework.security.web.ObservationFilterChainDecorator$ObservationFilter.wrapFilter(ObservationFilterChainDecorator.java:241) ~[spring-security-web-6.5.10.jar!/:6.5.10]
	at org.springframework.security.web.ObservationFilterChainDecorator$ObservationFilter.doFilter(ObservationFilterChainDecorator.java:228) ~[spring-security-web-6.5.10.jar!/:6.5.10]
	at org.springframework.security.web.ObservationFilterChainDecorator$VirtualFilterChain.doFilter(ObservationFilterChainDecorator.java:138) ~[spring-security-web-6.5.10.jar!/:6.5.10]
	at com.firstteam.taskbountyplatform.auth.security.JwtAuthenticationFilter.doFilterInternal(JwtAuthenticationFilter.java:64) ~[!/:0.0.1-SNAPSHOT]
	at org.springframework.web.filter.OncePerRequestFilter.doFilter(OncePerRequestFilter.java:116) ~[spring-web-6.2.18.jar!/:6.2.18]
	at org.springframework.security.web.ObservationFilterChainDecorator$ObservationFilter.wrapFilter(ObservationFilterChainDecorator.java:241) ~[spring-security-web-6.5.10.jar!/:6.5.10]
	at org.springframework.security.web.ObservationFilterChainDecorator$ObservationFilter.doFilter(ObservationFilterChainDecorator.java:228) ~[spring-security-web-6.5.10.jar!/:6.5.10]
	at org.springframework.security.web.ObservationFilterChainDecorator$VirtualFilterChain.doFilter(ObservationFilterChainDecorator.java:138) ~[spring-security-web-6.5.10.jar!/:6.5.10]
	at org.springframework.security.web.authentication.logout.LogoutFilter.doFilter(LogoutFilter.java:107) ~[spring-security-web-6.5.10.jar!/:6.5.10]
	at org.springframework.security.web.authentication.logout.LogoutFilter.doFilter(LogoutFilter.java:93) ~[spring-security-web-6.5.10.jar!/:6.5.10]
	at org.springframework.security.web.ObservationFilterChainDecorator$ObservationFilter.wrapFilter(ObservationFilterChainDecorator.java:241) ~[spring-security-web-6.5.10.jar!/:6.5.10]
	at org.springframework.security.web.ObservationFilterChainDecorator$ObservationFilter.doFilter(ObservationFilterChainDecorator.java:228) ~[spring-security-web-6.5.10.jar!/:6.5.10]
	at org.springframework.security.web.ObservationFilterChainDecorator$VirtualFilterChain.doFilter(ObservationFilterChainDecorator.java:138) ~[spring-security-web-6.5.10.jar!/:6.5.10]
	at org.springframework.web.filter.CorsFilter.doFilterInternal(CorsFilter.java:91) ~[spring-web-6.2.18.jar!/:6.2.18]
	at org.springframework.web.filter.OncePerRequestFilter.doFilter(OncePerRequestFilter.java:116) ~[spring-web-6.2.18.jar!/:6.2.18]
	at org.springframework.security.web.ObservationFilterChainDecorator$ObservationFilter.wrapFilter(ObservationFilterChainDecorator.java:241) ~[spring-security-web-6.5.10.jar!/:6.5.10]
	at org.springframework.security.web.ObservationFilterChainDecorator$ObservationFilter.doFilter(ObservationFilterChainDecorator.java:228) ~[spring-security-web-6.5.10.jar!/:6.5.10]
	at org.springframework.security.web.ObservationFilterChainDecorator$VirtualFilterChain.doFilter(ObservationFilterChainDecorator.java:138) ~[spring-security-web-6.5.10.jar!/:6.5.10]
	at org.springframework.security.web.header.HeaderWriterFilter.doHeadersAfter(HeaderWriterFilter.java:90) ~[spring-security-web-6.5.10.jar!/:6.5.10]
	at org.springframework.security.web.header.HeaderWriterFilter.doFilterInternal(HeaderWriterFilter.java:75) ~[spring-security-web-6.5.10.jar!/:6.5.10]
	at org.springframework.web.filter.OncePerRequestFilter.doFilter(OncePerRequestFilter.java:116) ~[spring-web-6.2.18.jar!/:6.2.18]
	at org.springframework.security.web.ObservationFilterChainDecorator$ObservationFilter.wrapFilter(ObservationFilterChainDecorator.java:241) ~[spring-security-web-6.5.10.jar!/:6.5.10]
	at org.springframework.security.web.ObservationFilterChainDecorator$ObservationFilter.doFilter(ObservationFilterChainDecorator.java:228) ~[spring-security-web-6.5.10.jar!/:6.5.10]
	at org.springframework.security.web.ObservationFilterChainDecorator$VirtualFilterChain.doFilter(ObservationFilterChainDecorator.java:138) ~[spring-security-web-6.5.10.jar!/:6.5.10]
	at org.springframework.security.web.context.SecurityContextHolderFilter.doFilter(SecurityContextHolderFilter.java:82) ~[spring-security-web-6.5.10.jar!/:6.5.10]
	at org.springframework.security.web.context.SecurityContextHolderFilter.doFilter(SecurityContextHolderFilter.java:69) ~[spring-security-web-6.5.10.jar!/:6.5.10]
	at org.springframework.security.web.ObservationFilterChainDecorator$ObservationFilter.wrapFilter(ObservationFilterChainDecorator.java:241) ~[spring-security-web-6.5.10.jar!/:6.5.10]
	at org.springframework.security.web.ObservationFilterChainDecorator$ObservationFilter.doFilter(ObservationFilterChainDecorator.java:228) ~[spring-security-web-6.5.10.jar!/:6.5.10]
	at org.springframework.security.web.ObservationFilterChainDecorator$VirtualFilterChain.doFilter(ObservationFilterChainDecorator.java:138) ~[spring-security-web-6.5.10.jar!/:6.5.10]
	at org.springframework.security.web.context.request.async.WebAsyncManagerIntegrationFilter.doFilterInternal(WebAsyncManagerIntegrationFilter.java:62) ~[spring-security-web-6.5.10.jar!/:6.5.10]
	at org.springframework.web.filter.OncePerRequestFilter.doFilter(OncePerRequestFilter.java:116) ~[spring-web-6.2.18.jar!/:6.2.18]
	at org.springframework.security.web.ObservationFilterChainDecorator$ObservationFilter.wrapFilter(ObservationFilterChainDecorator.java:241) ~[spring-security-web-6.5.10.jar!/:6.5.10]
	at org.springframework.security.web.ObservationFilterChainDecorator$ObservationFilter.doFilter(ObservationFilterChainDecorator.java:228) ~[spring-security-web-6.5.10.jar!/:6.5.10]
	at org.springframework.security.web.ObservationFilterChainDecorator$VirtualFilterChain.doFilter(ObservationFilterChainDecorator.java:138) ~[spring-security-web-6.5.10.jar!/:6.5.10]
	at org.springframework.security.web.session.DisableEncodeUrlFilter.doFilterInternal(DisableEncodeUrlFilter.java:42) ~[spring-security-web-6.5.10.jar!/:6.5.10]
	at org.springframework.web.filter.OncePerRequestFilter.doFilter(OncePerRequestFilter.java:116) ~[spring-web-6.2.18.jar!/:6.2.18]
	at org.springframework.security.web.ObservationFilterChainDecorator$ObservationFilter.wrapFilter(ObservationFilterChainDecorator.java:241) ~[spring-security-web-6.5.10.jar!/:6.5.10]
	at org.springframework.security.web.ObservationFilterChainDecorator$AroundFilterObservation$SimpleAroundFilterObservation.lambda$wrap$0(ObservationFilterChainDecorator.java:334) ~[spring-security-web-6.5.10.jar!/:6.5.10]
	at org.springframework.security.web.ObservationFilterChainDecorator$ObservationFilter.doFilter(ObservationFilterChainDecorator.java:225) ~[spring-security-web-6.5.10.jar!/:6.5.10]
	at org.springframework.security.web.ObservationFilterChainDecorator$VirtualFilterChain.doFilter(ObservationFilterChainDecorator.java:138) ~[spring-security-web-6.5.10.jar!/:6.5.10]
	at org.springframework.security.web.FilterChainProxy.doFilterInternal(FilterChainProxy.java:233) ~[spring-security-web-6.5.10.jar!/:6.5.10]
	at org.springframework.security.web.FilterChainProxy.doFilter(FilterChainProxy.java:191) ~[spring-security-web-6.5.10.jar!/:6.5.10]
	at org.springframework.web.filter.CompositeFilter$VirtualFilterChain.doFilter(CompositeFilter.java:113) ~[spring-web-6.2.18.jar!/:6.2.18]
	at org.springframework.web.filter.ServletRequestPathFilter.doFilter(ServletRequestPathFilter.java:52) ~[spring-web-6.2.18.jar!/:6.2.18]
	at org.springframework.web.filter.CompositeFilter$VirtualFilterChain.doFilter(CompositeFilter.java:113) ~[spring-web-6.2.18.jar!/:6.2.18]
	at org.springframework.web.filter.CompositeFilter.doFilter(CompositeFilter.java:74) ~[spring-web-6.2.18.jar!/:6.2.18]
	at org.springframework.security.config.annotation.web.configuration.WebSecurityConfiguration$CompositeFilterChainProxy.doFilter(WebSecurityConfiguration.java:319) ~[spring-security-config-6.5.10.jar!/:6.5.10]
	at org.springframework.web.filter.CompositeFilter$VirtualFilterChain.doFilter(CompositeFilter.java:113) ~[spring-web-6.2.18.jar!/:6.2.18]
	at org.springframework.web.servlet.handler.HandlerMappingIntrospector.lambda$createCacheFilter$4(HandlerMappingIntrospector.java:267) ~[spring-webmvc-6.2.18.jar!/:6.2.18]
	at org.springframework.web.filter.CompositeFilter$VirtualFilterChain.doFilter(CompositeFilter.java:113) ~[spring-web-6.2.18.jar!/:6.2.18]
	at org.springframework.web.filter.CompositeFilter.doFilter(CompositeFilter.java:74) ~[spring-web-6.2.18.jar!/:6.2.18]
	at org.springframework.security.config.annotation.web.configuration.WebMvcSecurityConfiguration$CompositeFilterChainProxy.doFilter(WebMvcSecurityConfiguration.java:240) ~[spring-security-config-6.5.10.jar!/:6.5.10]
	at org.springframework.web.filter.DelegatingFilterProxy.invokeDelegate(DelegatingFilterProxy.java:362) ~[spring-web-6.2.18.jar!/:6.2.18]
	at org.springframework.web.filter.DelegatingFilterProxy.doFilter(DelegatingFilterProxy.java:278) ~[spring-web-6.2.18.jar!/:6.2.18]
	at org.apache.catalina.core.ApplicationFilterChain.internalDoFilter(ApplicationFilterChain.java:162) ~[tomcat-embed-core-10.1.54.jar!/:na]
	at org.apache.catalina.core.ApplicationFilterChain.doFilter(ApplicationFilterChain.java:138) ~[tomcat-embed-core-10.1.54.jar!/:na]
	at org.springframework.web.filter.RequestContextFilter.doFilterInternal(RequestContextFilter.java:100) ~[spring-web-6.2.18.jar!/:6.2.18]
	at org.springframework.web.filter.OncePerRequestFilter.doFilter(OncePerRequestFilter.java:116) ~[spring-web-6.2.18.jar!/:6.2.18]
	at org.apache.catalina.core.ApplicationFilterChain.internalDoFilter(ApplicationFilterChain.java:162) ~[tomcat-embed-core-10.1.54.jar!/:na]
	at org.apache.catalina.core.ApplicationFilterChain.doFilter(ApplicationFilterChain.java:138) ~[tomcat-embed-core-10.1.54.jar!/:na]
	at org.springframework.web.filter.FormContentFilter.doFilterInternal(FormContentFilter.java:93) ~[spring-web-6.2.18.jar!/:6.2.18]
	at org.springframework.web.filter.OncePerRequestFilter.doFilter(OncePerRequestFilter.java:116) ~[spring-web-6.2.18.jar!/:6.2.18]
	at org.apache.catalina.core.ApplicationFilterChain.internalDoFilter(ApplicationFilterChain.java:162) ~[tomcat-embed-core-10.1.54.jar!/:na]
	at org.apache.catalina.core.ApplicationFilterChain.doFilter(ApplicationFilterChain.java:138) ~[tomcat-embed-core-10.1.54.jar!/:na]
	at org.springframework.web.filter.ServerHttpObservationFilter.doFilterInternal(ServerHttpObservationFilter.java:110) ~[spring-web-6.2.18.jar!/:6.2.18]
	at org.springframework.web.filter.OncePerRequestFilter.doFilter(OncePerRequestFilter.java:116) ~[spring-web-6.2.18.jar!/:6.2.18]
	at org.apache.catalina.core.ApplicationFilterChain.internalDoFilter(ApplicationFilterChain.java:162) ~[tomcat-embed-core-10.1.54.jar!/:na]
	at org.apache.catalina.core.ApplicationFilterChain.doFilter(ApplicationFilterChain.java:138) ~[tomcat-embed-core-10.1.54.jar!/:na]
	at org.springframework.web.filter.CharacterEncodingFilter.doFilterInternal(CharacterEncodingFilter.java:201) ~[spring-web-6.2.18.jar!/:6.2.18]
	at org.springframework.web.filter.OncePerRequestFilter.doFilter(OncePerRequestFilter.java:116) ~[spring-web-6.2.18.jar!/:6.2.18]
	at org.apache.catalina.core.ApplicationFilterChain.internalDoFilter(ApplicationFilterChain.java:162) ~[tomcat-embed-core-10.1.54.jar!/:na]
	at org.apache.catalina.core.ApplicationFilterChain.doFilter(ApplicationFilterChain.java:138) ~[tomcat-embed-core-10.1.54.jar!/:na]
	at org.apache.catalina.core.StandardWrapperValve.invoke(StandardWrapperValve.java:165) ~[tomcat-embed-core-10.1.54.jar!/:na]
	at org.apache.catalina.core.StandardContextValve.invoke(StandardContextValve.java:88) ~[tomcat-embed-core-10.1.54.jar!/:na]
	at org.apache.catalina.authenticator.AuthenticatorBase.invoke(AuthenticatorBase.java:492) ~[tomcat-embed-core-10.1.54.jar!/:na]
	at org.apache.catalina.core.StandardHostValve.invoke(StandardHostValve.java:113) ~[tomcat-embed-core-10.1.54.jar!/:na]
	at org.apache.catalina.valves.ErrorReportValve.invoke(ErrorReportValve.java:83) ~[tomcat-embed-core-10.1.54.jar!/:na]
	at org.apache.catalina.core.StandardEngineValve.invoke(StandardEngineValve.java:72) ~[tomcat-embed-core-10.1.54.jar!/:na]
	at org.apache.catalina.connector.CoyoteAdapter.service(CoyoteAdapter.java:342) ~[tomcat-embed-core-10.1.54.jar!/:na]
	at org.apache.coyote.http11.Http11Processor.service(Http11Processor.java:399) ~[tomcat-embed-core-10.1.54.jar!/:na]
	at org.apache.coyote.AbstractProcessorLight.process(AbstractProcessorLight.java:63) ~[tomcat-embed-core-10.1.54.jar!/:na]
	at org.apache.coyote.AbstractProtocol$ConnectionHandler.process(AbstractProtocol.java:903) ~[tomcat-embed-core-10.1.54.jar!/:na]
	at org.apache.tomcat.util.net.NioEndpoint$SocketProcessor.doRun(NioEndpoint.java:1797) ~[tomcat-embed-core-10.1.54.jar!/:na]
	at org.apache.tomcat.util.net.SocketProcessorBase.run(SocketProcessorBase.java:52) ~[tomcat-embed-core-10.1.54.jar!/:na]
	at org.apache.tomcat.util.threads.ThreadPoolExecutor.runWorker(ThreadPoolExecutor.java:973) ~[tomcat-embed-core-10.1.54.jar!/:na]
	at org.apache.tomcat.util.threads.ThreadPoolExecutor$Worker.run(ThreadPoolExecutor.java:491) ~[tomcat-embed-core-10.1.54.jar!/:na]
	at org.apache.tomcat.util.threads.TaskThread$WrappingRunnable.run(TaskThread.java:63) ~[tomcat-embed-core-10.1.54.jar!/:na]
	at java.base/java.lang.Thread.run(Thread.java:840) ~[na:na]

2026-06-11T22:46:53.021+08:00 DEBUG 2718357 --- [TaskBountyPlatform] [http-nio-8080-exec-10] c.f.t.n.service.NotificationService      : Marked 100 notifications as read for user 1 (all)
2026-06-11T22:50:00.002+08:00  INFO 2718357 --- [TaskBountyPlatform] [scheduling-1] c.f.t.s.ReviewAuditTimeoutScheduler      : Starting checkReviewAuditTimeout...
2026-06-11T22:50:00.007+08:00 DEBUG 2718357 --- [TaskBountyPlatform] [scheduling-1] c.f.t.s.ReviewAuditTimeoutScheduler      : No expired review audits found
2026-06-11T22:50:00.008+08:00  INFO 2718357 --- [TaskBountyPlatform] [scheduling-1] c.f.t.scheduler.TaskTimeoutScheduler     : Starting checkUnclaimedTaskTimeout...
2026-06-11T22:50:00.010+08:00  INFO 2718357 --- [TaskBountyPlatform] [scheduling-1] c.f.t.scheduler.TaskTimeoutScheduler     : Found 0 published tasks past auto-cancel deadline
2026-06-11T22:50:00.010+08:00  INFO 2718357 --- [TaskBountyPlatform] [scheduling-1] c.f.t.scheduler.TaskTimeoutScheduler     : checkUnclaimedTaskTimeout completed. Processed 0 tasks
2026-06-11T22:50:00.010+08:00  INFO 2718357 --- [TaskBountyPlatform] [scheduling-1] c.f.t.scheduler.TaskTimeoutScheduler     : Starting checkDeliveryTimeout...
2026-06-11T22:50:00.012+08:00  INFO 2718357 --- [TaskBountyPlatform] [scheduling-1] c.f.t.scheduler.TaskTimeoutScheduler     : Found 1 overdue IN_PROGRESS tasks
2026-06-11T22:50:00.016+08:00 DEBUG 2718357 --- [TaskBountyPlatform] [scheduling-1] c.f.t.n.service.NotificationService      : Notification created: id=248, receiverId=1, type=TASK_UPDATE
2026-06-11T22:50:00.021+08:00 DEBUG 2718357 --- [TaskBountyPlatform] [scheduling-1] c.f.t.n.service.NotificationService      : Notification created: id=249, receiverId=13, type=TASK_UPDATE
2026-06-11T22:50:00.022+08:00  INFO 2718357 --- [TaskBountyPlatform] [scheduling-1] c.f.t.scheduler.TaskTimeoutScheduler     : checkDeliveryTimeout completed. Processed 1 tasks
2026-06-11T22:50:00.022+08:00  INFO 2718357 --- [TaskBountyPlatform] [scheduling-1] c.f.t.scheduler.TaskTimeoutScheduler     : Starting checkPendingConfirmationTimeout...
2026-06-11T22:50:00.023+08:00  INFO 2718357 --- [TaskBountyPlatform] [scheduling-1] c.f.t.scheduler.TaskTimeoutScheduler     : Found 0 PENDING_CONFIRMATION tasks
2026-06-11T22:50:00.024+08:00  INFO 2718357 --- [TaskBountyPlatform] [scheduling-1] c.f.t.scheduler.TaskTimeoutScheduler     : checkPendingConfirmationTimeout completed. Processed 0 tasks
2026-06-11T22:51:14.671+08:00 DEBUG 2718357 --- [TaskBountyPlatform] [http-nio-8080-exec-7] c.f.t.c.e.GlobalExceptionHandler         : SPA fallback: /task/19 -> /index.html
2026-06-11T22:55:00.000+08:00  INFO 2718357 --- [TaskBountyPlatform] [scheduling-1] c.f.t.scheduler.TaskTimeoutScheduler     : Starting checkPendingConfirmationTimeout...
2026-06-11T22:55:00.003+08:00  INFO 2718357 --- [TaskBountyPlatform] [scheduling-1] c.f.t.scheduler.TaskTimeoutScheduler     : Found 0 PENDING_CONFIRMATION tasks
2026-06-11T22:55:00.003+08:00  INFO 2718357 --- [TaskBountyPlatform] [scheduling-1] c.f.t.scheduler.TaskTimeoutScheduler     : checkPendingConfirmationTimeout completed. Processed 0 tasks
2026-06-11T22:55:00.003+08:00  INFO 2718357 --- [TaskBountyPlatform] [scheduling-1] c.f.t.scheduler.TaskTimeoutScheduler     : Starting checkDeliveryTimeout...
2026-06-11T22:55:00.005+08:00  INFO 2718357 --- [TaskBountyPlatform] [scheduling-1] c.f.t.scheduler.TaskTimeoutScheduler     : Found 1 overdue IN_PROGRESS tasks
2026-06-11T22:55:00.009+08:00 DEBUG 2718357 --- [TaskBountyPlatform] [scheduling-1] c.f.t.n.service.NotificationService      : Notification created: id=250, receiverId=1, type=TASK_UPDATE
2026-06-11T22:55:00.013+08:00 DEBUG 2718357 --- [TaskBountyPlatform] [scheduling-1] c.f.t.n.service.NotificationService      : Notification created: id=251, receiverId=13, type=TASK_UPDATE
2026-06-11T22:55:00.014+08:00  INFO 2718357 --- [TaskBountyPlatform] [scheduling-1] c.f.t.scheduler.TaskTimeoutScheduler     : checkDeliveryTimeout completed. Processed 1 tasks
2026-06-11T22:55:00.015+08:00  INFO 2718357 --- [TaskBountyPlatform] [scheduling-1] c.f.t.scheduler.TaskTimeoutScheduler     : Starting checkUnclaimedTaskTimeout...
2026-06-11T22:55:00.016+08:00  INFO 2718357 --- [TaskBountyPlatform] [scheduling-1] c.f.t.scheduler.TaskTimeoutScheduler     : Found 0 published tasks past auto-cancel deadline
2026-06-11T22:55:00.017+08:00  INFO 2718357 --- [TaskBountyPlatform] [scheduling-1] c.f.t.scheduler.TaskTimeoutScheduler     : checkUnclaimedTaskTimeout completed. Processed 0 tasks
2026-06-11T23:00:00.001+08:00  INFO 2718357 --- [TaskBountyPlatform] [scheduling-1] c.f.t.scheduler.TaskTimeoutScheduler     : Starting sendPreDeadlineReminders...
2026-06-11T23:00:00.016+08:00  INFO 2718357 --- [TaskBountyPlatform] [scheduling-1] c.f.t.scheduler.TaskTimeoutScheduler     : sendPreDeadlineReminders completed. Sent 0 urgent reminders
2026-06-11T23:00:00.018+08:00  INFO 2718357 --- [TaskBountyPlatform] [scheduling-1] c.f.t.s.ReviewAuditTimeoutScheduler      : Starting checkReviewAuditTimeout...
2026-06-11T23:00:00.025+08:00 DEBUG 2718357 --- [TaskBountyPlatform] [scheduling-1] c.f.t.s.ReviewAuditTimeoutScheduler      : No expired review audits found
2026-06-11T23:00:00.026+08:00  INFO 2718357 --- [TaskBountyPlatform] [scheduling-1] c.f.t.scheduler.ReviewTimeoutScheduler   : Starting createDefaultReviews...
2026-06-11T23:00:00.030+08:00  INFO 2718357 --- [TaskBountyPlatform] [scheduling-1] c.f.t.scheduler.ReviewTimeoutScheduler   : Found 0 COMPLETED tasks older than 24 hours
2026-06-11T23:00:00.030+08:00  INFO 2718357 --- [TaskBountyPlatform] [scheduling-1] c.f.t.scheduler.ReviewTimeoutScheduler   : createDefaultReviews completed. Created 0 default reviews
2026-06-11T23:00:00.031+08:00  INFO 2718357 --- [TaskBountyPlatform] [scheduling-1] c.f.t.scheduler.TaskTimeoutScheduler     : Starting checkDeliveryTimeout...
2026-06-11T23:00:00.033+08:00  INFO 2718357 --- [TaskBountyPlatform] [scheduling-1] c.f.t.scheduler.TaskTimeoutScheduler     : Found 1 overdue IN_PROGRESS tasks
2026-06-11T23:00:00.036+08:00 DEBUG 2718357 --- [TaskBountyPlatform] [scheduling-1] c.f.t.n.service.NotificationService      : Notification created: id=252, receiverId=1, type=TASK_UPDATE
2026-06-11T23:00:00.041+08:00 DEBUG 2718357 --- [TaskBountyPlatform] [scheduling-1] c.f.t.n.service.NotificationService      : Notification created: id=253, receiverId=13, type=TASK_UPDATE
2026-06-11T23:00:00.042+08:00  INFO 2718357 --- [TaskBountyPlatform] [scheduling-1] c.f.t.scheduler.TaskTimeoutScheduler     : checkDeliveryTimeout completed. Processed 1 tasks
2026-06-11T23:00:00.044+08:00  INFO 2718357 --- [TaskBountyPlatform] [scheduling-1] c.f.t.scheduler.TaskTimeoutScheduler     : Starting checkUnclaimedTaskTimeout...
2026-06-11T23:00:00.045+08:00  INFO 2718357 --- [TaskBountyPlatform] [scheduling-1] c.f.t.scheduler.TaskTimeoutScheduler     : Found 0 published tasks past auto-cancel deadline
2026-06-11T23:00:00.046+08:00  INFO 2718357 --- [TaskBountyPlatform] [scheduling-1] c.f.t.scheduler.TaskTimeoutScheduler     : checkUnclaimedTaskTimeout completed. Processed 0 tasks
2026-06-11T23:00:00.046+08:00  INFO 2718357 --- [TaskBountyPlatform] [scheduling-1] c.f.t.scheduler.TaskTimeoutScheduler     : Starting checkPendingConfirmationTimeout...
2026-06-11T23:00:00.047+08:00  INFO 2718357 --- [TaskBountyPlatform] [scheduling-1] c.f.t.scheduler.TaskTimeoutScheduler     : Found 0 PENDING_CONFIRMATION tasks
2026-06-11T23:00:00.048+08:00  INFO 2718357 --- [TaskBountyPlatform] [scheduling-1] c.f.t.scheduler.TaskTimeoutScheduler     : checkPendingConfirmationTimeout completed. Processed 0 tasks
2026-06-11T23:00:01.670+08:00  INFO 2718357 --- [TaskBountyPlatform] [SpringApplicationShutdownHook] o.s.b.w.e.tomcat.GracefulShutdown        : Commencing graceful shutdown. Waiting for active requests to complete
2026-06-11T23:00:01.674+08:00  INFO 2718357 --- [TaskBountyPlatform] [tomcat-shutdown] o.s.b.w.e.tomcat.GracefulShutdown        : Graceful shutdown complete
2026-06-11T23:00:01.690+08:00  INFO 2718357 --- [TaskBountyPlatform] [SpringApplicationShutdownHook] j.LocalContainerEntityManagerFactoryBean : Closing JPA EntityManagerFactory for persistence unit 'default'
2026-06-11T23:00:01.694+08:00  INFO 2718357 --- [TaskBountyPlatform] [SpringApplicationShutdownHook] com.zaxxer.hikari.HikariDataSource       : HikariPool-1 - Shutdown initiated...
2026-06-11T23:00:01.703+08:00  INFO 2718357 --- [TaskBountyPlatform] [SpringApplicationShutdownHook] com.zaxxer.hikari.HikariDataSource       : HikariPool-1 - Shutdown completed.
2026-06-11T23:00:09.939+08:00  INFO 2805312 --- [TaskBountyPlatform] [main] c.f.t.TaskBountyPlatformApplication      : Starting TaskBountyPlatformApplication using Java 17.0.15 with PID 2805312 (/home/gr/cxy/code/Micro-task-Bounty-Platform/backend/target/classes started by gr in /home/gr/cxy/code/Micro-task-Bounty-Platform/backend)
2026-06-11T23:00:09.940+08:00 DEBUG 2805312 --- [TaskBountyPlatform] [main] c.f.t.TaskBountyPlatformApplication      : Running with Spring Boot v3.5.14, Spring v6.2.18
2026-06-11T23:00:09.941+08:00  INFO 2805312 --- [TaskBountyPlatform] [main] c.f.t.TaskBountyPlatformApplication      : No active profile set, falling back to 1 default profile: "default"
2026-06-11T23:00:10.719+08:00  INFO 2805312 --- [TaskBountyPlatform] [main] .s.d.r.c.RepositoryConfigurationDelegate : Bootstrapping Spring Data JPA repositories in DEFAULT mode.
2026-06-11T23:00:10.787+08:00  INFO 2805312 --- [TaskBountyPlatform] [main] .s.d.r.c.RepositoryConfigurationDelegate : Finished Spring Data repository scanning in 61 ms. Found 18 JPA repository interfaces.
2026-06-11T23:00:11.205+08:00  INFO 2805312 --- [TaskBountyPlatform] [main] o.s.b.w.embedded.tomcat.TomcatWebServer  : Tomcat initialized with port 8080 (http)
2026-06-11T23:00:11.213+08:00  INFO 2805312 --- [TaskBountyPlatform] [main] o.apache.catalina.core.StandardService   : Starting service [Tomcat]
2026-06-11T23:00:11.214+08:00  INFO 2805312 --- [TaskBountyPlatform] [main] o.apache.catalina.core.StandardEngine    : Starting Servlet engine: [Apache Tomcat/10.1.54]
2026-06-11T23:00:11.243+08:00  INFO 2805312 --- [TaskBountyPlatform] [main] o.a.c.c.C.[Tomcat].[localhost].[/]       : Initializing Spring embedded WebApplicationContext
2026-06-11T23:00:11.243+08:00  INFO 2805312 --- [TaskBountyPlatform] [main] w.s.c.ServletWebServerApplicationContext : Root WebApplicationContext: initialization completed in 1274 ms
2026-06-11T23:00:11.409+08:00  INFO 2805312 --- [TaskBountyPlatform] [main] o.hibernate.jpa.internal.util.LogHelper  : HHH000204: Processing PersistenceUnitInfo [name: default]
2026-06-11T23:00:11.446+08:00  INFO 2805312 --- [TaskBountyPlatform] [main] org.hibernate.Version                    : HHH000412: Hibernate ORM core version 6.6.49.Final
2026-06-11T23:00:11.468+08:00  INFO 2805312 --- [TaskBountyPlatform] [main] o.h.c.internal.RegionFactoryInitiator    : HHH000026: Second-level cache disabled
2026-06-11T23:00:11.632+08:00  INFO 2805312 --- [TaskBountyPlatform] [main] o.s.o.j.p.SpringPersistenceUnitInfo      : No LoadTimeWeaver setup: ignoring JPA class transformer
2026-06-11T23:00:11.651+08:00  INFO 2805312 --- [TaskBountyPlatform] [main] com.zaxxer.hikari.HikariDataSource       : HikariPool-1 - Starting...
2026-06-11T23:00:11.875+08:00  INFO 2805312 --- [TaskBountyPlatform] [main] com.zaxxer.hikari.pool.HikariPool        : HikariPool-1 - Added connection com.mysql.cj.jdbc.ConnectionImpl@1bbef3c7
2026-06-11T23:00:11.876+08:00  INFO 2805312 --- [TaskBountyPlatform] [main] com.zaxxer.hikari.HikariDataSource       : HikariPool-1 - Start completed.
2026-06-11T23:00:11.927+08:00  WARN 2805312 --- [TaskBountyPlatform] [main] org.hibernate.orm.deprecation            : HHH90000025: MySQLDialect does not need to be specified explicitly using 'hibernate.dialect' (remove the property setting and it will be selected by default)
2026-06-11T23:00:11.942+08:00  INFO 2805312 --- [TaskBountyPlatform] [main] org.hibernate.orm.connections.pooling    : HHH10001005: Database info:
	Database JDBC URL [Connecting through datasource 'HikariDataSource (HikariPool-1)']
	Database driver: undefined/unknown
	Database version: 8.0.42
	Autocommit mode: undefined/unknown
	Isolation level: undefined/unknown
	Minimum pool size: undefined/unknown
	Maximum pool size: undefined/unknown
2026-06-11T23:00:12.763+08:00  INFO 2805312 --- [TaskBountyPlatform] [main] o.h.e.t.j.p.i.JtaPlatformInitiator       : HHH000489: No JTA platform available (set 'hibernate.transaction.jta.platform' to enable JTA platform integration)
2026-06-11T23:00:12.935+08:00  WARN 2805312 --- [TaskBountyPlatform] [main] o.h.t.s.i.ExceptionHandlerLoggedImpl     : GenerationTarget encountered exception accepting command : Error executing DDL "
    alter table system_configs 
       modify column config_value varchar(500) not null" via JDBC [Data truncation: Data too long for column 'config_value' at row 1]

org.hibernate.tool.schema.spi.CommandAcceptanceException: Error executing DDL "
    alter table system_configs 
       modify column config_value varchar(500) not null" via JDBC [Data truncation: Data too long for column 'config_value' at row 1]
	at org.hibernate.tool.schema.internal.exec.GenerationTargetToDatabase.accept(GenerationTargetToDatabase.java:94) ~[hibernate-core-6.6.49.Final.jar:6.6.49.Final]
	at org.hibernate.tool.schema.internal.AbstractSchemaMigrator.applySqlString(AbstractSchemaMigrator.java:576) ~[hibernate-core-6.6.49.Final.jar:6.6.49.Final]
	at org.hibernate.tool.schema.internal.AbstractSchemaMigrator.applySqlStrings(AbstractSchemaMigrator.java:516) ~[hibernate-core-6.6.49.Final.jar:6.6.49.Final]
	at org.hibernate.tool.schema.internal.AbstractSchemaMigrator.migrateTable(AbstractSchemaMigrator.java:334) ~[hibernate-core-6.6.49.Final.jar:6.6.49.Final]
	at org.hibernate.tool.schema.internal.GroupedSchemaMigratorImpl.performTablesMigration(GroupedSchemaMigratorImpl.java:84) ~[hibernate-core-6.6.49.Final.jar:6.6.49.Final]
	at org.hibernate.tool.schema.internal.AbstractSchemaMigrator.performMigration(AbstractSchemaMigrator.java:233) ~[hibernate-core-6.6.49.Final.jar:6.6.49.Final]
	at org.hibernate.tool.schema.internal.AbstractSchemaMigrator.doMigration(AbstractSchemaMigrator.java:112) ~[hibernate-core-6.6.49.Final.jar:6.6.49.Final]
	at org.hibernate.tool.schema.spi.SchemaManagementToolCoordinator.performDatabaseAction(SchemaManagementToolCoordinator.java:280) ~[hibernate-core-6.6.49.Final.jar:6.6.49.Final]
	at org.hibernate.tool.schema.spi.SchemaManagementToolCoordinator.lambda$process$5(SchemaManagementToolCoordinator.java:144) ~[hibernate-core-6.6.49.Final.jar:6.6.49.Final]
	at java.base/java.util.HashMap.forEach(HashMap.java:1421) ~[na:na]
	at org.hibernate.tool.schema.spi.SchemaManagementToolCoordinator.process(SchemaManagementToolCoordinator.java:141) ~[hibernate-core-6.6.49.Final.jar:6.6.49.Final]
	at org.hibernate.boot.internal.SessionFactoryObserverForSchemaExport.sessionFactoryCreated(SessionFactoryObserverForSchemaExport.java:37) ~[hibernate-core-6.6.49.Final.jar:6.6.49.Final]
	at org.hibernate.internal.SessionFactoryObserverChain.sessionFactoryCreated(SessionFactoryObserverChain.java:35) ~[hibernate-core-6.6.49.Final.jar:6.6.49.Final]
	at org.hibernate.internal.SessionFactoryImpl.<init>(SessionFactoryImpl.java:324) ~[hibernate-core-6.6.49.Final.jar:6.6.49.Final]
	at org.hibernate.boot.internal.SessionFactoryBuilderImpl.build(SessionFactoryBuilderImpl.java:463) ~[hibernate-core-6.6.49.Final.jar:6.6.49.Final]
	at org.hibernate.jpa.boot.internal.EntityManagerFactoryBuilderImpl.build(EntityManagerFactoryBuilderImpl.java:1517) ~[hibernate-core-6.6.49.Final.jar:6.6.49.Final]
	at org.springframework.orm.jpa.vendor.SpringHibernateJpaPersistenceProvider.createContainerEntityManagerFactory(SpringHibernateJpaPersistenceProvider.java:66) ~[spring-orm-6.2.18.jar:6.2.18]
	at org.springframework.orm.jpa.LocalContainerEntityManagerFactoryBean.createNativeEntityManagerFactory(LocalContainerEntityManagerFactoryBean.java:388) ~[spring-orm-6.2.18.jar:6.2.18]
	at org.springframework.orm.jpa.AbstractEntityManagerFactoryBean.buildNativeEntityManagerFactory(AbstractEntityManagerFactoryBean.java:419) ~[spring-orm-6.2.18.jar:6.2.18]
	at org.springframework.orm.jpa.AbstractEntityManagerFactoryBean.afterPropertiesSet(AbstractEntityManagerFactoryBean.java:400) ~[spring-orm-6.2.18.jar:6.2.18]
	at org.springframework.orm.jpa.LocalContainerEntityManagerFactoryBean.afterPropertiesSet(LocalContainerEntityManagerFactoryBean.java:364) ~[spring-orm-6.2.18.jar:6.2.18]
	at org.springframework.beans.factory.support.AbstractAutowireCapableBeanFactory.invokeInitMethods(AbstractAutowireCapableBeanFactory.java:1873) ~[spring-beans-6.2.18.jar:6.2.18]
	at org.springframework.beans.factory.support.AbstractAutowireCapableBeanFactory.initializeBean(AbstractAutowireCapableBeanFactory.java:1822) ~[spring-beans-6.2.18.jar:6.2.18]
	at org.springframework.beans.factory.support.AbstractAutowireCapableBeanFactory.doCreateBean(AbstractAutowireCapableBeanFactory.java:607) ~[spring-beans-6.2.18.jar:6.2.18]
	at org.springframework.beans.factory.support.AbstractAutowireCapableBeanFactory.createBean(AbstractAutowireCapableBeanFactory.java:529) ~[spring-beans-6.2.18.jar:6.2.18]
	at org.springframework.beans.factory.support.AbstractBeanFactory.lambda$doGetBean$0(AbstractBeanFactory.java:339) ~[spring-beans-6.2.18.jar:6.2.18]
	at org.springframework.beans.factory.support.DefaultSingletonBeanRegistry.getSingleton(DefaultSingletonBeanRegistry.java:373) ~[spring-beans-6.2.18.jar:6.2.18]
	at org.springframework.beans.factory.support.AbstractBeanFactory.doGetBean(AbstractBeanFactory.java:337) ~[spring-beans-6.2.18.jar:6.2.18]
	at org.springframework.beans.factory.support.AbstractBeanFactory.getBean(AbstractBeanFactory.java:202) ~[spring-beans-6.2.18.jar:6.2.18]
	at org.springframework.beans.factory.support.BeanDefinitionValueResolver.resolveReference(BeanDefinitionValueResolver.java:365) ~[spring-beans-6.2.18.jar:6.2.18]
	at org.springframework.beans.factory.support.BeanDefinitionValueResolver.resolveValueIfNecessary(BeanDefinitionValueResolver.java:135) ~[spring-beans-6.2.18.jar:6.2.18]
	at org.springframework.beans.factory.support.ConstructorResolver.resolveConstructorArguments(ConstructorResolver.java:691) ~[spring-beans-6.2.18.jar:6.2.18]
	at org.springframework.beans.factory.support.ConstructorResolver.instantiateUsingFactoryMethod(ConstructorResolver.java:513) ~[spring-beans-6.2.18.jar:6.2.18]
	at org.springframework.beans.factory.support.AbstractAutowireCapableBeanFactory.instantiateUsingFactoryMethod(AbstractAutowireCapableBeanFactory.java:1375) ~[spring-beans-6.2.18.jar:6.2.18]
	at org.springframework.beans.factory.support.AbstractAutowireCapableBeanFactory.createBeanInstance(AbstractAutowireCapableBeanFactory.java:1205) ~[spring-beans-6.2.18.jar:6.2.18]
	at org.springframework.beans.factory.support.AbstractAutowireCapableBeanFactory.doCreateBean(AbstractAutowireCapableBeanFactory.java:569) ~[spring-beans-6.2.18.jar:6.2.18]
	at org.springframework.beans.factory.support.AbstractAutowireCapableBeanFactory.createBean(AbstractAutowireCapableBeanFactory.java:529) ~[spring-beans-6.2.18.jar:6.2.18]
	at org.springframework.beans.factory.support.AbstractBeanFactory.lambda$doGetBean$0(AbstractBeanFactory.java:339) ~[spring-beans-6.2.18.jar:6.2.18]
	at org.springframework.beans.factory.support.DefaultSingletonBeanRegistry.getSingleton(DefaultSingletonBeanRegistry.java:373) ~[spring-beans-6.2.18.jar:6.2.18]
	at org.springframework.beans.factory.support.AbstractBeanFactory.doGetBean(AbstractBeanFactory.java:337) ~[spring-beans-6.2.18.jar:6.2.18]
	at org.springframework.beans.factory.support.AbstractBeanFactory.getBean(AbstractBeanFactory.java:202) ~[spring-beans-6.2.18.jar:6.2.18]
	at org.springframework.beans.factory.support.BeanDefinitionValueResolver.resolveReference(BeanDefinitionValueResolver.java:365) ~[spring-beans-6.2.18.jar:6.2.18]
	at org.springframework.beans.factory.support.BeanDefinitionValueResolver.resolveValueIfNecessary(BeanDefinitionValueResolver.java:135) ~[spring-beans-6.2.18.jar:6.2.18]
	at org.springframework.beans.factory.support.AbstractAutowireCapableBeanFactory.applyPropertyValues(AbstractAutowireCapableBeanFactory.java:1725) ~[spring-beans-6.2.18.jar:6.2.18]
	at org.springframework.beans.factory.support.AbstractAutowireCapableBeanFactory.populateBean(AbstractAutowireCapableBeanFactory.java:1474) ~[spring-beans-6.2.18.jar:6.2.18]
	at org.springframework.beans.factory.support.AbstractAutowireCapableBeanFactory.doCreateBean(AbstractAutowireCapableBeanFactory.java:606) ~[spring-beans-6.2.18.jar:6.2.18]
	at org.springframework.beans.factory.support.AbstractAutowireCapableBeanFactory.createBean(AbstractAutowireCapableBeanFactory.java:529) ~[spring-beans-6.2.18.jar:6.2.18]
	at org.springframework.beans.factory.support.AbstractBeanFactory.lambda$doGetBean$0(AbstractBeanFactory.java:339) ~[spring-beans-6.2.18.jar:6.2.18]
	at org.springframework.beans.factory.support.DefaultSingletonBeanRegistry.getSingleton(DefaultSingletonBeanRegistry.java:373) ~[spring-beans-6.2.18.jar:6.2.18]
	at org.springframework.beans.factory.support.AbstractBeanFactory.doGetBean(AbstractBeanFactory.java:337) ~[spring-beans-6.2.18.jar:6.2.18]
	at org.springframework.beans.factory.support.AbstractBeanFactory.getBean(AbstractBeanFactory.java:202) ~[spring-beans-6.2.18.jar:6.2.18]
	at org.springframework.beans.factory.support.DefaultListableBeanFactory.doResolveDependency(DefaultListableBeanFactory.java:1708) ~[spring-beans-6.2.18.jar:6.2.18]
	at org.springframework.beans.factory.support.DefaultListableBeanFactory.resolveDependency(DefaultListableBeanFactory.java:1653) ~[spring-beans-6.2.18.jar:6.2.18]
	at org.springframework.beans.factory.support.ConstructorResolver.resolveAutowiredArgument(ConstructorResolver.java:913) ~[spring-beans-6.2.18.jar:6.2.18]
	at org.springframework.beans.factory.support.ConstructorResolver.createArgumentArray(ConstructorResolver.java:791) ~[spring-beans-6.2.18.jar:6.2.18]
	at org.springframework.beans.factory.support.ConstructorResolver.autowireConstructor(ConstructorResolver.java:240) ~[spring-beans-6.2.18.jar:6.2.18]
	at org.springframework.beans.factory.support.AbstractAutowireCapableBeanFactory.autowireConstructor(AbstractAutowireCapableBeanFactory.java:1395) ~[spring-beans-6.2.18.jar:6.2.18]
	at org.springframework.beans.factory.support.AbstractAutowireCapableBeanFactory.createBeanInstance(AbstractAutowireCapableBeanFactory.java:1232) ~[spring-beans-6.2.18.jar:6.2.18]
	at org.springframework.beans.factory.support.AbstractAutowireCapableBeanFactory.doCreateBean(AbstractAutowireCapableBeanFactory.java:569) ~[spring-beans-6.2.18.jar:6.2.18]
	at org.springframework.beans.factory.support.AbstractAutowireCapableBeanFactory.createBean(AbstractAutowireCapableBeanFactory.java:529) ~[spring-beans-6.2.18.jar:6.2.18]
	at org.springframework.beans.factory.support.AbstractBeanFactory.lambda$doGetBean$0(AbstractBeanFactory.java:339) ~[spring-beans-6.2.18.jar:6.2.18]
	at org.springframework.beans.factory.support.DefaultSingletonBeanRegistry.getSingleton(DefaultSingletonBeanRegistry.java:373) ~[spring-beans-6.2.18.jar:6.2.18]
	at org.springframework.beans.factory.support.AbstractBeanFactory.doGetBean(AbstractBeanFactory.java:337) ~[spring-beans-6.2.18.jar:6.2.18]
	at org.springframework.beans.factory.support.AbstractBeanFactory.getBean(AbstractBeanFactory.java:207) ~[spring-beans-6.2.18.jar:6.2.18]
	at org.springframework.boot.web.servlet.ServletContextInitializerBeans.getOrderedBeansOfType(ServletContextInitializerBeans.java:230) ~[spring-boot-3.5.14.jar:3.5.14]
	at org.springframework.boot.web.servlet.ServletContextInitializerBeans.addAsRegistrationBean(ServletContextInitializerBeans.java:184) ~[spring-boot-3.5.14.jar:3.5.14]
	at org.springframework.boot.web.servlet.ServletContextInitializerBeans.addAsRegistrationBean(ServletContextInitializerBeans.java:179) ~[spring-boot-3.5.14.jar:3.5.14]
	at org.springframework.boot.web.servlet.ServletContextInitializerBeans.addAdaptableBeans(ServletContextInitializerBeans.java:164) ~[spring-boot-3.5.14.jar:3.5.14]
	at org.springframework.boot.web.servlet.ServletContextInitializerBeans.<init>(ServletContextInitializerBeans.java:96) ~[spring-boot-3.5.14.jar:3.5.14]
	at org.springframework.boot.web.servlet.context.ServletWebServerApplicationContext.getServletContextInitializerBeans(ServletWebServerApplicationContext.java:271) ~[spring-boot-3.5.14.jar:3.5.14]
	at org.springframework.boot.web.servlet.context.ServletWebServerApplicationContext.selfInitialize(ServletWebServerApplicationContext.java:245) ~[spring-boot-3.5.14.jar:3.5.14]
	at org.springframework.boot.web.embedded.tomcat.TomcatStarter.onStartup(TomcatStarter.java:52) ~[spring-boot-3.5.14.jar:3.5.14]
	at org.apache.catalina.core.StandardContext.startInternal(StandardContext.java:4452) ~[tomcat-embed-core-10.1.54.jar:10.1.54]
	at org.apache.catalina.util.LifecycleBase.start(LifecycleBase.java:164) ~[tomcat-embed-core-10.1.54.jar:10.1.54]
	at org.apache.catalina.core.ContainerBase$StartChild.call(ContainerBase.java:1201) ~[tomcat-embed-core-10.1.54.jar:10.1.54]
	at org.apache.catalina.core.ContainerBase$StartChild.call(ContainerBase.java:1191) ~[tomcat-embed-core-10.1.54.jar:10.1.54]
	at java.base/java.util.concurrent.FutureTask.run(FutureTask.java:264) ~[na:na]
	at org.apache.tomcat.util.threads.InlineExecutorService.execute(InlineExecutorService.java:81) ~[tomcat-embed-core-10.1.54.jar:10.1.54]
	at java.base/java.util.concurrent.AbstractExecutorService.submit(AbstractExecutorService.java:145) ~[na:na]
	at org.apache.catalina.core.ContainerBase.startInternal(ContainerBase.java:747) ~[tomcat-embed-core-10.1.54.jar:10.1.54]
	at org.apache.catalina.core.StandardHost.startInternal(StandardHost.java:783) ~[tomcat-embed-core-10.1.54.jar:10.1.54]
	at org.apache.catalina.util.LifecycleBase.start(LifecycleBase.java:164) ~[tomcat-embed-core-10.1.54.jar:10.1.54]
	at org.apache.catalina.core.ContainerBase$StartChild.call(ContainerBase.java:1201) ~[tomcat-embed-core-10.1.54.jar:10.1.54]
	at org.apache.catalina.core.ContainerBase$StartChild.call(ContainerBase.java:1191) ~[tomcat-embed-core-10.1.54.jar:10.1.54]
	at java.base/java.util.concurrent.FutureTask.run(FutureTask.java:264) ~[na:na]
	at org.apache.tomcat.util.threads.InlineExecutorService.execute(InlineExecutorService.java:81) ~[tomcat-embed-core-10.1.54.jar:10.1.54]
	at java.base/java.util.concurrent.AbstractExecutorService.submit(AbstractExecutorService.java:145) ~[na:na]
	at org.apache.catalina.core.ContainerBase.startInternal(ContainerBase.java:747) ~[tomcat-embed-core-10.1.54.jar:10.1.54]
	at org.apache.catalina.core.StandardEngine.startInternal(StandardEngine.java:201) ~[tomcat-embed-core-10.1.54.jar:10.1.54]
	at org.apache.catalina.util.LifecycleBase.start(LifecycleBase.java:164) ~[tomcat-embed-core-10.1.54.jar:10.1.54]
	at org.apache.catalina.core.StandardService.startInternal(StandardService.java:410) ~[tomcat-embed-core-10.1.54.jar:10.1.54]
	at org.apache.catalina.util.LifecycleBase.start(LifecycleBase.java:164) ~[tomcat-embed-core-10.1.54.jar:10.1.54]
	at org.apache.catalina.core.StandardServer.startInternal(StandardServer.java:868) ~[tomcat-embed-core-10.1.54.jar:10.1.54]
	at org.apache.catalina.util.LifecycleBase.start(LifecycleBase.java:164) ~[tomcat-embed-core-10.1.54.jar:10.1.54]
	at org.apache.catalina.startup.Tomcat.start(Tomcat.java:436) ~[tomcat-embed-core-10.1.54.jar:10.1.54]
	at org.springframework.boot.web.embedded.tomcat.TomcatWebServer.initialize(TomcatWebServer.java:128) ~[spring-boot-3.5.14.jar:3.5.14]
	at org.springframework.boot.web.embedded.tomcat.TomcatWebServer.<init>(TomcatWebServer.java:107) ~[spring-boot-3.5.14.jar:3.5.14]
	at org.springframework.boot.web.embedded.tomcat.TomcatServletWebServerFactory.getTomcatWebServer(TomcatServletWebServerFactory.java:517) ~[spring-boot-3.5.14.jar:3.5.14]
	at org.springframework.boot.web.embedded.tomcat.TomcatServletWebServerFactory.getWebServer(TomcatServletWebServerFactory.java:219) ~[spring-boot-3.5.14.jar:3.5.14]
	at org.springframework.boot.web.servlet.context.ServletWebServerApplicationContext.createWebServer(ServletWebServerApplicationContext.java:193) ~[spring-boot-3.5.14.jar:3.5.14]
	at org.springframework.boot.web.servlet.context.ServletWebServerApplicationContext.onRefresh(ServletWebServerApplicationContext.java:167) ~[spring-boot-3.5.14.jar:3.5.14]
	at org.springframework.context.support.AbstractApplicationContext.refresh(AbstractApplicationContext.java:622) ~[spring-context-6.2.18.jar:6.2.18]
	at org.springframework.boot.web.servlet.context.ServletWebServerApplicationContext.refresh(ServletWebServerApplicationContext.java:146) ~[spring-boot-3.5.14.jar:3.5.14]
	at org.springframework.boot.SpringApplication.refresh(SpringApplication.java:752) ~[spring-boot-3.5.14.jar:3.5.14]
	at org.springframework.boot.SpringApplication.refreshContext(SpringApplication.java:439) ~[spring-boot-3.5.14.jar:3.5.14]
	at org.springframework.boot.SpringApplication.run(SpringApplication.java:318) ~[spring-boot-3.5.14.jar:3.5.14]
	at org.springframework.boot.SpringApplication.run(SpringApplication.java:1361) ~[spring-boot-3.5.14.jar:3.5.14]
	at org.springframework.boot.SpringApplication.run(SpringApplication.java:1350) ~[spring-boot-3.5.14.jar:3.5.14]
	at com.firstteam.taskbountyplatform.TaskBountyPlatformApplication.main(TaskBountyPlatformApplication.java:14) ~[classes/:na]
Caused by: com.mysql.cj.jdbc.exceptions.MysqlDataTruncation: Data truncation: Data too long for column 'config_value' at row 1
	at com.mysql.cj.jdbc.exceptions.SQLExceptionsMapping.translateException(SQLExceptionsMapping.java:96) ~[mysql-connector-j-9.7.0.jar:9.7.0]
	at com.mysql.cj.jdbc.StatementImpl.executeInternal(StatementImpl.java:839) ~[mysql-connector-j-9.7.0.jar:9.7.0]
	at com.mysql.cj.jdbc.StatementImpl.execute(StatementImpl.java:687) ~[mysql-connector-j-9.7.0.jar:9.7.0]
	at com.zaxxer.hikari.pool.ProxyStatement.execute(ProxyStatement.java:95) ~[HikariCP-6.3.3.jar:na]
	at com.zaxxer.hikari.pool.HikariProxyStatement.execute(HikariProxyStatement.java) ~[HikariCP-6.3.3.jar:na]
	at org.hibernate.tool.schema.internal.exec.GenerationTargetToDatabase.accept(GenerationTargetToDatabase.java:80) ~[hibernate-core-6.6.49.Final.jar:6.6.49.Final]
	... 108 common frames omitted

2026-06-11T23:00:12.980+08:00  INFO 2805312 --- [TaskBountyPlatform] [main] j.LocalContainerEntityManagerFactoryBean : Initialized JPA EntityManagerFactory for persistence unit 'default'
2026-06-11T23:00:13.171+08:00  INFO 2805312 --- [TaskBountyPlatform] [main] o.s.d.j.r.query.QueryEnhancerFactory     : Hibernate is in classpath; If applicable, HQL parser will be used.
2026-06-11T23:00:13.555+08:00 DEBUG 2805312 --- [TaskBountyPlatform] [main] c.f.t.a.s.JwtAuthenticationFilter        : Filter 'jwtAuthenticationFilter' configured for use
2026-06-11T23:00:14.304+08:00  WARN 2805312 --- [TaskBountyPlatform] [main] JpaBaseConfiguration$JpaWebConfiguration : spring.jpa.open-in-view is enabled by default. Therefore, database queries may be performed during view rendering. Explicitly configure spring.jpa.open-in-view to disable this warning
2026-06-11T23:00:14.332+08:00  INFO 2805312 --- [TaskBountyPlatform] [main] o.s.b.a.w.s.WelcomePageHandlerMapping    : Adding welcome page: class path resource [static/index.html]
2026-06-11T23:00:14.588+08:00  INFO 2805312 --- [TaskBountyPlatform] [main] o.s.b.a.e.web.EndpointLinksResolver      : Exposing 4 endpoints beneath base path '/actuator'
2026-06-11T23:00:14.642+08:00  WARN 2805312 --- [TaskBountyPlatform] [main] .s.s.UserDetailsServiceAutoConfiguration : 

Using generated security password: a5003292-1662-4552-8c78-323b424b344b

This generated password is for development use only. Your security configuration must be updated before running your application in production.

2026-06-11T23:00:14.649+08:00  INFO 2805312 --- [TaskBountyPlatform] [main] r$InitializeUserDetailsManagerConfigurer : Global AuthenticationManager configured with UserDetailsService bean with name inMemoryUserDetailsManager
2026-06-11T23:00:15.066+08:00  INFO 2805312 --- [TaskBountyPlatform] [main] o.s.b.w.embedded.tomcat.TomcatWebServer  : Tomcat started on port 8080 (http) with context path '/'
2026-06-11T23:00:15.087+08:00  INFO 2805312 --- [TaskBountyPlatform] [main] c.f.t.TaskBountyPlatformApplication      : Started TaskBountyPlatformApplication in 5.493 seconds (process running for 5.704)
2026-06-11T23:00:50.386+08:00  INFO 2805312 --- [TaskBountyPlatform] [http-nio-8080-exec-1] o.a.c.c.C.[Tomcat].[localhost].[/]       : Initializing Spring DispatcherServlet 'dispatcherServlet'
2026-06-11T23:00:50.386+08:00  INFO 2805312 --- [TaskBountyPlatform] [http-nio-8080-exec-1] o.s.web.servlet.DispatcherServlet        : Initializing Servlet 'dispatcherServlet'
2026-06-11T23:00:50.388+08:00  INFO 2805312 --- [TaskBountyPlatform] [http-nio-8080-exec-1] o.s.web.servlet.DispatcherServlet        : Completed initialization in 2 ms
2026-06-11T23:00:55.468+08:00 DEBUG 2805312 --- [TaskBountyPlatform] [http-nio-8080-exec-8] c.f.t.c.e.GlobalExceptionHandler         : SPA fallback: /task/18 -> /index.html
2026-06-11T23:01:04.432+08:00 DEBUG 2805312 --- [TaskBountyPlatform] [http-nio-8080-exec-5] c.f.t.c.e.GlobalExceptionHandler         : SPA fallback: /admin/reviews -> /index.html
2026-06-11T23:01:53.296+08:00 DEBUG 2805312 --- [TaskBountyPlatform] [http-nio-8080-exec-3] c.f.t.c.e.GlobalExceptionHandler         : SPA fallback: /task/18 -> /index.html
2026-06-11T23:02:05.467+08:00 DEBUG 2805312 --- [TaskBountyPlatform] [http-nio-8080-exec-7] c.f.t.n.service.NotificationService      : Notification created: id=254, receiverId=1, type=FREEZE_NOTICE
2026-06-11T23:02:05.473+08:00 DEBUG 2805312 --- [TaskBountyPlatform] [http-nio-8080-exec-7] c.f.t.n.service.NotificationService      : Notification created: id=255, receiverId=1, type=CREDIT_CHANGE
2026-06-11T23:02:05.476+08:00 DEBUG 2805312 --- [TaskBountyPlatform] [http-nio-8080-exec-7] c.f.t.n.service.NotificationService      : Notification created: id=256, receiverId=3, type=REPORT_RESULT
2026-06-11T23:02:05.478+08:00 DEBUG 2805312 --- [TaskBountyPlatform] [http-nio-8080-exec-7] c.f.t.audit.service.AuditLogService      : Audit log created: id=37, operatorId=14, actionType=REPORT_SUBMIT, targetType=report, targetId=1
2026-06-11T23:02:13.591+08:00 DEBUG 2805312 --- [TaskBountyPlatform] [http-nio-8080-exec-5] c.f.t.c.e.GlobalExceptionHandler         : SPA fallback: /task/18 -> /index.html
2026-06-11T23:02:38.553+08:00 DEBUG 2805312 --- [TaskBountyPlatform] [http-nio-8080-exec-1] c.f.t.c.e.GlobalExceptionHandler         : SPA fallback: /avatars/default.png -> /index.html
2026-06-11T23:02:54.379+08:00 DEBUG 2805312 --- [TaskBountyPlatform] [http-nio-8080-exec-5] c.f.t.c.e.GlobalExceptionHandler         : SPA fallback: /avatars/default.png -> /index.html
2026-06-11T23:03:00.501+08:00  WARN 2805312 --- [TaskBountyPlatform] [http-nio-8080-exec-6] c.f.t.c.e.GlobalExceptionHandler         : Business exception: code=400, message=账户已被冻结，解冻时间：2026-06-16T23:02:05.454680
2026-06-11T23:03:22.579+08:00 DEBUG 2805312 --- [TaskBountyPlatform] [http-nio-8080-exec-7] c.f.t.n.service.NotificationService      : Notification created: id=257, receiverId=3, type=TASK_UPDATE
2026-06-11T23:03:22.581+08:00 DEBUG 2805312 --- [TaskBountyPlatform] [http-nio-8080-exec-7] c.f.t.audit.service.AuditLogService      : Audit log created: id=38, operatorId=4, actionType=TASK_APPLY, targetType=TASK_APPLICATION, targetId=15
2026-06-11T23:03:22.581+08:00  INFO 2805312 --- [TaskBountyPlatform] [http-nio-8080-exec-7] c.f.t.task.service.TaskService           : Application submitted: taskId=19, applicantId=4, appId=15
2026-06-11T23:03:26.015+08:00 DEBUG 2805312 --- [TaskBountyPlatform] [http-nio-8080-exec-8] c.f.t.c.e.GlobalExceptionHandler         : SPA fallback: /avatars/default.png -> /index.html
2026-06-11T23:03:38.729+08:00 DEBUG 2805312 --- [TaskBountyPlatform] [http-nio-8080-exec-5] c.f.t.n.service.NotificationService      : Notification created: id=258, receiverId=4, type=TASK_AWARDED
2026-06-11T23:03:38.731+08:00 DEBUG 2805312 --- [TaskBountyPlatform] [http-nio-8080-exec-5] c.f.t.audit.service.AuditLogService      : Audit log created: id=39, operatorId=3, actionType=TASK_AWARD, targetType=TASK, targetId=19
2026-06-11T23:03:38.731+08:00  INFO 2805312 --- [TaskBountyPlatform] [http-nio-8080-exec-5] c.f.t.task.service.TaskService           : Application awarded: taskId=19, appId=15, winnerId=4
2026-06-11T23:03:40.733+08:00 DEBUG 2805312 --- [TaskBountyPlatform] [http-nio-8080-exec-4] c.f.t.n.service.NotificationService      : Notification created: id=259, receiverId=4, type=TASK_UPDATE
2026-06-11T23:03:40.734+08:00 DEBUG 2805312 --- [TaskBountyPlatform] [http-nio-8080-exec-4] c.f.t.audit.service.AuditLogService      : Audit log created: id=40, operatorId=3, actionType=TASK_PUBLISH, targetType=TASK, targetId=19
2026-06-11T23:03:40.734+08:00  INFO 2805312 --- [TaskBountyPlatform] [http-nio-8080-exec-4] c.f.t.task.service.TaskService           : Deadline extended: taskId=19, extendMinutes=1439, totalExtend=1439
2026-06-11T23:03:49.119+08:00 ERROR 2805312 --- [TaskBountyPlatform] [http-nio-8080-exec-8] c.f.t.c.e.GlobalExceptionHandler         : Unexpected error

org.springframework.web.HttpMediaTypeNotSupportedException: Content-Type 'multipart/form-data;boundary=----WebKitFormBoundary9QZHOehjTbQFUcVK;charset=UTF-8' is not supported
	at org.springframework.web.servlet.mvc.method.annotation.AbstractMessageConverterMethodArgumentResolver.readWithMessageConverters(AbstractMessageConverterMethodArgumentResolver.java:236) ~[spring-webmvc-6.2.18.jar:6.2.18]
	at org.springframework.web.servlet.mvc.method.annotation.RequestResponseBodyMethodProcessor.readWithMessageConverters(RequestResponseBodyMethodProcessor.java:176) ~[spring-webmvc-6.2.18.jar:6.2.18]
	at org.springframework.web.servlet.mvc.method.annotation.RequestResponseBodyMethodProcessor.resolveArgument(RequestResponseBodyMethodProcessor.java:150) ~[spring-webmvc-6.2.18.jar:6.2.18]
	at org.springframework.web.method.support.HandlerMethodArgumentResolverComposite.resolveArgument(HandlerMethodArgumentResolverComposite.java:122) ~[spring-web-6.2.18.jar:6.2.18]
	at org.springframework.web.method.support.InvocableHandlerMethod.getMethodArgumentValues(InvocableHandlerMethod.java:227) ~[spring-web-6.2.18.jar:6.2.18]
	at org.springframework.web.method.support.InvocableHandlerMethod.invokeForRequest(InvocableHandlerMethod.java:181) ~[spring-web-6.2.18.jar:6.2.18]
	at org.springframework.web.servlet.mvc.method.annotation.ServletInvocableHandlerMethod.invokeAndHandle(ServletInvocableHandlerMethod.java:118) ~[spring-webmvc-6.2.18.jar:6.2.18]
	at org.springframework.web.servlet.mvc.method.annotation.RequestMappingHandlerAdapter.invokeHandlerMethod(RequestMappingHandlerAdapter.java:991) ~[spring-webmvc-6.2.18.jar:6.2.18]
	at org.springframework.web.servlet.mvc.method.annotation.RequestMappingHandlerAdapter.handleInternal(RequestMappingHandlerAdapter.java:896) ~[spring-webmvc-6.2.18.jar:6.2.18]
	at org.springframework.web.servlet.mvc.method.AbstractHandlerMethodAdapter.handle(AbstractHandlerMethodAdapter.java:87) ~[spring-webmvc-6.2.18.jar:6.2.18]
	at org.springframework.web.servlet.DispatcherServlet.doDispatch(DispatcherServlet.java:1089) ~[spring-webmvc-6.2.18.jar:6.2.18]
	at org.springframework.web.servlet.DispatcherServlet.doService(DispatcherServlet.java:979) ~[spring-webmvc-6.2.18.jar:6.2.18]
	at org.springframework.web.servlet.FrameworkServlet.processRequest(FrameworkServlet.java:1014) ~[spring-webmvc-6.2.18.jar:6.2.18]
	at org.springframework.web.servlet.FrameworkServlet.doPost(FrameworkServlet.java:914) ~[spring-webmvc-6.2.18.jar:6.2.18]
	at jakarta.servlet.http.HttpServlet.service(HttpServlet.java:590) ~[tomcat-embed-core-10.1.54.jar:6.0]
	at org.springframework.web.servlet.FrameworkServlet.service(FrameworkServlet.java:885) ~[spring-webmvc-6.2.18.jar:6.2.18]
	at jakarta.servlet.http.HttpServlet.service(HttpServlet.java:658) ~[tomcat-embed-core-10.1.54.jar:6.0]
	at org.apache.catalina.core.ApplicationFilterChain.internalDoFilter(ApplicationFilterChain.java:193) ~[tomcat-embed-core-10.1.54.jar:10.1.54]
	at org.apache.catalina.core.ApplicationFilterChain.doFilter(ApplicationFilterChain.java:138) ~[tomcat-embed-core-10.1.54.jar:10.1.54]
	at org.apache.tomcat.websocket.server.WsFilter.doFilter(WsFilter.java:51) ~[tomcat-embed-websocket-10.1.54.jar:10.1.54]
	at org.apache.catalina.core.ApplicationFilterChain.internalDoFilter(ApplicationFilterChain.java:162) ~[tomcat-embed-core-10.1.54.jar:10.1.54]
	at org.apache.catalina.core.ApplicationFilterChain.doFilter(ApplicationFilterChain.java:138) ~[tomcat-embed-core-10.1.54.jar:10.1.54]
	at org.springframework.web.filter.OncePerRequestFilter.doFilter(OncePerRequestFilter.java:110) ~[spring-web-6.2.18.jar:6.2.18]
	at org.apache.catalina.core.ApplicationFilterChain.internalDoFilter(ApplicationFilterChain.java:162) ~[tomcat-embed-core-10.1.54.jar:10.1.54]
	at org.apache.catalina.core.ApplicationFilterChain.doFilter(ApplicationFilterChain.java:138) ~[tomcat-embed-core-10.1.54.jar:10.1.54]
	at com.firstteam.taskbountyplatform.config.XssFilter.doFilter(XssFilter.java:20) ~[classes/:na]
	at org.apache.catalina.core.ApplicationFilterChain.internalDoFilter(ApplicationFilterChain.java:162) ~[tomcat-embed-core-10.1.54.jar:10.1.54]
	at org.apache.catalina.core.ApplicationFilterChain.doFilter(ApplicationFilterChain.java:138) ~[tomcat-embed-core-10.1.54.jar:10.1.54]
	at org.springframework.web.filter.CompositeFilter$VirtualFilterChain.doFilter(CompositeFilter.java:108) ~[spring-web-6.2.18.jar:6.2.18]
	at org.springframework.web.filter.CompositeFilter$VirtualFilterChain.doFilter(CompositeFilter.java:108) ~[spring-web-6.2.18.jar:6.2.18]
	at org.springframework.security.web.FilterChainProxy.lambda$doFilterInternal$3(FilterChainProxy.java:231) ~[spring-security-web-6.5.10.jar:6.5.10]
	at org.springframework.security.web.ObservationFilterChainDecorator$FilterObservation$SimpleFilterObservation.lambda$wrap$1(ObservationFilterChainDecorator.java:490) ~[spring-security-web-6.5.10.jar:6.5.10]
	at org.springframework.security.web.ObservationFilterChainDecorator$AroundFilterObservation$SimpleAroundFilterObservation.lambda$wrap$1(ObservationFilterChainDecorator.java:351) ~[spring-security-web-6.5.10.jar:6.5.10]
	at org.springframework.security.web.ObservationFilterChainDecorator.lambda$wrapSecured$0(ObservationFilterChainDecorator.java:83) ~[spring-security-web-6.5.10.jar:6.5.10]
	at org.springframework.security.web.ObservationFilterChainDecorator$VirtualFilterChain.doFilter(ObservationFilterChainDecorator.java:129) ~[spring-security-web-6.5.10.jar:6.5.10]
	at org.springframework.security.web.access.intercept.AuthorizationFilter.doFilter(AuthorizationFilter.java:101) ~[spring-security-web-6.5.10.jar:6.5.10]
	at org.springframework.security.web.ObservationFilterChainDecorator$ObservationFilter.wrapFilter(ObservationFilterChainDecorator.java:241) ~[spring-security-web-6.5.10.jar:6.5.10]
	at org.springframework.security.web.ObservationFilterChainDecorator$ObservationFilter.doFilter(ObservationFilterChainDecorator.java:228) ~[spring-security-web-6.5.10.jar:6.5.10]
	at org.springframework.security.web.ObservationFilterChainDecorator$VirtualFilterChain.doFilter(ObservationFilterChainDecorator.java:138) ~[spring-security-web-6.5.10.jar:6.5.10]
	at org.springframework.security.web.access.ExceptionTranslationFilter.doFilter(ExceptionTranslationFilter.java:125) ~[spring-security-web-6.5.10.jar:6.5.10]
	at org.springframework.security.web.access.ExceptionTranslationFilter.doFilter(ExceptionTranslationFilter.java:119) ~[spring-security-web-6.5.10.jar:6.5.10]
	at org.springframework.security.web.ObservationFilterChainDecorator$ObservationFilter.wrapFilter(ObservationFilterChainDecorator.java:241) ~[spring-security-web-6.5.10.jar:6.5.10]
	at org.springframework.security.web.ObservationFilterChainDecorator$ObservationFilter.doFilter(ObservationFilterChainDecorator.java:228) ~[spring-security-web-6.5.10.jar:6.5.10]
	at org.springframework.security.web.ObservationFilterChainDecorator$VirtualFilterChain.doFilter(ObservationFilterChainDecorator.java:138) ~[spring-security-web-6.5.10.jar:6.5.10]
	at org.springframework.security.web.session.SessionManagementFilter.doFilter(SessionManagementFilter.java:131) ~[spring-security-web-6.5.10.jar:6.5.10]
	at org.springframework.security.web.session.SessionManagementFilter.doFilter(SessionManagementFilter.java:85) ~[spring-security-web-6.5.10.jar:6.5.10]
	at org.springframework.security.web.ObservationFilterChainDecorator$ObservationFilter.wrapFilter(ObservationFilterChainDecorator.java:241) ~[spring-security-web-6.5.10.jar:6.5.10]
	at org.springframework.security.web.ObservationFilterChainDecorator$ObservationFilter.doFilter(ObservationFilterChainDecorator.java:228) ~[spring-security-web-6.5.10.jar:6.5.10]
	at org.springframework.security.web.ObservationFilterChainDecorator$VirtualFilterChain.doFilter(ObservationFilterChainDecorator.java:138) ~[spring-security-web-6.5.10.jar:6.5.10]
	at org.springframework.security.web.authentication.AnonymousAuthenticationFilter.doFilter(AnonymousAuthenticationFilter.java:100) ~[spring-security-web-6.5.10.jar:6.5.10]
	at org.springframework.security.web.ObservationFilterChainDecorator$ObservationFilter.wrapFilter(ObservationFilterChainDecorator.java:241) ~[spring-security-web-6.5.10.jar:6.5.10]
	at org.springframework.security.web.ObservationFilterChainDecorator$ObservationFilter.doFilter(ObservationFilterChainDecorator.java:228) ~[spring-security-web-6.5.10.jar:6.5.10]
	at org.springframework.security.web.ObservationFilterChainDecorator$VirtualFilterChain.doFilter(ObservationFilterChainDecorator.java:138) ~[spring-security-web-6.5.10.jar:6.5.10]
	at org.springframework.security.web.servletapi.SecurityContextHolderAwareRequestFilter.doFilter(SecurityContextHolderAwareRequestFilter.java:179) ~[spring-security-web-6.5.10.jar:6.5.10]
	at org.springframework.security.web.ObservationFilterChainDecorator$ObservationFilter.wrapFilter(ObservationFilterChainDecorator.java:241) ~[spring-security-web-6.5.10.jar:6.5.10]
	at org.springframework.security.web.ObservationFilterChainDecorator$ObservationFilter.doFilter(ObservationFilterChainDecorator.java:228) ~[spring-security-web-6.5.10.jar:6.5.10]
	at org.springframework.security.web.ObservationFilterChainDecorator$VirtualFilterChain.doFilter(ObservationFilterChainDecorator.java:138) ~[spring-security-web-6.5.10.jar:6.5.10]
	at org.springframework.security.web.savedrequest.RequestCacheAwareFilter.doFilter(RequestCacheAwareFilter.java:63) ~[spring-security-web-6.5.10.jar:6.5.10]
	at org.springframework.security.web.ObservationFilterChainDecorator$ObservationFilter.wrapFilter(ObservationFilterChainDecorator.java:241) ~[spring-security-web-6.5.10.jar:6.5.10]
	at org.springframework.security.web.ObservationFilterChainDecorator$ObservationFilter.doFilter(ObservationFilterChainDecorator.java:228) ~[spring-security-web-6.5.10.jar:6.5.10]
	at org.springframework.security.web.ObservationFilterChainDecorator$VirtualFilterChain.doFilter(ObservationFilterChainDecorator.java:138) ~[spring-security-web-6.5.10.jar:6.5.10]
	at com.firstteam.taskbountyplatform.auth.security.JwtAuthenticationFilter.doFilterInternal(JwtAuthenticationFilter.java:64) ~[classes/:na]
	at org.springframework.web.filter.OncePerRequestFilter.doFilter(OncePerRequestFilter.java:116) ~[spring-web-6.2.18.jar:6.2.18]
	at org.springframework.security.web.ObservationFilterChainDecorator$ObservationFilter.wrapFilter(ObservationFilterChainDecorator.java:241) ~[spring-security-web-6.5.10.jar:6.5.10]
	at org.springframework.security.web.ObservationFilterChainDecorator$ObservationFilter.doFilter(ObservationFilterChainDecorator.java:228) ~[spring-security-web-6.5.10.jar:6.5.10]
	at org.springframework.security.web.ObservationFilterChainDecorator$VirtualFilterChain.doFilter(ObservationFilterChainDecorator.java:138) ~[spring-security-web-6.5.10.jar:6.5.10]
	at org.springframework.security.web.authentication.logout.LogoutFilter.doFilter(LogoutFilter.java:107) ~[spring-security-web-6.5.10.jar:6.5.10]
	at org.springframework.security.web.authentication.logout.LogoutFilter.doFilter(LogoutFilter.java:93) ~[spring-security-web-6.5.10.jar:6.5.10]
	at org.springframework.security.web.ObservationFilterChainDecorator$ObservationFilter.wrapFilter(ObservationFilterChainDecorator.java:241) ~[spring-security-web-6.5.10.jar:6.5.10]
	at org.springframework.security.web.ObservationFilterChainDecorator$ObservationFilter.doFilter(ObservationFilterChainDecorator.java:228) ~[spring-security-web-6.5.10.jar:6.5.10]
	at org.springframework.security.web.ObservationFilterChainDecorator$VirtualFilterChain.doFilter(ObservationFilterChainDecorator.java:138) ~[spring-security-web-6.5.10.jar:6.5.10]
	at org.springframework.web.filter.CorsFilter.doFilterInternal(CorsFilter.java:91) ~[spring-web-6.2.18.jar:6.2.18]
	at org.springframework.web.filter.OncePerRequestFilter.doFilter(OncePerRequestFilter.java:116) ~[spring-web-6.2.18.jar:6.2.18]
	at org.springframework.security.web.ObservationFilterChainDecorator$ObservationFilter.wrapFilter(ObservationFilterChainDecorator.java:241) ~[spring-security-web-6.5.10.jar:6.5.10]
	at org.springframework.security.web.ObservationFilterChainDecorator$ObservationFilter.doFilter(ObservationFilterChainDecorator.java:228) ~[spring-security-web-6.5.10.jar:6.5.10]
	at org.springframework.security.web.ObservationFilterChainDecorator$VirtualFilterChain.doFilter(ObservationFilterChainDecorator.java:138) ~[spring-security-web-6.5.10.jar:6.5.10]
	at org.springframework.security.web.header.HeaderWriterFilter.doHeadersAfter(HeaderWriterFilter.java:90) ~[spring-security-web-6.5.10.jar:6.5.10]
	at org.springframework.security.web.header.HeaderWriterFilter.doFilterInternal(HeaderWriterFilter.java:75) ~[spring-security-web-6.5.10.jar:6.5.10]
	at org.springframework.web.filter.OncePerRequestFilter.doFilter(OncePerRequestFilter.java:116) ~[spring-web-6.2.18.jar:6.2.18]
	at org.springframework.security.web.ObservationFilterChainDecorator$ObservationFilter.wrapFilter(ObservationFilterChainDecorator.java:241) ~[spring-security-web-6.5.10.jar:6.5.10]
	at org.springframework.security.web.ObservationFilterChainDecorator$ObservationFilter.doFilter(ObservationFilterChainDecorator.java:228) ~[spring-security-web-6.5.10.jar:6.5.10]
	at org.springframework.security.web.ObservationFilterChainDecorator$VirtualFilterChain.doFilter(ObservationFilterChainDecorator.java:138) ~[spring-security-web-6.5.10.jar:6.5.10]
	at org.springframework.security.web.context.SecurityContextHolderFilter.doFilter(SecurityContextHolderFilter.java:82) ~[spring-security-web-6.5.10.jar:6.5.10]
	at org.springframework.security.web.context.SecurityContextHolderFilter.doFilter(SecurityContextHolderFilter.java:69) ~[spring-security-web-6.5.10.jar:6.5.10]
	at org.springframework.security.web.ObservationFilterChainDecorator$ObservationFilter.wrapFilter(ObservationFilterChainDecorator.java:241) ~[spring-security-web-6.5.10.jar:6.5.10]
	at org.springframework.security.web.ObservationFilterChainDecorator$ObservationFilter.doFilter(ObservationFilterChainDecorator.java:228) ~[spring-security-web-6.5.10.jar:6.5.10]
	at org.springframework.security.web.ObservationFilterChainDecorator$VirtualFilterChain.doFilter(ObservationFilterChainDecorator.java:138) ~[spring-security-web-6.5.10.jar:6.5.10]
	at org.springframework.security.web.context.request.async.WebAsyncManagerIntegrationFilter.doFilterInternal(WebAsyncManagerIntegrationFilter.java:62) ~[spring-security-web-6.5.10.jar:6.5.10]
	at org.springframework.web.filter.OncePerRequestFilter.doFilter(OncePerRequestFilter.java:116) ~[spring-web-6.2.18.jar:6.2.18]
	at org.springframework.security.web.ObservationFilterChainDecorator$ObservationFilter.wrapFilter(ObservationFilterChainDecorator.java:241) ~[spring-security-web-6.5.10.jar:6.5.10]
	at org.springframework.security.web.ObservationFilterChainDecorator$ObservationFilter.doFilter(ObservationFilterChainDecorator.java:228) ~[spring-security-web-6.5.10.jar:6.5.10]
	at org.springframework.security.web.ObservationFilterChainDecorator$VirtualFilterChain.doFilter(ObservationFilterChainDecorator.java:138) ~[spring-security-web-6.5.10.jar:6.5.10]
	at org.springframework.security.web.session.DisableEncodeUrlFilter.doFilterInternal(DisableEncodeUrlFilter.java:42) ~[spring-security-web-6.5.10.jar:6.5.10]
	at org.springframework.web.filter.OncePerRequestFilter.doFilter(OncePerRequestFilter.java:116) ~[spring-web-6.2.18.jar:6.2.18]
	at org.springframework.security.web.ObservationFilterChainDecorator$ObservationFilter.wrapFilter(ObservationFilterChainDecorator.java:241) ~[spring-security-web-6.5.10.jar:6.5.10]
	at org.springframework.security.web.ObservationFilterChainDecorator$AroundFilterObservation$SimpleAroundFilterObservation.lambda$wrap$0(ObservationFilterChainDecorator.java:334) ~[spring-security-web-6.5.10.jar:6.5.10]
	at org.springframework.security.web.ObservationFilterChainDecorator$ObservationFilter.doFilter(ObservationFilterChainDecorator.java:225) ~[spring-security-web-6.5.10.jar:6.5.10]
	at org.springframework.security.web.ObservationFilterChainDecorator$VirtualFilterChain.doFilter(ObservationFilterChainDecorator.java:138) ~[spring-security-web-6.5.10.jar:6.5.10]
	at org.springframework.security.web.FilterChainProxy.doFilterInternal(FilterChainProxy.java:233) ~[spring-security-web-6.5.10.jar:6.5.10]
	at org.springframework.security.web.FilterChainProxy.doFilter(FilterChainProxy.java:191) ~[spring-security-web-6.5.10.jar:6.5.10]
	at org.springframework.web.filter.CompositeFilter$VirtualFilterChain.doFilter(CompositeFilter.java:113) ~[spring-web-6.2.18.jar:6.2.18]
	at org.springframework.web.filter.ServletRequestPathFilter.doFilter(ServletRequestPathFilter.java:52) ~[spring-web-6.2.18.jar:6.2.18]
	at org.springframework.web.filter.CompositeFilter$VirtualFilterChain.doFilter(CompositeFilter.java:113) ~[spring-web-6.2.18.jar:6.2.18]
	at org.springframework.web.filter.CompositeFilter.doFilter(CompositeFilter.java:74) ~[spring-web-6.2.18.jar:6.2.18]
	at org.springframework.security.config.annotation.web.configuration.WebSecurityConfiguration$CompositeFilterChainProxy.doFilter(WebSecurityConfiguration.java:319) ~[spring-security-config-6.5.10.jar:6.5.10]
	at org.springframework.web.filter.CompositeFilter$VirtualFilterChain.doFilter(CompositeFilter.java:113) ~[spring-web-6.2.18.jar:6.2.18]
	at org.springframework.web.servlet.handler.HandlerMappingIntrospector.lambda$createCacheFilter$4(HandlerMappingIntrospector.java:267) ~[spring-webmvc-6.2.18.jar:6.2.18]
	at org.springframework.web.filter.CompositeFilter$VirtualFilterChain.doFilter(CompositeFilter.java:113) ~[spring-web-6.2.18.jar:6.2.18]
	at org.springframework.web.filter.CompositeFilter.doFilter(CompositeFilter.java:74) ~[spring-web-6.2.18.jar:6.2.18]
	at org.springframework.security.config.annotation.web.configuration.WebMvcSecurityConfiguration$CompositeFilterChainProxy.doFilter(WebMvcSecurityConfiguration.java:240) ~[spring-security-config-6.5.10.jar:6.5.10]
	at org.springframework.web.filter.DelegatingFilterProxy.invokeDelegate(DelegatingFilterProxy.java:362) ~[spring-web-6.2.18.jar:6.2.18]
	at org.springframework.web.filter.DelegatingFilterProxy.doFilter(DelegatingFilterProxy.java:278) ~[spring-web-6.2.18.jar:6.2.18]
	at org.apache.catalina.core.ApplicationFilterChain.internalDoFilter(ApplicationFilterChain.java:162) ~[tomcat-embed-core-10.1.54.jar:10.1.54]
	at org.apache.catalina.core.ApplicationFilterChain.doFilter(ApplicationFilterChain.java:138) ~[tomcat-embed-core-10.1.54.jar:10.1.54]
	at org.springframework.web.filter.RequestContextFilter.doFilterInternal(RequestContextFilter.java:100) ~[spring-web-6.2.18.jar:6.2.18]
	at org.springframework.web.filter.OncePerRequestFilter.doFilter(OncePerRequestFilter.java:116) ~[spring-web-6.2.18.jar:6.2.18]
	at org.apache.catalina.core.ApplicationFilterChain.internalDoFilter(ApplicationFilterChain.java:162) ~[tomcat-embed-core-10.1.54.jar:10.1.54]
	at org.apache.catalina.core.ApplicationFilterChain.doFilter(ApplicationFilterChain.java:138) ~[tomcat-embed-core-10.1.54.jar:10.1.54]
	at org.springframework.web.filter.FormContentFilter.doFilterInternal(FormContentFilter.java:93) ~[spring-web-6.2.18.jar:6.2.18]
	at org.springframework.web.filter.OncePerRequestFilter.doFilter(OncePerRequestFilter.java:116) ~[spring-web-6.2.18.jar:6.2.18]
	at org.apache.catalina.core.ApplicationFilterChain.internalDoFilter(ApplicationFilterChain.java:162) ~[tomcat-embed-core-10.1.54.jar:10.1.54]
	at org.apache.catalina.core.ApplicationFilterChain.doFilter(ApplicationFilterChain.java:138) ~[tomcat-embed-core-10.1.54.jar:10.1.54]
	at org.springframework.web.filter.ServerHttpObservationFilter.doFilterInternal(ServerHttpObservationFilter.java:110) ~[spring-web-6.2.18.jar:6.2.18]
	at org.springframework.web.filter.OncePerRequestFilter.doFilter(OncePerRequestFilter.java:116) ~[spring-web-6.2.18.jar:6.2.18]
	at org.apache.catalina.core.ApplicationFilterChain.internalDoFilter(ApplicationFilterChain.java:162) ~[tomcat-embed-core-10.1.54.jar:10.1.54]
	at org.apache.catalina.core.ApplicationFilterChain.doFilter(ApplicationFilterChain.java:138) ~[tomcat-embed-core-10.1.54.jar:10.1.54]
	at org.springframework.web.filter.CharacterEncodingFilter.doFilterInternal(CharacterEncodingFilter.java:201) ~[spring-web-6.2.18.jar:6.2.18]
	at org.springframework.web.filter.OncePerRequestFilter.doFilter(OncePerRequestFilter.java:116) ~[spring-web-6.2.18.jar:6.2.18]
	at org.apache.catalina.core.ApplicationFilterChain.internalDoFilter(ApplicationFilterChain.java:162) ~[tomcat-embed-core-10.1.54.jar:10.1.54]
	at org.apache.catalina.core.ApplicationFilterChain.doFilter(ApplicationFilterChain.java:138) ~[tomcat-embed-core-10.1.54.jar:10.1.54]
	at org.apache.catalina.core.StandardWrapperValve.invoke(StandardWrapperValve.java:165) ~[tomcat-embed-core-10.1.54.jar:10.1.54]
	at org.apache.catalina.core.StandardContextValve.invoke(StandardContextValve.java:88) ~[tomcat-embed-core-10.1.54.jar:10.1.54]
	at org.apache.catalina.authenticator.AuthenticatorBase.invoke(AuthenticatorBase.java:492) ~[tomcat-embed-core-10.1.54.jar:10.1.54]
	at org.apache.catalina.core.StandardHostValve.invoke(StandardHostValve.java:113) ~[tomcat-embed-core-10.1.54.jar:10.1.54]
	at org.apache.catalina.valves.ErrorReportValve.invoke(ErrorReportValve.java:83) ~[tomcat-embed-core-10.1.54.jar:10.1.54]
	at org.apache.catalina.core.StandardEngineValve.invoke(StandardEngineValve.java:72) ~[tomcat-embed-core-10.1.54.jar:10.1.54]
	at org.apache.catalina.connector.CoyoteAdapter.service(CoyoteAdapter.java:342) ~[tomcat-embed-core-10.1.54.jar:10.1.54]
	at org.apache.coyote.http11.Http11Processor.service(Http11Processor.java:399) ~[tomcat-embed-core-10.1.54.jar:10.1.54]
	at org.apache.coyote.AbstractProcessorLight.process(AbstractProcessorLight.java:63) ~[tomcat-embed-core-10.1.54.jar:10.1.54]
	at org.apache.coyote.AbstractProtocol$ConnectionHandler.process(AbstractProtocol.java:903) ~[tomcat-embed-core-10.1.54.jar:10.1.54]
	at org.apache.tomcat.util.net.NioEndpoint$SocketProcessor.doRun(NioEndpoint.java:1797) ~[tomcat-embed-core-10.1.54.jar:10.1.54]
	at org.apache.tomcat.util.net.SocketProcessorBase.run(SocketProcessorBase.java:52) ~[tomcat-embed-core-10.1.54.jar:10.1.54]
	at org.apache.tomcat.util.threads.ThreadPoolExecutor.runWorker(ThreadPoolExecutor.java:973) ~[tomcat-embed-core-10.1.54.jar:10.1.54]
	at org.apache.tomcat.util.threads.ThreadPoolExecutor$Worker.run(ThreadPoolExecutor.java:491) ~[tomcat-embed-core-10.1.54.jar:10.1.54]
	at org.apache.tomcat.util.threads.TaskThread$WrappingRunnable.run(TaskThread.java:63) ~[tomcat-embed-core-10.1.54.jar:10.1.54]
	at java.base/java.lang.Thread.run(Thread.java:840) ~[na:na]

2026-06-11T23:03:54.264+08:00 DEBUG 2805312 --- [TaskBountyPlatform] [http-nio-8080-exec-4] c.f.t.n.service.NotificationService      : Notification created: id=260, receiverId=4, type=TASK_CANCELLED
2026-06-11T23:03:54.266+08:00 DEBUG 2805312 --- [TaskBountyPlatform] [http-nio-8080-exec-4] c.f.t.audit.service.AuditLogService      : Audit log created: id=41, operatorId=3, actionType=TASK_PUBLISH, targetType=TASK, targetId=19
2026-06-11T23:03:54.266+08:00  INFO 2805312 --- [TaskBountyPlatform] [http-nio-8080-exec-4] c.f.t.task.service.TaskService           : Task force-cancelled: id=19, publisherId=3, winnerId=4, penaltyPoints=3
2026-06-11T23:05:00.001+08:00  INFO 2805312 --- [TaskBountyPlatform] [scheduling-1] c.f.t.scheduler.TaskTimeoutScheduler     : Starting checkPendingConfirmationTimeout...
2026-06-11T23:05:00.033+08:00  INFO 2805312 --- [TaskBountyPlatform] [scheduling-1] c.f.t.scheduler.TaskTimeoutScheduler     : Found 0 PENDING_CONFIRMATION tasks
2026-06-11T23:05:00.033+08:00  INFO 2805312 --- [TaskBountyPlatform] [scheduling-1] c.f.t.scheduler.TaskTimeoutScheduler     : checkPendingConfirmationTimeout completed. Processed 0 tasks
2026-06-11T23:05:00.034+08:00  INFO 2805312 --- [TaskBountyPlatform] [scheduling-1] c.f.t.scheduler.TaskTimeoutScheduler     : Starting checkUnclaimedTaskTimeout...
2026-06-11T23:05:00.038+08:00  INFO 2805312 --- [TaskBountyPlatform] [scheduling-1] c.f.t.scheduler.TaskTimeoutScheduler     : Found 0 published tasks past auto-cancel deadline
2026-06-11T23:05:00.038+08:00  INFO 2805312 --- [TaskBountyPlatform] [scheduling-1] c.f.t.scheduler.TaskTimeoutScheduler     : checkUnclaimedTaskTimeout completed. Processed 0 tasks
2026-06-11T23:05:00.038+08:00  INFO 2805312 --- [TaskBountyPlatform] [scheduling-1] c.f.t.scheduler.TaskTimeoutScheduler     : Starting checkDeliveryTimeout...
2026-06-11T23:05:00.043+08:00  INFO 2805312 --- [TaskBountyPlatform] [scheduling-1] c.f.t.scheduler.TaskTimeoutScheduler     : Found 1 overdue IN_PROGRESS tasks
2026-06-11T23:05:00.047+08:00 DEBUG 2805312 --- [TaskBountyPlatform] [scheduling-1] c.f.t.n.service.NotificationService      : Notification created: id=261, receiverId=1, type=TASK_UPDATE
2026-06-11T23:05:00.057+08:00 DEBUG 2805312 --- [TaskBountyPlatform] [scheduling-1] c.f.t.n.service.NotificationService      : Notification created: id=262, receiverId=13, type=TASK_UPDATE
2026-06-11T23:05:00.059+08:00  INFO 2805312 --- [TaskBountyPlatform] [scheduling-1] c.f.t.scheduler.TaskTimeoutScheduler     : checkDeliveryTimeout completed. Processed 1 tasks
2026-06-11T23:05:16.376+08:00  INFO 2805312 --- [TaskBountyPlatform] [SpringApplicationShutdownHook] o.s.b.w.e.tomcat.GracefulShutdown        : Commencing graceful shutdown. Waiting for active requests to complete
2026-06-11T23:05:16.380+08:00  INFO 2805312 --- [TaskBountyPlatform] [tomcat-shutdown] o.s.b.w.e.tomcat.GracefulShutdown        : Graceful shutdown complete
2026-06-11T23:05:16.392+08:00  INFO 2805312 --- [TaskBountyPlatform] [SpringApplicationShutdownHook] j.LocalContainerEntityManagerFactoryBean : Closing JPA EntityManagerFactory for persistence unit 'default'
2026-06-11T23:05:16.395+08:00  INFO 2805312 --- [TaskBountyPlatform] [SpringApplicationShutdownHook] com.zaxxer.hikari.HikariDataSource       : HikariPool-1 - Shutdown initiated...
2026-06-11T23:05:16.403+08:00  INFO 2805312 --- [TaskBountyPlatform] [SpringApplicationShutdownHook] com.zaxxer.hikari.HikariDataSource       : HikariPool-1 - Shutdown completed.
2026-06-11T23:05:49.544+08:00  INFO 2808070 --- [TaskBountyPlatform] [main] c.f.t.TaskBountyPlatformApplication      : Starting TaskBountyPlatformApplication using Java 17.0.15 with PID 2808070 (/home/gr/cxy/code/Micro-task-Bounty-Platform/backend/target/classes started by gr in /home/gr/cxy/code/Micro-task-Bounty-Platform/backend)
2026-06-11T23:05:49.545+08:00 DEBUG 2808070 --- [TaskBountyPlatform] [main] c.f.t.TaskBountyPlatformApplication      : Running with Spring Boot v3.5.14, Spring v6.2.18
2026-06-11T23:05:49.546+08:00  INFO 2808070 --- [TaskBountyPlatform] [main] c.f.t.TaskBountyPlatformApplication      : No active profile set, falling back to 1 default profile: "default"
2026-06-11T23:05:50.342+08:00  INFO 2808070 --- [TaskBountyPlatform] [main] .s.d.r.c.RepositoryConfigurationDelegate : Bootstrapping Spring Data JPA repositories in DEFAULT mode.
2026-06-11T23:05:50.407+08:00  INFO 2808070 --- [TaskBountyPlatform] [main] .s.d.r.c.RepositoryConfigurationDelegate : Finished Spring Data repository scanning in 58 ms. Found 18 JPA repository interfaces.
2026-06-11T23:05:50.826+08:00  INFO 2808070 --- [TaskBountyPlatform] [main] o.s.b.w.embedded.tomcat.TomcatWebServer  : Tomcat initialized with port 8080 (http)
2026-06-11T23:05:50.834+08:00  INFO 2808070 --- [TaskBountyPlatform] [main] o.apache.catalina.core.StandardService   : Starting service [Tomcat]
2026-06-11T23:05:50.834+08:00  INFO 2808070 --- [TaskBountyPlatform] [main] o.apache.catalina.core.StandardEngine    : Starting Servlet engine: [Apache Tomcat/10.1.54]
2026-06-11T23:05:50.881+08:00  INFO 2808070 --- [TaskBountyPlatform] [main] o.a.c.c.C.[Tomcat].[localhost].[/]       : Initializing Spring embedded WebApplicationContext
2026-06-11T23:05:50.882+08:00  INFO 2808070 --- [TaskBountyPlatform] [main] w.s.c.ServletWebServerApplicationContext : Root WebApplicationContext: initialization completed in 1307 ms
2026-06-11T23:05:51.052+08:00  INFO 2808070 --- [TaskBountyPlatform] [main] o.hibernate.jpa.internal.util.LogHelper  : HHH000204: Processing PersistenceUnitInfo [name: default]
2026-06-11T23:05:51.096+08:00  INFO 2808070 --- [TaskBountyPlatform] [main] org.hibernate.Version                    : HHH000412: Hibernate ORM core version 6.6.49.Final
2026-06-11T23:05:51.119+08:00  INFO 2808070 --- [TaskBountyPlatform] [main] o.h.c.internal.RegionFactoryInitiator    : HHH000026: Second-level cache disabled
2026-06-11T23:05:51.264+08:00  INFO 2808070 --- [TaskBountyPlatform] [main] o.s.o.j.p.SpringPersistenceUnitInfo      : No LoadTimeWeaver setup: ignoring JPA class transformer
2026-06-11T23:05:51.281+08:00  INFO 2808070 --- [TaskBountyPlatform] [main] com.zaxxer.hikari.HikariDataSource       : HikariPool-1 - Starting...
2026-06-11T23:05:51.488+08:00  INFO 2808070 --- [TaskBountyPlatform] [main] com.zaxxer.hikari.pool.HikariPool        : HikariPool-1 - Added connection com.mysql.cj.jdbc.ConnectionImpl@1ef5cde4
2026-06-11T23:05:51.489+08:00  INFO 2808070 --- [TaskBountyPlatform] [main] com.zaxxer.hikari.HikariDataSource       : HikariPool-1 - Start completed.
2026-06-11T23:05:51.532+08:00  WARN 2808070 --- [TaskBountyPlatform] [main] org.hibernate.orm.deprecation            : HHH90000025: MySQLDialect does not need to be specified explicitly using 'hibernate.dialect' (remove the property setting and it will be selected by default)
2026-06-11T23:05:51.544+08:00  INFO 2808070 --- [TaskBountyPlatform] [main] org.hibernate.orm.connections.pooling    : HHH10001005: Database info:
	Database JDBC URL [Connecting through datasource 'HikariDataSource (HikariPool-1)']
	Database driver: undefined/unknown
	Database version: 8.0.42
	Autocommit mode: undefined/unknown
	Isolation level: undefined/unknown
	Minimum pool size: undefined/unknown
	Maximum pool size: undefined/unknown
2026-06-11T23:05:52.389+08:00  INFO 2808070 --- [TaskBountyPlatform] [main] o.h.e.t.j.p.i.JtaPlatformInitiator       : HHH000489: No JTA platform available (set 'hibernate.transaction.jta.platform' to enable JTA platform integration)
2026-06-11T23:05:52.563+08:00  WARN 2808070 --- [TaskBountyPlatform] [main] o.h.t.s.i.ExceptionHandlerLoggedImpl     : GenerationTarget encountered exception accepting command : Error executing DDL "
    alter table system_configs 
       modify column config_value varchar(500) not null" via JDBC [Data truncation: Data too long for column 'config_value' at row 1]

org.hibernate.tool.schema.spi.CommandAcceptanceException: Error executing DDL "
    alter table system_configs 
       modify column config_value varchar(500) not null" via JDBC [Data truncation: Data too long for column 'config_value' at row 1]
	at org.hibernate.tool.schema.internal.exec.GenerationTargetToDatabase.accept(GenerationTargetToDatabase.java:94) ~[hibernate-core-6.6.49.Final.jar:6.6.49.Final]
	at org.hibernate.tool.schema.internal.AbstractSchemaMigrator.applySqlString(AbstractSchemaMigrator.java:576) ~[hibernate-core-6.6.49.Final.jar:6.6.49.Final]
	at org.hibernate.tool.schema.internal.AbstractSchemaMigrator.applySqlStrings(AbstractSchemaMigrator.java:516) ~[hibernate-core-6.6.49.Final.jar:6.6.49.Final]
	at org.hibernate.tool.schema.internal.AbstractSchemaMigrator.migrateTable(AbstractSchemaMigrator.java:334) ~[hibernate-core-6.6.49.Final.jar:6.6.49.Final]
	at org.hibernate.tool.schema.internal.GroupedSchemaMigratorImpl.performTablesMigration(GroupedSchemaMigratorImpl.java:84) ~[hibernate-core-6.6.49.Final.jar:6.6.49.Final]
	at org.hibernate.tool.schema.internal.AbstractSchemaMigrator.performMigration(AbstractSchemaMigrator.java:233) ~[hibernate-core-6.6.49.Final.jar:6.6.49.Final]
	at org.hibernate.tool.schema.internal.AbstractSchemaMigrator.doMigration(AbstractSchemaMigrator.java:112) ~[hibernate-core-6.6.49.Final.jar:6.6.49.Final]
	at org.hibernate.tool.schema.spi.SchemaManagementToolCoordinator.performDatabaseAction(SchemaManagementToolCoordinator.java:280) ~[hibernate-core-6.6.49.Final.jar:6.6.49.Final]
	at org.hibernate.tool.schema.spi.SchemaManagementToolCoordinator.lambda$process$5(SchemaManagementToolCoordinator.java:144) ~[hibernate-core-6.6.49.Final.jar:6.6.49.Final]
	at java.base/java.util.HashMap.forEach(HashMap.java:1421) ~[na:na]
	at org.hibernate.tool.schema.spi.SchemaManagementToolCoordinator.process(SchemaManagementToolCoordinator.java:141) ~[hibernate-core-6.6.49.Final.jar:6.6.49.Final]
	at org.hibernate.boot.internal.SessionFactoryObserverForSchemaExport.sessionFactoryCreated(SessionFactoryObserverForSchemaExport.java:37) ~[hibernate-core-6.6.49.Final.jar:6.6.49.Final]
	at org.hibernate.internal.SessionFactoryObserverChain.sessionFactoryCreated(SessionFactoryObserverChain.java:35) ~[hibernate-core-6.6.49.Final.jar:6.6.49.Final]
	at org.hibernate.internal.SessionFactoryImpl.<init>(SessionFactoryImpl.java:324) ~[hibernate-core-6.6.49.Final.jar:6.6.49.Final]
	at org.hibernate.boot.internal.SessionFactoryBuilderImpl.build(SessionFactoryBuilderImpl.java:463) ~[hibernate-core-6.6.49.Final.jar:6.6.49.Final]
	at org.hibernate.jpa.boot.internal.EntityManagerFactoryBuilderImpl.build(EntityManagerFactoryBuilderImpl.java:1517) ~[hibernate-core-6.6.49.Final.jar:6.6.49.Final]
	at org.springframework.orm.jpa.vendor.SpringHibernateJpaPersistenceProvider.createContainerEntityManagerFactory(SpringHibernateJpaPersistenceProvider.java:66) ~[spring-orm-6.2.18.jar:6.2.18]
	at org.springframework.orm.jpa.LocalContainerEntityManagerFactoryBean.createNativeEntityManagerFactory(LocalContainerEntityManagerFactoryBean.java:388) ~[spring-orm-6.2.18.jar:6.2.18]
	at org.springframework.orm.jpa.AbstractEntityManagerFactoryBean.buildNativeEntityManagerFactory(AbstractEntityManagerFactoryBean.java:419) ~[spring-orm-6.2.18.jar:6.2.18]
	at org.springframework.orm.jpa.AbstractEntityManagerFactoryBean.afterPropertiesSet(AbstractEntityManagerFactoryBean.java:400) ~[spring-orm-6.2.18.jar:6.2.18]
	at org.springframework.orm.jpa.LocalContainerEntityManagerFactoryBean.afterPropertiesSet(LocalContainerEntityManagerFactoryBean.java:364) ~[spring-orm-6.2.18.jar:6.2.18]
	at org.springframework.beans.factory.support.AbstractAutowireCapableBeanFactory.invokeInitMethods(AbstractAutowireCapableBeanFactory.java:1873) ~[spring-beans-6.2.18.jar:6.2.18]
	at org.springframework.beans.factory.support.AbstractAutowireCapableBeanFactory.initializeBean(AbstractAutowireCapableBeanFactory.java:1822) ~[spring-beans-6.2.18.jar:6.2.18]
	at org.springframework.beans.factory.support.AbstractAutowireCapableBeanFactory.doCreateBean(AbstractAutowireCapableBeanFactory.java:607) ~[spring-beans-6.2.18.jar:6.2.18]
	at org.springframework.beans.factory.support.AbstractAutowireCapableBeanFactory.createBean(AbstractAutowireCapableBeanFactory.java:529) ~[spring-beans-6.2.18.jar:6.2.18]
	at org.springframework.beans.factory.support.AbstractBeanFactory.lambda$doGetBean$0(AbstractBeanFactory.java:339) ~[spring-beans-6.2.18.jar:6.2.18]
	at org.springframework.beans.factory.support.DefaultSingletonBeanRegistry.getSingleton(DefaultSingletonBeanRegistry.java:373) ~[spring-beans-6.2.18.jar:6.2.18]
	at org.springframework.beans.factory.support.AbstractBeanFactory.doGetBean(AbstractBeanFactory.java:337) ~[spring-beans-6.2.18.jar:6.2.18]
	at org.springframework.beans.factory.support.AbstractBeanFactory.getBean(AbstractBeanFactory.java:202) ~[spring-beans-6.2.18.jar:6.2.18]
	at org.springframework.beans.factory.support.BeanDefinitionValueResolver.resolveReference(BeanDefinitionValueResolver.java:365) ~[spring-beans-6.2.18.jar:6.2.18]
	at org.springframework.beans.factory.support.BeanDefinitionValueResolver.resolveValueIfNecessary(BeanDefinitionValueResolver.java:135) ~[spring-beans-6.2.18.jar:6.2.18]
	at org.springframework.beans.factory.support.ConstructorResolver.resolveConstructorArguments(ConstructorResolver.java:691) ~[spring-beans-6.2.18.jar:6.2.18]
	at org.springframework.beans.factory.support.ConstructorResolver.instantiateUsingFactoryMethod(ConstructorResolver.java:513) ~[spring-beans-6.2.18.jar:6.2.18]
	at org.springframework.beans.factory.support.AbstractAutowireCapableBeanFactory.instantiateUsingFactoryMethod(AbstractAutowireCapableBeanFactory.java:1375) ~[spring-beans-6.2.18.jar:6.2.18]
	at org.springframework.beans.factory.support.AbstractAutowireCapableBeanFactory.createBeanInstance(AbstractAutowireCapableBeanFactory.java:1205) ~[spring-beans-6.2.18.jar:6.2.18]
	at org.springframework.beans.factory.support.AbstractAutowireCapableBeanFactory.doCreateBean(AbstractAutowireCapableBeanFactory.java:569) ~[spring-beans-6.2.18.jar:6.2.18]
	at org.springframework.beans.factory.support.AbstractAutowireCapableBeanFactory.createBean(AbstractAutowireCapableBeanFactory.java:529) ~[spring-beans-6.2.18.jar:6.2.18]
	at org.springframework.beans.factory.support.AbstractBeanFactory.lambda$doGetBean$0(AbstractBeanFactory.java:339) ~[spring-beans-6.2.18.jar:6.2.18]
	at org.springframework.beans.factory.support.DefaultSingletonBeanRegistry.getSingleton(DefaultSingletonBeanRegistry.java:373) ~[spring-beans-6.2.18.jar:6.2.18]
	at org.springframework.beans.factory.support.AbstractBeanFactory.doGetBean(AbstractBeanFactory.java:337) ~[spring-beans-6.2.18.jar:6.2.18]
	at org.springframework.beans.factory.support.AbstractBeanFactory.getBean(AbstractBeanFactory.java:202) ~[spring-beans-6.2.18.jar:6.2.18]
	at org.springframework.beans.factory.support.BeanDefinitionValueResolver.resolveReference(BeanDefinitionValueResolver.java:365) ~[spring-beans-6.2.18.jar:6.2.18]
	at org.springframework.beans.factory.support.BeanDefinitionValueResolver.resolveValueIfNecessary(BeanDefinitionValueResolver.java:135) ~[spring-beans-6.2.18.jar:6.2.18]
	at org.springframework.beans.factory.support.AbstractAutowireCapableBeanFactory.applyPropertyValues(AbstractAutowireCapableBeanFactory.java:1725) ~[spring-beans-6.2.18.jar:6.2.18]
	at org.springframework.beans.factory.support.AbstractAutowireCapableBeanFactory.populateBean(AbstractAutowireCapableBeanFactory.java:1474) ~[spring-beans-6.2.18.jar:6.2.18]
	at org.springframework.beans.factory.support.AbstractAutowireCapableBeanFactory.doCreateBean(AbstractAutowireCapableBeanFactory.java:606) ~[spring-beans-6.2.18.jar:6.2.18]
	at org.springframework.beans.factory.support.AbstractAutowireCapableBeanFactory.createBean(AbstractAutowireCapableBeanFactory.java:529) ~[spring-beans-6.2.18.jar:6.2.18]
	at org.springframework.beans.factory.support.AbstractBeanFactory.lambda$doGetBean$0(AbstractBeanFactory.java:339) ~[spring-beans-6.2.18.jar:6.2.18]
	at org.springframework.beans.factory.support.DefaultSingletonBeanRegistry.getSingleton(DefaultSingletonBeanRegistry.java:373) ~[spring-beans-6.2.18.jar:6.2.18]
	at org.springframework.beans.factory.support.AbstractBeanFactory.doGetBean(AbstractBeanFactory.java:337) ~[spring-beans-6.2.18.jar:6.2.18]
	at org.springframework.beans.factory.support.AbstractBeanFactory.getBean(AbstractBeanFactory.java:202) ~[spring-beans-6.2.18.jar:6.2.18]
	at org.springframework.beans.factory.support.DefaultListableBeanFactory.doResolveDependency(DefaultListableBeanFactory.java:1708) ~[spring-beans-6.2.18.jar:6.2.18]
	at org.springframework.beans.factory.support.DefaultListableBeanFactory.resolveDependency(DefaultListableBeanFactory.java:1653) ~[spring-beans-6.2.18.jar:6.2.18]
	at org.springframework.beans.factory.support.ConstructorResolver.resolveAutowiredArgument(ConstructorResolver.java:913) ~[spring-beans-6.2.18.jar:6.2.18]
	at org.springframework.beans.factory.support.ConstructorResolver.createArgumentArray(ConstructorResolver.java:791) ~[spring-beans-6.2.18.jar:6.2.18]
	at org.springframework.beans.factory.support.ConstructorResolver.autowireConstructor(ConstructorResolver.java:240) ~[spring-beans-6.2.18.jar:6.2.18]
	at org.springframework.beans.factory.support.AbstractAutowireCapableBeanFactory.autowireConstructor(AbstractAutowireCapableBeanFactory.java:1395) ~[spring-beans-6.2.18.jar:6.2.18]
	at org.springframework.beans.factory.support.AbstractAutowireCapableBeanFactory.createBeanInstance(AbstractAutowireCapableBeanFactory.java:1232) ~[spring-beans-6.2.18.jar:6.2.18]
	at org.springframework.beans.factory.support.AbstractAutowireCapableBeanFactory.doCreateBean(AbstractAutowireCapableBeanFactory.java:569) ~[spring-beans-6.2.18.jar:6.2.18]
	at org.springframework.beans.factory.support.AbstractAutowireCapableBeanFactory.createBean(AbstractAutowireCapableBeanFactory.java:529) ~[spring-beans-6.2.18.jar:6.2.18]
	at org.springframework.beans.factory.support.AbstractBeanFactory.lambda$doGetBean$0(AbstractBeanFactory.java:339) ~[spring-beans-6.2.18.jar:6.2.18]
	at org.springframework.beans.factory.support.DefaultSingletonBeanRegistry.getSingleton(DefaultSingletonBeanRegistry.java:373) ~[spring-beans-6.2.18.jar:6.2.18]
	at org.springframework.beans.factory.support.AbstractBeanFactory.doGetBean(AbstractBeanFactory.java:337) ~[spring-beans-6.2.18.jar:6.2.18]
	at org.springframework.beans.factory.support.AbstractBeanFactory.getBean(AbstractBeanFactory.java:207) ~[spring-beans-6.2.18.jar:6.2.18]
	at org.springframework.boot.web.servlet.ServletContextInitializerBeans.getOrderedBeansOfType(ServletContextInitializerBeans.java:230) ~[spring-boot-3.5.14.jar:3.5.14]
	at org.springframework.boot.web.servlet.ServletContextInitializerBeans.addAsRegistrationBean(ServletContextInitializerBeans.java:184) ~[spring-boot-3.5.14.jar:3.5.14]
	at org.springframework.boot.web.servlet.ServletContextInitializerBeans.addAsRegistrationBean(ServletContextInitializerBeans.java:179) ~[spring-boot-3.5.14.jar:3.5.14]
	at org.springframework.boot.web.servlet.ServletContextInitializerBeans.addAdaptableBeans(ServletContextInitializerBeans.java:164) ~[spring-boot-3.5.14.jar:3.5.14]
	at org.springframework.boot.web.servlet.ServletContextInitializerBeans.<init>(ServletContextInitializerBeans.java:96) ~[spring-boot-3.5.14.jar:3.5.14]
	at org.springframework.boot.web.servlet.context.ServletWebServerApplicationContext.getServletContextInitializerBeans(ServletWebServerApplicationContext.java:271) ~[spring-boot-3.5.14.jar:3.5.14]
	at org.springframework.boot.web.servlet.context.ServletWebServerApplicationContext.selfInitialize(ServletWebServerApplicationContext.java:245) ~[spring-boot-3.5.14.jar:3.5.14]
	at org.springframework.boot.web.embedded.tomcat.TomcatStarter.onStartup(TomcatStarter.java:52) ~[spring-boot-3.5.14.jar:3.5.14]
	at org.apache.catalina.core.StandardContext.startInternal(StandardContext.java:4452) ~[tomcat-embed-core-10.1.54.jar:10.1.54]
	at org.apache.catalina.util.LifecycleBase.start(LifecycleBase.java:164) ~[tomcat-embed-core-10.1.54.jar:10.1.54]
	at org.apache.catalina.core.ContainerBase$StartChild.call(ContainerBase.java:1201) ~[tomcat-embed-core-10.1.54.jar:10.1.54]
	at org.apache.catalina.core.ContainerBase$StartChild.call(ContainerBase.java:1191) ~[tomcat-embed-core-10.1.54.jar:10.1.54]
	at java.base/java.util.concurrent.FutureTask.run(FutureTask.java:264) ~[na:na]
	at org.apache.tomcat.util.threads.InlineExecutorService.execute(InlineExecutorService.java:81) ~[tomcat-embed-core-10.1.54.jar:10.1.54]
	at java.base/java.util.concurrent.AbstractExecutorService.submit(AbstractExecutorService.java:145) ~[na:na]
	at org.apache.catalina.core.ContainerBase.startInternal(ContainerBase.java:747) ~[tomcat-embed-core-10.1.54.jar:10.1.54]
	at org.apache.catalina.core.StandardHost.startInternal(StandardHost.java:783) ~[tomcat-embed-core-10.1.54.jar:10.1.54]
	at org.apache.catalina.util.LifecycleBase.start(LifecycleBase.java:164) ~[tomcat-embed-core-10.1.54.jar:10.1.54]
	at org.apache.catalina.core.ContainerBase$StartChild.call(ContainerBase.java:1201) ~[tomcat-embed-core-10.1.54.jar:10.1.54]
	at org.apache.catalina.core.ContainerBase$StartChild.call(ContainerBase.java:1191) ~[tomcat-embed-core-10.1.54.jar:10.1.54]
	at java.base/java.util.concurrent.FutureTask.run(FutureTask.java:264) ~[na:na]
	at org.apache.tomcat.util.threads.InlineExecutorService.execute(InlineExecutorService.java:81) ~[tomcat-embed-core-10.1.54.jar:10.1.54]
	at java.base/java.util.concurrent.AbstractExecutorService.submit(AbstractExecutorService.java:145) ~[na:na]
	at org.apache.catalina.core.ContainerBase.startInternal(ContainerBase.java:747) ~[tomcat-embed-core-10.1.54.jar:10.1.54]
	at org.apache.catalina.core.StandardEngine.startInternal(StandardEngine.java:201) ~[tomcat-embed-core-10.1.54.jar:10.1.54]
	at org.apache.catalina.util.LifecycleBase.start(LifecycleBase.java:164) ~[tomcat-embed-core-10.1.54.jar:10.1.54]
	at org.apache.catalina.core.StandardService.startInternal(StandardService.java:410) ~[tomcat-embed-core-10.1.54.jar:10.1.54]
	at org.apache.catalina.util.LifecycleBase.start(LifecycleBase.java:164) ~[tomcat-embed-core-10.1.54.jar:10.1.54]
	at org.apache.catalina.core.StandardServer.startInternal(StandardServer.java:868) ~[tomcat-embed-core-10.1.54.jar:10.1.54]
	at org.apache.catalina.util.LifecycleBase.start(LifecycleBase.java:164) ~[tomcat-embed-core-10.1.54.jar:10.1.54]
	at org.apache.catalina.startup.Tomcat.start(Tomcat.java:436) ~[tomcat-embed-core-10.1.54.jar:10.1.54]
	at org.springframework.boot.web.embedded.tomcat.TomcatWebServer.initialize(TomcatWebServer.java:128) ~[spring-boot-3.5.14.jar:3.5.14]
	at org.springframework.boot.web.embedded.tomcat.TomcatWebServer.<init>(TomcatWebServer.java:107) ~[spring-boot-3.5.14.jar:3.5.14]
	at org.springframework.boot.web.embedded.tomcat.TomcatServletWebServerFactory.getTomcatWebServer(TomcatServletWebServerFactory.java:517) ~[spring-boot-3.5.14.jar:3.5.14]
	at org.springframework.boot.web.embedded.tomcat.TomcatServletWebServerFactory.getWebServer(TomcatServletWebServerFactory.java:219) ~[spring-boot-3.5.14.jar:3.5.14]
	at org.springframework.boot.web.servlet.context.ServletWebServerApplicationContext.createWebServer(ServletWebServerApplicationContext.java:193) ~[spring-boot-3.5.14.jar:3.5.14]
	at org.springframework.boot.web.servlet.context.ServletWebServerApplicationContext.onRefresh(ServletWebServerApplicationContext.java:167) ~[spring-boot-3.5.14.jar:3.5.14]
	at org.springframework.context.support.AbstractApplicationContext.refresh(AbstractApplicationContext.java:622) ~[spring-context-6.2.18.jar:6.2.18]
	at org.springframework.boot.web.servlet.context.ServletWebServerApplicationContext.refresh(ServletWebServerApplicationContext.java:146) ~[spring-boot-3.5.14.jar:3.5.14]
	at org.springframework.boot.SpringApplication.refresh(SpringApplication.java:752) ~[spring-boot-3.5.14.jar:3.5.14]
	at org.springframework.boot.SpringApplication.refreshContext(SpringApplication.java:439) ~[spring-boot-3.5.14.jar:3.5.14]
	at org.springframework.boot.SpringApplication.run(SpringApplication.java:318) ~[spring-boot-3.5.14.jar:3.5.14]
	at org.springframework.boot.SpringApplication.run(SpringApplication.java:1361) ~[spring-boot-3.5.14.jar:3.5.14]
	at org.springframework.boot.SpringApplication.run(SpringApplication.java:1350) ~[spring-boot-3.5.14.jar:3.5.14]
	at com.firstteam.taskbountyplatform.TaskBountyPlatformApplication.main(TaskBountyPlatformApplication.java:14) ~[classes/:na]
Caused by: com.mysql.cj.jdbc.exceptions.MysqlDataTruncation: Data truncation: Data too long for column 'config_value' at row 1
	at com.mysql.cj.jdbc.exceptions.SQLExceptionsMapping.translateException(SQLExceptionsMapping.java:96) ~[mysql-connector-j-9.7.0.jar:9.7.0]
	at com.mysql.cj.jdbc.StatementImpl.executeInternal(StatementImpl.java:839) ~[mysql-connector-j-9.7.0.jar:9.7.0]
	at com.mysql.cj.jdbc.StatementImpl.execute(StatementImpl.java:687) ~[mysql-connector-j-9.7.0.jar:9.7.0]
	at com.zaxxer.hikari.pool.ProxyStatement.execute(ProxyStatement.java:95) ~[HikariCP-6.3.3.jar:na]
	at com.zaxxer.hikari.pool.HikariProxyStatement.execute(HikariProxyStatement.java) ~[HikariCP-6.3.3.jar:na]
	at org.hibernate.tool.schema.internal.exec.GenerationTargetToDatabase.accept(GenerationTargetToDatabase.java:80) ~[hibernate-core-6.6.49.Final.jar:6.6.49.Final]
	... 108 common frames omitted

2026-06-11T23:05:52.615+08:00  INFO 2808070 --- [TaskBountyPlatform] [main] j.LocalContainerEntityManagerFactoryBean : Initialized JPA EntityManagerFactory for persistence unit 'default'
2026-06-11T23:05:52.802+08:00  INFO 2808070 --- [TaskBountyPlatform] [main] o.s.d.j.r.query.QueryEnhancerFactory     : Hibernate is in classpath; If applicable, HQL parser will be used.
2026-06-11T23:05:53.167+08:00 DEBUG 2808070 --- [TaskBountyPlatform] [main] c.f.t.a.s.JwtAuthenticationFilter        : Filter 'jwtAuthenticationFilter' configured for use
2026-06-11T23:05:53.986+08:00  WARN 2808070 --- [TaskBountyPlatform] [main] JpaBaseConfiguration$JpaWebConfiguration : spring.jpa.open-in-view is enabled by default. Therefore, database queries may be performed during view rendering. Explicitly configure spring.jpa.open-in-view to disable this warning
2026-06-11T23:05:54.025+08:00  INFO 2808070 --- [TaskBountyPlatform] [main] o.s.b.a.w.s.WelcomePageHandlerMapping    : Adding welcome page: class path resource [static/index.html]
2026-06-11T23:05:54.319+08:00  INFO 2808070 --- [TaskBountyPlatform] [main] o.s.b.a.e.web.EndpointLinksResolver      : Exposing 4 endpoints beneath base path '/actuator'
2026-06-11T23:05:54.359+08:00  WARN 2808070 --- [TaskBountyPlatform] [main] .s.s.UserDetailsServiceAutoConfiguration : 

Using generated security password: 123d1ffd-cb39-4928-a221-0efeeb41b78a

This generated password is for development use only. Your security configuration must be updated before running your application in production.

2026-06-11T23:05:54.365+08:00  INFO 2808070 --- [TaskBountyPlatform] [main] r$InitializeUserDetailsManagerConfigurer : Global AuthenticationManager configured with UserDetailsService bean with name inMemoryUserDetailsManager
2026-06-11T23:05:54.785+08:00  INFO 2808070 --- [TaskBountyPlatform] [main] o.s.b.w.embedded.tomcat.TomcatWebServer  : Tomcat started on port 8080 (http) with context path '/'
2026-06-11T23:05:54.813+08:00  INFO 2808070 --- [TaskBountyPlatform] [main] c.f.t.TaskBountyPlatformApplication      : Started TaskBountyPlatformApplication in 5.612 seconds (process running for 5.84)
2026-06-11T23:06:02.427+08:00  INFO 2808070 --- [TaskBountyPlatform] [http-nio-8080-exec-1] o.a.c.c.C.[Tomcat].[localhost].[/]       : Initializing Spring DispatcherServlet 'dispatcherServlet'
2026-06-11T23:06:02.427+08:00  INFO 2808070 --- [TaskBountyPlatform] [http-nio-8080-exec-1] o.s.web.servlet.DispatcherServlet        : Initializing Servlet 'dispatcherServlet'
2026-06-11T23:06:02.429+08:00  INFO 2808070 --- [TaskBountyPlatform] [http-nio-8080-exec-1] o.s.web.servlet.DispatcherServlet        : Completed initialization in 2 ms
2026-06-11T23:06:22.831+08:00 DEBUG 2808070 --- [TaskBountyPlatform] [http-nio-8080-exec-2] c.f.t.c.e.GlobalExceptionHandler         : SPA fallback: /task/19 -> /index.html
2026-06-11T23:06:26.234+08:00 DEBUG 2808070 --- [TaskBountyPlatform] [http-nio-8080-exec-5] c.f.t.c.e.GlobalExceptionHandler         : SPA fallback: /admin/reviews -> /index.html
2026-06-11T23:06:54.086+08:00 DEBUG 2808070 --- [TaskBountyPlatform] [http-nio-8080-exec-5] c.f.t.n.service.NotificationService      : Notification created: id=263, receiverId=13, type=TASK_UPDATE
2026-06-11T23:06:54.088+08:00 DEBUG 2808070 --- [TaskBountyPlatform] [http-nio-8080-exec-5] c.f.t.audit.service.AuditLogService      : Audit log created: id=42, operatorId=3, actionType=TASK_APPLY, targetType=TASK_APPLICATION, targetId=16
2026-06-11T23:06:54.088+08:00  INFO 2808070 --- [TaskBountyPlatform] [http-nio-8080-exec-5] c.f.t.task.service.TaskService           : Application submitted: taskId=17, applicantId=3, appId=16
2026-06-11T23:06:56.525+08:00 DEBUG 2808070 --- [TaskBountyPlatform] [http-nio-8080-exec-10] c.f.t.c.e.GlobalExceptionHandler         : SPA fallback: /avatars/default.png -> /index.html
2026-06-11T23:07:11.315+08:00 DEBUG 2808070 --- [TaskBountyPlatform] [http-nio-8080-exec-3] c.f.t.n.service.NotificationService      : Notification created: id=264, receiverId=3, type=TASK_AWARDED
2026-06-11T23:07:11.317+08:00 DEBUG 2808070 --- [TaskBountyPlatform] [http-nio-8080-exec-3] c.f.t.audit.service.AuditLogService      : Audit log created: id=43, operatorId=13, actionType=TASK_AWARD, targetType=TASK, targetId=17
2026-06-11T23:07:11.317+08:00  INFO 2808070 --- [TaskBountyPlatform] [http-nio-8080-exec-3] c.f.t.task.service.TaskService           : Application awarded: taskId=17, appId=16, winnerId=3
2026-06-11T23:07:16.274+08:00 DEBUG 2808070 --- [TaskBountyPlatform] [http-nio-8080-exec-8] c.f.t.n.service.NotificationService      : Notification created: id=265, receiverId=3, type=TASK_UPDATE
2026-06-11T23:07:16.276+08:00 DEBUG 2808070 --- [TaskBountyPlatform] [http-nio-8080-exec-8] c.f.t.audit.service.AuditLogService      : Audit log created: id=44, operatorId=13, actionType=APPEAL_SUBMIT, targetType=TASK_APPEAL, targetId=1
2026-06-11T23:07:16.276+08:00  INFO 2808070 --- [TaskBountyPlatform] [http-nio-8080-exec-8] c.f.t.task.service.TaskService           : Appeal submitted: taskId=17, userId=13, appealId=1
2026-06-11T23:07:29.074+08:00 DEBUG 2808070 --- [TaskBountyPlatform] [http-nio-8080-exec-6] c.f.t.n.service.NotificationService      : Notification created: id=266, receiverId=13, type=CREDIT_CHANGE
2026-06-11T23:07:29.078+08:00 DEBUG 2808070 --- [TaskBountyPlatform] [http-nio-8080-exec-6] c.f.t.n.service.NotificationService      : Notification created: id=267, receiverId=3, type=TASK_CANCELLED
2026-06-11T23:07:29.082+08:00 DEBUG 2808070 --- [TaskBountyPlatform] [http-nio-8080-exec-6] c.f.t.n.service.NotificationService      : Notification created: id=268, receiverId=13, type=APPEAL_RESULT
2026-06-11T23:07:29.086+08:00 DEBUG 2808070 --- [TaskBountyPlatform] [http-nio-8080-exec-6] c.f.t.n.service.NotificationService      : Notification created: id=269, receiverId=3, type=APPEAL_RESULT
2026-06-11T23:07:29.088+08:00 DEBUG 2808070 --- [TaskBountyPlatform] [http-nio-8080-exec-6] c.f.t.audit.service.AuditLogService      : Audit log created: id=45, operatorId=14, actionType=APPEAL_SUBMIT, targetType=appeal, targetId=1
2026-06-11T23:07:51.120+08:00 DEBUG 2808070 --- [TaskBountyPlatform] [http-nio-8080-exec-10] c.f.t.c.e.GlobalExceptionHandler         : SPA fallback: /avatars/default.png -> /index.html
2026-06-11T23:09:54.568+08:00 DEBUG 2808070 --- [TaskBountyPlatform] [http-nio-8080-exec-3] c.f.t.c.e.GlobalExceptionHandler         : SPA fallback: /avatars/default.png -> /index.html
2026-06-11T23:10:00.003+08:00  INFO 2808070 --- [TaskBountyPlatform] [scheduling-1] c.f.t.scheduler.TaskTimeoutScheduler     : Starting checkPendingConfirmationTimeout...
2026-06-11T23:10:00.032+08:00  INFO 2808070 --- [TaskBountyPlatform] [scheduling-1] c.f.t.scheduler.TaskTimeoutScheduler     : Found 0 PENDING_CONFIRMATION tasks
2026-06-11T23:10:00.032+08:00  INFO 2808070 --- [TaskBountyPlatform] [scheduling-1] c.f.t.scheduler.TaskTimeoutScheduler     : checkPendingConfirmationTimeout completed. Processed 0 tasks
2026-06-11T23:10:00.033+08:00  INFO 2808070 --- [TaskBountyPlatform] [scheduling-1] c.f.t.scheduler.TaskTimeoutScheduler     : Starting checkDeliveryTimeout...
2026-06-11T23:10:00.035+08:00  INFO 2808070 --- [TaskBountyPlatform] [scheduling-1] c.f.t.scheduler.TaskTimeoutScheduler     : Found 1 overdue IN_PROGRESS tasks
2026-06-11T23:10:00.038+08:00 DEBUG 2808070 --- [TaskBountyPlatform] [scheduling-1] c.f.t.n.service.NotificationService      : Notification created: id=270, receiverId=1, type=TASK_UPDATE
2026-06-11T23:10:00.049+08:00 DEBUG 2808070 --- [TaskBountyPlatform] [scheduling-1] c.f.t.n.service.NotificationService      : Notification created: id=271, receiverId=13, type=TASK_UPDATE
2026-06-11T23:10:00.050+08:00  INFO 2808070 --- [TaskBountyPlatform] [scheduling-1] c.f.t.scheduler.TaskTimeoutScheduler     : checkDeliveryTimeout completed. Processed 1 tasks
2026-06-11T23:10:00.051+08:00  INFO 2808070 --- [TaskBountyPlatform] [scheduling-1] c.f.t.s.ReviewAuditTimeoutScheduler      : Starting checkReviewAuditTimeout...
2026-06-11T23:10:00.058+08:00 DEBUG 2808070 --- [TaskBountyPlatform] [scheduling-1] c.f.t.s.ReviewAuditTimeoutScheduler      : No expired review audits found
2026-06-11T23:10:00.058+08:00  INFO 2808070 --- [TaskBountyPlatform] [scheduling-1] c.f.t.scheduler.TaskTimeoutScheduler     : Starting checkUnclaimedTaskTimeout...
2026-06-11T23:10:00.061+08:00  INFO 2808070 --- [TaskBountyPlatform] [scheduling-1] c.f.t.scheduler.TaskTimeoutScheduler     : Found 0 published tasks past auto-cancel deadline
2026-06-11T23:10:00.061+08:00  INFO 2808070 --- [TaskBountyPlatform] [scheduling-1] c.f.t.scheduler.TaskTimeoutScheduler     : checkUnclaimedTaskTimeout completed. Processed 0 tasks
2026-06-11T23:11:08.120+08:00 DEBUG 2808070 --- [TaskBountyPlatform] [http-nio-8080-exec-10] c.f.t.c.e.GlobalExceptionHandler         : SPA fallback: /avatars/default.png -> /index.html
2026-06-11T23:12:09.113+08:00 DEBUG 2808070 --- [TaskBountyPlatform] [http-nio-8080-exec-8] c.f.t.audit.service.AuditLogService      : Audit log created: id=46, operatorId=3, actionType=TASK_PUBLISH, targetType=TASK, targetId=20
2026-06-11T23:12:09.113+08:00  INFO 2808070 --- [TaskBountyPlatform] [http-nio-8080-exec-8] c.f.t.task.service.TaskService           : Task published: id=20, publisherId=3, title=测试2, reward=300
2026-06-11T23:12:09.118+08:00  INFO 2808070 --- [TaskBountyPlatform] [http-nio-8080-exec-8] c.f.t.file.service.FileService           : File saved to disk: /home/gr/cxy/code/Micro-task-Bounty-Platform/backend/./uploads/TASK_ATTACHMENT/20/37e832dc-7536-4f19-aa9c-c88916a56944.pdf
2026-06-11T23:12:09.120+08:00  INFO 2808070 --- [TaskBountyPlatform] [http-nio-8080-exec-8] c.f.t.file.service.FileService           : FileObject created: id=1, bizType=TASK_ATTACHMENT, bizId=20, name=Chapter 6 Assignments.pdf
2026-06-11T23:12:17.808+08:00 DEBUG 2808070 --- [TaskBountyPlatform] [http-nio-8080-exec-7] c.f.t.c.e.GlobalExceptionHandler         : SPA fallback: /avatars/default.png -> /index.html
2026-06-11T23:12:26.693+08:00 DEBUG 2808070 --- [TaskBountyPlatform] [http-nio-8080-exec-10] c.f.t.c.e.GlobalExceptionHandler         : SPA fallback: /avatars/default.png -> /index.html
2026-06-11T23:12:44.356+08:00 DEBUG 2808070 --- [TaskBountyPlatform] [http-nio-8080-exec-6] c.f.t.n.service.NotificationService      : Notification created: id=272, receiverId=3, type=TASK_UPDATE
2026-06-11T23:12:44.358+08:00 DEBUG 2808070 --- [TaskBountyPlatform] [http-nio-8080-exec-6] c.f.t.audit.service.AuditLogService      : Audit log created: id=47, operatorId=4, actionType=TASK_APPLY, targetType=TASK_APPLICATION, targetId=17
2026-06-11T23:12:44.358+08:00  INFO 2808070 --- [TaskBountyPlatform] [http-nio-8080-exec-6] c.f.t.task.service.TaskService           : Application submitted: taskId=20, applicantId=4, appId=17
2026-06-11T23:12:49.950+08:00 DEBUG 2808070 --- [TaskBountyPlatform] [http-nio-8080-exec-2] c.f.t.c.e.GlobalExceptionHandler         : SPA fallback: /avatars/default.png -> /index.html
2026-06-11T23:13:06.168+08:00 DEBUG 2808070 --- [TaskBountyPlatform] [http-nio-8080-exec-6] c.f.t.n.service.NotificationService      : Notification created: id=273, receiverId=4, type=TASK_AWARDED
2026-06-11T23:13:06.169+08:00 DEBUG 2808070 --- [TaskBountyPlatform] [http-nio-8080-exec-6] c.f.t.audit.service.AuditLogService      : Audit log created: id=48, operatorId=3, actionType=TASK_AWARD, targetType=TASK, targetId=20
2026-06-11T23:13:06.169+08:00  INFO 2808070 --- [TaskBountyPlatform] [http-nio-8080-exec-6] c.f.t.task.service.TaskService           : Application awarded: taskId=20, appId=17, winnerId=4
2026-06-11T23:13:12.570+08:00 DEBUG 2808070 --- [TaskBountyPlatform] [http-nio-8080-exec-1] c.f.t.c.e.GlobalExceptionHandler         : SPA fallback: /avatars/default.png -> /index.html
2026-06-11T23:13:46.662+08:00 DEBUG 2808070 --- [TaskBountyPlatform] [http-nio-8080-exec-10] c.f.t.c.e.GlobalExceptionHandler         : SPA fallback: /avatars/default.png -> /index.html
2026-06-11T23:14:00.062+08:00 DEBUG 2808070 --- [TaskBountyPlatform] [http-nio-8080-exec-8] c.f.t.n.service.NotificationService      : Notification created: id=274, receiverId=4, type=TASK_UPDATE
2026-06-11T23:14:00.064+08:00 DEBUG 2808070 --- [TaskBountyPlatform] [http-nio-8080-exec-8] c.f.t.audit.service.AuditLogService      : Audit log created: id=49, operatorId=3, actionType=TASK_PUBLISH, targetType=TASK, targetId=20
2026-06-11T23:14:00.064+08:00  INFO 2808070 --- [TaskBountyPlatform] [http-nio-8080-exec-8] c.f.t.task.service.TaskService           : Deadline extended: taskId=20, extendMinutes=1439, totalExtend=1439
2026-06-11T23:14:03.575+08:00 DEBUG 2808070 --- [TaskBountyPlatform] [http-nio-8080-exec-5] c.f.t.n.service.NotificationService      : Notification created: id=275, receiverId=4, type=TASK_CANCELLED
2026-06-11T23:14:03.577+08:00 DEBUG 2808070 --- [TaskBountyPlatform] [http-nio-8080-exec-5] c.f.t.audit.service.AuditLogService      : Audit log created: id=50, operatorId=3, actionType=TASK_PUBLISH, targetType=TASK, targetId=20
2026-06-11T23:14:03.577+08:00  INFO 2808070 --- [TaskBountyPlatform] [http-nio-8080-exec-5] c.f.t.task.service.TaskService           : Task force-cancelled: id=20, publisherId=3, winnerId=4, penaltyPoints=15
2026-06-11T23:14:16.205+08:00 DEBUG 2808070 --- [TaskBountyPlatform] [http-nio-8080-exec-10] c.f.t.audit.service.AuditLogService      : Audit log created: id=51, operatorId=3, actionType=REPORT_SUBMIT, targetType=report, targetId=2
2026-06-11T23:14:16.209+08:00  INFO 2808070 --- [TaskBountyPlatform] [task-1] c.f.t.n.service.NotificationService      : Batch created 1 notifications of type REPORT_RESULT
2026-06-11T23:14:17.835+08:00 DEBUG 2808070 --- [TaskBountyPlatform] [http-nio-8080-exec-1] c.f.t.c.e.GlobalExceptionHandler         : SPA fallback: /avatars/default.png -> /index.html
2026-06-11T23:14:38.917+08:00 DEBUG 2808070 --- [TaskBountyPlatform] [http-nio-8080-exec-7] c.f.t.n.service.NotificationService      : Notification created: id=277, receiverId=3, type=REPORT_RESULT
2026-06-11T23:14:38.919+08:00 DEBUG 2808070 --- [TaskBountyPlatform] [http-nio-8080-exec-7] c.f.t.audit.service.AuditLogService      : Audit log created: id=52, operatorId=14, actionType=REPORT_SUBMIT, targetType=report, targetId=2
2026-06-11T23:14:57.629+08:00 DEBUG 2808070 --- [TaskBountyPlatform] [http-nio-8080-exec-10] c.f.t.audit.service.AuditLogService      : Audit log created: id=53, operatorId=14, actionType=ADMIN_BROADCAST, targetType=BROADCAST, targetId=null
2026-06-11T23:14:57.655+08:00  INFO 2808070 --- [TaskBountyPlatform] [task-2] c.f.t.n.service.NotificationService      : Batch created 15 notifications of type SYSTEM_BROADCAST
2026-06-11T23:15:00.001+08:00  INFO 2808070 --- [TaskBountyPlatform] [scheduling-1] c.f.t.scheduler.ReviewTimeoutScheduler   : Starting createDefaultReviews...
2026-06-11T23:15:00.011+08:00  INFO 2808070 --- [TaskBountyPlatform] [scheduling-1] c.f.t.scheduler.ReviewTimeoutScheduler   : Found 0 COMPLETED tasks older than 24 hours
2026-06-11T23:15:00.011+08:00  INFO 2808070 --- [TaskBountyPlatform] [scheduling-1] c.f.t.scheduler.ReviewTimeoutScheduler   : createDefaultReviews completed. Created 0 default reviews
2026-06-11T23:15:00.012+08:00  INFO 2808070 --- [TaskBountyPlatform] [scheduling-1] c.f.t.scheduler.TaskTimeoutScheduler     : Starting checkUnclaimedTaskTimeout...
2026-06-11T23:15:00.015+08:00  INFO 2808070 --- [TaskBountyPlatform] [scheduling-1] c.f.t.scheduler.TaskTimeoutScheduler     : Found 0 published tasks past auto-cancel deadline
2026-06-11T23:15:00.015+08:00  INFO 2808070 --- [TaskBountyPlatform] [scheduling-1] c.f.t.scheduler.TaskTimeoutScheduler     : checkUnclaimedTaskTimeout completed. Processed 0 tasks
2026-06-11T23:15:00.015+08:00  INFO 2808070 --- [TaskBountyPlatform] [scheduling-1] c.f.t.scheduler.TaskTimeoutScheduler     : Starting checkDeliveryTimeout...
2026-06-11T23:15:00.016+08:00  INFO 2808070 --- [TaskBountyPlatform] [scheduling-1] c.f.t.scheduler.TaskTimeoutScheduler     : Found 1 overdue IN_PROGRESS tasks
2026-06-11T23:15:00.019+08:00 DEBUG 2808070 --- [TaskBountyPlatform] [scheduling-1] c.f.t.n.service.NotificationService      : Notification created: id=293, receiverId=1, type=TASK_UPDATE
2026-06-11T23:15:00.030+08:00 DEBUG 2808070 --- [TaskBountyPlatform] [scheduling-1] c.f.t.n.service.NotificationService      : Notification created: id=294, receiverId=13, type=TASK_UPDATE
2026-06-11T23:15:00.032+08:00  INFO 2808070 --- [TaskBountyPlatform] [scheduling-1] c.f.t.scheduler.TaskTimeoutScheduler     : checkDeliveryTimeout completed. Processed 1 tasks
2026-06-11T23:15:00.033+08:00  INFO 2808070 --- [TaskBountyPlatform] [scheduling-1] c.f.t.scheduler.TaskTimeoutScheduler     : Starting checkPendingConfirmationTimeout...
2026-06-11T23:15:00.034+08:00  INFO 2808070 --- [TaskBountyPlatform] [scheduling-1] c.f.t.scheduler.TaskTimeoutScheduler     : Found 0 PENDING_CONFIRMATION tasks
2026-06-11T23:15:00.034+08:00  INFO 2808070 --- [TaskBountyPlatform] [scheduling-1] c.f.t.scheduler.TaskTimeoutScheduler     : checkPendingConfirmationTimeout completed. Processed 0 tasks
2026-06-11T23:15:05.859+08:00 DEBUG 2808070 --- [TaskBountyPlatform] [http-nio-8080-exec-6] c.f.t.n.service.NotificationService      : Marked 1 notifications as read for user 3
2026-06-11T23:15:10.597+08:00 DEBUG 2808070 --- [TaskBountyPlatform] [http-nio-8080-exec-7] c.f.t.n.service.NotificationService      : Marked 9 notifications as read for user 3 (all)
2026-06-11T23:15:45.587+08:00 DEBUG 2808070 --- [TaskBountyPlatform] [http-nio-8080-exec-7] c.f.t.c.e.GlobalExceptionHandler         : SPA fallback: /avatars/default.png -> /index.html
2026-06-11T23:15:54.917+08:00 ERROR 2808070 --- [TaskBountyPlatform] [http-nio-8080-exec-6] c.f.t.c.e.GlobalExceptionHandler         : Unexpected error

java.lang.RuntimeException: 昵称修改冷却期为 30 天，还需等待 29 天
	at com.firstteam.taskbountyplatform.user.service.UserService.checkNicknameCooldown(UserService.java:363) ~[classes/:na]
	at com.firstteam.taskbountyplatform.user.service.UserService.requestNicknameChange(UserService.java:144) ~[classes/:na]
	at java.base/jdk.internal.reflect.NativeMethodAccessorImpl.invoke0(Native Method) ~[na:na]
	at java.base/jdk.internal.reflect.NativeMethodAccessorImpl.invoke(NativeMethodAccessorImpl.java:77) ~[na:na]
	at java.base/jdk.internal.reflect.DelegatingMethodAccessorImpl.invoke(DelegatingMethodAccessorImpl.java:43) ~[na:na]
	at java.base/java.lang.reflect.Method.invoke(Method.java:569) ~[na:na]
	at org.springframework.aop.support.AopUtils.invokeJoinpointUsingReflection(AopUtils.java:360) ~[spring-aop-6.2.18.jar:6.2.18]
	at org.springframework.aop.framework.ReflectiveMethodInvocation.invokeJoinpoint(ReflectiveMethodInvocation.java:196) ~[spring-aop-6.2.18.jar:6.2.18]
	at org.springframework.aop.framework.ReflectiveMethodInvocation.proceed(ReflectiveMethodInvocation.java:163) ~[spring-aop-6.2.18.jar:6.2.18]
	at org.springframework.transaction.interceptor.TransactionAspectSupport.invokeWithinTransaction(TransactionAspectSupport.java:380) ~[spring-tx-6.2.18.jar:6.2.18]
	at org.springframework.transaction.interceptor.TransactionInterceptor.invoke(TransactionInterceptor.java:119) ~[spring-tx-6.2.18.jar:6.2.18]
	at org.springframework.aop.framework.ReflectiveMethodInvocation.proceed(ReflectiveMethodInvocation.java:184) ~[spring-aop-6.2.18.jar:6.2.18]
	at org.springframework.aop.framework.CglibAopProxy$DynamicAdvisedInterceptor.intercept(CglibAopProxy.java:728) ~[spring-aop-6.2.18.jar:6.2.18]
	at com.firstteam.taskbountyplatform.user.service.UserService$$SpringCGLIB$$0.requestNicknameChange(<generated>) ~[classes/:na]
	at com.firstteam.taskbountyplatform.user.controller.UserController.updateNickname(UserController.java:68) ~[classes/:na]
	at java.base/jdk.internal.reflect.NativeMethodAccessorImpl.invoke0(Native Method) ~[na:na]
	at java.base/jdk.internal.reflect.NativeMethodAccessorImpl.invoke(NativeMethodAccessorImpl.java:77) ~[na:na]
	at java.base/jdk.internal.reflect.DelegatingMethodAccessorImpl.invoke(DelegatingMethodAccessorImpl.java:43) ~[na:na]
	at java.base/java.lang.reflect.Method.invoke(Method.java:569) ~[na:na]
	at org.springframework.web.method.support.InvocableHandlerMethod.doInvoke(InvocableHandlerMethod.java:258) ~[spring-web-6.2.18.jar:6.2.18]
	at org.springframework.web.method.support.InvocableHandlerMethod.invokeForRequest(InvocableHandlerMethod.java:191) ~[spring-web-6.2.18.jar:6.2.18]
	at org.springframework.web.servlet.mvc.method.annotation.ServletInvocableHandlerMethod.invokeAndHandle(ServletInvocableHandlerMethod.java:118) ~[spring-webmvc-6.2.18.jar:6.2.18]
	at org.springframework.web.servlet.mvc.method.annotation.RequestMappingHandlerAdapter.invokeHandlerMethod(RequestMappingHandlerAdapter.java:991) ~[spring-webmvc-6.2.18.jar:6.2.18]
	at org.springframework.web.servlet.mvc.method.annotation.RequestMappingHandlerAdapter.handleInternal(RequestMappingHandlerAdapter.java:896) ~[spring-webmvc-6.2.18.jar:6.2.18]
	at org.springframework.web.servlet.mvc.method.AbstractHandlerMethodAdapter.handle(AbstractHandlerMethodAdapter.java:87) ~[spring-webmvc-6.2.18.jar:6.2.18]
	at org.springframework.web.servlet.DispatcherServlet.doDispatch(DispatcherServlet.java:1089) ~[spring-webmvc-6.2.18.jar:6.2.18]
	at org.springframework.web.servlet.DispatcherServlet.doService(DispatcherServlet.java:979) ~[spring-webmvc-6.2.18.jar:6.2.18]
	at org.springframework.web.servlet.FrameworkServlet.processRequest(FrameworkServlet.java:1014) ~[spring-webmvc-6.2.18.jar:6.2.18]
	at org.springframework.web.servlet.FrameworkServlet.doPut(FrameworkServlet.java:925) ~[spring-webmvc-6.2.18.jar:6.2.18]
	at jakarta.servlet.http.HttpServlet.service(HttpServlet.java:593) ~[tomcat-embed-core-10.1.54.jar:6.0]
	at org.springframework.web.servlet.FrameworkServlet.service(FrameworkServlet.java:885) ~[spring-webmvc-6.2.18.jar:6.2.18]
	at jakarta.servlet.http.HttpServlet.service(HttpServlet.java:658) ~[tomcat-embed-core-10.1.54.jar:6.0]
	at org.apache.catalina.core.ApplicationFilterChain.internalDoFilter(ApplicationFilterChain.java:193) ~[tomcat-embed-core-10.1.54.jar:10.1.54]
	at org.apache.catalina.core.ApplicationFilterChain.doFilter(ApplicationFilterChain.java:138) ~[tomcat-embed-core-10.1.54.jar:10.1.54]
	at org.apache.tomcat.websocket.server.WsFilter.doFilter(WsFilter.java:51) ~[tomcat-embed-websocket-10.1.54.jar:10.1.54]
	at org.apache.catalina.core.ApplicationFilterChain.internalDoFilter(ApplicationFilterChain.java:162) ~[tomcat-embed-core-10.1.54.jar:10.1.54]
	at org.apache.catalina.core.ApplicationFilterChain.doFilter(ApplicationFilterChain.java:138) ~[tomcat-embed-core-10.1.54.jar:10.1.54]
	at org.springframework.web.filter.OncePerRequestFilter.doFilter(OncePerRequestFilter.java:110) ~[spring-web-6.2.18.jar:6.2.18]
	at org.apache.catalina.core.ApplicationFilterChain.internalDoFilter(ApplicationFilterChain.java:162) ~[tomcat-embed-core-10.1.54.jar:10.1.54]
	at org.apache.catalina.core.ApplicationFilterChain.doFilter(ApplicationFilterChain.java:138) ~[tomcat-embed-core-10.1.54.jar:10.1.54]
	at com.firstteam.taskbountyplatform.config.XssFilter.doFilter(XssFilter.java:20) ~[classes/:na]
	at org.apache.catalina.core.ApplicationFilterChain.internalDoFilter(ApplicationFilterChain.java:162) ~[tomcat-embed-core-10.1.54.jar:10.1.54]
	at org.apache.catalina.core.ApplicationFilterChain.doFilter(ApplicationFilterChain.java:138) ~[tomcat-embed-core-10.1.54.jar:10.1.54]
	at org.springframework.web.filter.CompositeFilter$VirtualFilterChain.doFilter(CompositeFilter.java:108) ~[spring-web-6.2.18.jar:6.2.18]
	at org.springframework.web.filter.CompositeFilter$VirtualFilterChain.doFilter(CompositeFilter.java:108) ~[spring-web-6.2.18.jar:6.2.18]
	at org.springframework.security.web.FilterChainProxy.lambda$doFilterInternal$3(FilterChainProxy.java:231) ~[spring-security-web-6.5.10.jar:6.5.10]
	at org.springframework.security.web.ObservationFilterChainDecorator$FilterObservation$SimpleFilterObservation.lambda$wrap$1(ObservationFilterChainDecorator.java:490) ~[spring-security-web-6.5.10.jar:6.5.10]
	at org.springframework.security.web.ObservationFilterChainDecorator$AroundFilterObservation$SimpleAroundFilterObservation.lambda$wrap$1(ObservationFilterChainDecorator.java:351) ~[spring-security-web-6.5.10.jar:6.5.10]
	at org.springframework.security.web.ObservationFilterChainDecorator.lambda$wrapSecured$0(ObservationFilterChainDecorator.java:83) ~[spring-security-web-6.5.10.jar:6.5.10]
	at org.springframework.security.web.ObservationFilterChainDecorator$VirtualFilterChain.doFilter(ObservationFilterChainDecorator.java:129) ~[spring-security-web-6.5.10.jar:6.5.10]
	at org.springframework.security.web.access.intercept.AuthorizationFilter.doFilter(AuthorizationFilter.java:101) ~[spring-security-web-6.5.10.jar:6.5.10]
	at org.springframework.security.web.ObservationFilterChainDecorator$ObservationFilter.wrapFilter(ObservationFilterChainDecorator.java:241) ~[spring-security-web-6.5.10.jar:6.5.10]
	at org.springframework.security.web.ObservationFilterChainDecorator$ObservationFilter.doFilter(ObservationFilterChainDecorator.java:228) ~[spring-security-web-6.5.10.jar:6.5.10]
	at org.springframework.security.web.ObservationFilterChainDecorator$VirtualFilterChain.doFilter(ObservationFilterChainDecorator.java:138) ~[spring-security-web-6.5.10.jar:6.5.10]
	at org.springframework.security.web.access.ExceptionTranslationFilter.doFilter(ExceptionTranslationFilter.java:125) ~[spring-security-web-6.5.10.jar:6.5.10]
	at org.springframework.security.web.access.ExceptionTranslationFilter.doFilter(ExceptionTranslationFilter.java:119) ~[spring-security-web-6.5.10.jar:6.5.10]
	at org.springframework.security.web.ObservationFilterChainDecorator$ObservationFilter.wrapFilter(ObservationFilterChainDecorator.java:241) ~[spring-security-web-6.5.10.jar:6.5.10]
	at org.springframework.security.web.ObservationFilterChainDecorator$ObservationFilter.doFilter(ObservationFilterChainDecorator.java:228) ~[spring-security-web-6.5.10.jar:6.5.10]
	at org.springframework.security.web.ObservationFilterChainDecorator$VirtualFilterChain.doFilter(ObservationFilterChainDecorator.java:138) ~[spring-security-web-6.5.10.jar:6.5.10]
	at org.springframework.security.web.session.SessionManagementFilter.doFilter(SessionManagementFilter.java:131) ~[spring-security-web-6.5.10.jar:6.5.10]
	at org.springframework.security.web.session.SessionManagementFilter.doFilter(SessionManagementFilter.java:85) ~[spring-security-web-6.5.10.jar:6.5.10]
	at org.springframework.security.web.ObservationFilterChainDecorator$ObservationFilter.wrapFilter(ObservationFilterChainDecorator.java:241) ~[spring-security-web-6.5.10.jar:6.5.10]
	at org.springframework.security.web.ObservationFilterChainDecorator$ObservationFilter.doFilter(ObservationFilterChainDecorator.java:228) ~[spring-security-web-6.5.10.jar:6.5.10]
	at org.springframework.security.web.ObservationFilterChainDecorator$VirtualFilterChain.doFilter(ObservationFilterChainDecorator.java:138) ~[spring-security-web-6.5.10.jar:6.5.10]
	at org.springframework.security.web.authentication.AnonymousAuthenticationFilter.doFilter(AnonymousAuthenticationFilter.java:100) ~[spring-security-web-6.5.10.jar:6.5.10]
	at org.springframework.security.web.ObservationFilterChainDecorator$ObservationFilter.wrapFilter(ObservationFilterChainDecorator.java:241) ~[spring-security-web-6.5.10.jar:6.5.10]
	at org.springframework.security.web.ObservationFilterChainDecorator$ObservationFilter.doFilter(ObservationFilterChainDecorator.java:228) ~[spring-security-web-6.5.10.jar:6.5.10]
	at org.springframework.security.web.ObservationFilterChainDecorator$VirtualFilterChain.doFilter(ObservationFilterChainDecorator.java:138) ~[spring-security-web-6.5.10.jar:6.5.10]
	at org.springframework.security.web.servletapi.SecurityContextHolderAwareRequestFilter.doFilter(SecurityContextHolderAwareRequestFilter.java:179) ~[spring-security-web-6.5.10.jar:6.5.10]
	at org.springframework.security.web.ObservationFilterChainDecorator$ObservationFilter.wrapFilter(ObservationFilterChainDecorator.java:241) ~[spring-security-web-6.5.10.jar:6.5.10]
	at org.springframework.security.web.ObservationFilterChainDecorator$ObservationFilter.doFilter(ObservationFilterChainDecorator.java:228) ~[spring-security-web-6.5.10.jar:6.5.10]
	at org.springframework.security.web.ObservationFilterChainDecorator$VirtualFilterChain.doFilter(ObservationFilterChainDecorator.java:138) ~[spring-security-web-6.5.10.jar:6.5.10]
	at org.springframework.security.web.savedrequest.RequestCacheAwareFilter.doFilter(RequestCacheAwareFilter.java:63) ~[spring-security-web-6.5.10.jar:6.5.10]
	at org.springframework.security.web.ObservationFilterChainDecorator$ObservationFilter.wrapFilter(ObservationFilterChainDecorator.java:241) ~[spring-security-web-6.5.10.jar:6.5.10]
	at org.springframework.security.web.ObservationFilterChainDecorator$ObservationFilter.doFilter(ObservationFilterChainDecorator.java:228) ~[spring-security-web-6.5.10.jar:6.5.10]
	at org.springframework.security.web.ObservationFilterChainDecorator$VirtualFilterChain.doFilter(ObservationFilterChainDecorator.java:138) ~[spring-security-web-6.5.10.jar:6.5.10]
	at com.firstteam.taskbountyplatform.auth.security.JwtAuthenticationFilter.doFilterInternal(JwtAuthenticationFilter.java:64) ~[classes/:na]
	at org.springframework.web.filter.OncePerRequestFilter.doFilter(OncePerRequestFilter.java:116) ~[spring-web-6.2.18.jar:6.2.18]
	at org.springframework.security.web.ObservationFilterChainDecorator$ObservationFilter.wrapFilter(ObservationFilterChainDecorator.java:241) ~[spring-security-web-6.5.10.jar:6.5.10]
	at org.springframework.security.web.ObservationFilterChainDecorator$ObservationFilter.doFilter(ObservationFilterChainDecorator.java:228) ~[spring-security-web-6.5.10.jar:6.5.10]
	at org.springframework.security.web.ObservationFilterChainDecorator$VirtualFilterChain.doFilter(ObservationFilterChainDecorator.java:138) ~[spring-security-web-6.5.10.jar:6.5.10]
	at org.springframework.security.web.authentication.logout.LogoutFilter.doFilter(LogoutFilter.java:107) ~[spring-security-web-6.5.10.jar:6.5.10]
	at org.springframework.security.web.authentication.logout.LogoutFilter.doFilter(LogoutFilter.java:93) ~[spring-security-web-6.5.10.jar:6.5.10]
	at org.springframework.security.web.ObservationFilterChainDecorator$ObservationFilter.wrapFilter(ObservationFilterChainDecorator.java:241) ~[spring-security-web-6.5.10.jar:6.5.10]
	at org.springframework.security.web.ObservationFilterChainDecorator$ObservationFilter.doFilter(ObservationFilterChainDecorator.java:228) ~[spring-security-web-6.5.10.jar:6.5.10]
	at org.springframework.security.web.ObservationFilterChainDecorator$VirtualFilterChain.doFilter(ObservationFilterChainDecorator.java:138) ~[spring-security-web-6.5.10.jar:6.5.10]
	at org.springframework.web.filter.CorsFilter.doFilterInternal(CorsFilter.java:91) ~[spring-web-6.2.18.jar:6.2.18]
	at org.springframework.web.filter.OncePerRequestFilter.doFilter(OncePerRequestFilter.java:116) ~[spring-web-6.2.18.jar:6.2.18]
	at org.springframework.security.web.ObservationFilterChainDecorator$ObservationFilter.wrapFilter(ObservationFilterChainDecorator.java:241) ~[spring-security-web-6.5.10.jar:6.5.10]
	at org.springframework.security.web.ObservationFilterChainDecorator$ObservationFilter.doFilter(ObservationFilterChainDecorator.java:228) ~[spring-security-web-6.5.10.jar:6.5.10]
	at org.springframework.security.web.ObservationFilterChainDecorator$VirtualFilterChain.doFilter(ObservationFilterChainDecorator.java:138) ~[spring-security-web-6.5.10.jar:6.5.10]
	at org.springframework.security.web.header.HeaderWriterFilter.doHeadersAfter(HeaderWriterFilter.java:90) ~[spring-security-web-6.5.10.jar:6.5.10]
	at org.springframework.security.web.header.HeaderWriterFilter.doFilterInternal(HeaderWriterFilter.java:75) ~[spring-security-web-6.5.10.jar:6.5.10]
	at org.springframework.web.filter.OncePerRequestFilter.doFilter(OncePerRequestFilter.java:116) ~[spring-web-6.2.18.jar:6.2.18]
	at org.springframework.security.web.ObservationFilterChainDecorator$ObservationFilter.wrapFilter(ObservationFilterChainDecorator.java:241) ~[spring-security-web-6.5.10.jar:6.5.10]
	at org.springframework.security.web.ObservationFilterChainDecorator$ObservationFilter.doFilter(ObservationFilterChainDecorator.java:228) ~[spring-security-web-6.5.10.jar:6.5.10]
	at org.springframework.security.web.ObservationFilterChainDecorator$VirtualFilterChain.doFilter(ObservationFilterChainDecorator.java:138) ~[spring-security-web-6.5.10.jar:6.5.10]
	at org.springframework.security.web.context.SecurityContextHolderFilter.doFilter(SecurityContextHolderFilter.java:82) ~[spring-security-web-6.5.10.jar:6.5.10]
	at org.springframework.security.web.context.SecurityContextHolderFilter.doFilter(SecurityContextHolderFilter.java:69) ~[spring-security-web-6.5.10.jar:6.5.10]
	at org.springframework.security.web.ObservationFilterChainDecorator$ObservationFilter.wrapFilter(ObservationFilterChainDecorator.java:241) ~[spring-security-web-6.5.10.jar:6.5.10]
	at org.springframework.security.web.ObservationFilterChainDecorator$ObservationFilter.doFilter(ObservationFilterChainDecorator.java:228) ~[spring-security-web-6.5.10.jar:6.5.10]
	at org.springframework.security.web.ObservationFilterChainDecorator$VirtualFilterChain.doFilter(ObservationFilterChainDecorator.java:138) ~[spring-security-web-6.5.10.jar:6.5.10]
	at org.springframework.security.web.context.request.async.WebAsyncManagerIntegrationFilter.doFilterInternal(WebAsyncManagerIntegrationFilter.java:62) ~[spring-security-web-6.5.10.jar:6.5.10]
	at org.springframework.web.filter.OncePerRequestFilter.doFilter(OncePerRequestFilter.java:116) ~[spring-web-6.2.18.jar:6.2.18]
	at org.springframework.security.web.ObservationFilterChainDecorator$ObservationFilter.wrapFilter(ObservationFilterChainDecorator.java:241) ~[spring-security-web-6.5.10.jar:6.5.10]
	at org.springframework.security.web.ObservationFilterChainDecorator$ObservationFilter.doFilter(ObservationFilterChainDecorator.java:228) ~[spring-security-web-6.5.10.jar:6.5.10]
	at org.springframework.security.web.ObservationFilterChainDecorator$VirtualFilterChain.doFilter(ObservationFilterChainDecorator.java:138) ~[spring-security-web-6.5.10.jar:6.5.10]
	at org.springframework.security.web.session.DisableEncodeUrlFilter.doFilterInternal(DisableEncodeUrlFilter.java:42) ~[spring-security-web-6.5.10.jar:6.5.10]
	at org.springframework.web.filter.OncePerRequestFilter.doFilter(OncePerRequestFilter.java:116) ~[spring-web-6.2.18.jar:6.2.18]
	at org.springframework.security.web.ObservationFilterChainDecorator$ObservationFilter.wrapFilter(ObservationFilterChainDecorator.java:241) ~[spring-security-web-6.5.10.jar:6.5.10]
	at org.springframework.security.web.ObservationFilterChainDecorator$AroundFilterObservation$SimpleAroundFilterObservation.lambda$wrap$0(ObservationFilterChainDecorator.java:334) ~[spring-security-web-6.5.10.jar:6.5.10]
	at org.springframework.security.web.ObservationFilterChainDecorator$ObservationFilter.doFilter(ObservationFilterChainDecorator.java:225) ~[spring-security-web-6.5.10.jar:6.5.10]
	at org.springframework.security.web.ObservationFilterChainDecorator$VirtualFilterChain.doFilter(ObservationFilterChainDecorator.java:138) ~[spring-security-web-6.5.10.jar:6.5.10]
	at org.springframework.security.web.FilterChainProxy.doFilterInternal(FilterChainProxy.java:233) ~[spring-security-web-6.5.10.jar:6.5.10]
	at org.springframework.security.web.FilterChainProxy.doFilter(FilterChainProxy.java:191) ~[spring-security-web-6.5.10.jar:6.5.10]
	at org.springframework.web.filter.CompositeFilter$VirtualFilterChain.doFilter(CompositeFilter.java:113) ~[spring-web-6.2.18.jar:6.2.18]
	at org.springframework.web.filter.ServletRequestPathFilter.doFilter(ServletRequestPathFilter.java:52) ~[spring-web-6.2.18.jar:6.2.18]
	at org.springframework.web.filter.CompositeFilter$VirtualFilterChain.doFilter(CompositeFilter.java:113) ~[spring-web-6.2.18.jar:6.2.18]
	at org.springframework.web.filter.CompositeFilter.doFilter(CompositeFilter.java:74) ~[spring-web-6.2.18.jar:6.2.18]
	at org.springframework.security.config.annotation.web.configuration.WebSecurityConfiguration$CompositeFilterChainProxy.doFilter(WebSecurityConfiguration.java:319) ~[spring-security-config-6.5.10.jar:6.5.10]
	at org.springframework.web.filter.CompositeFilter$VirtualFilterChain.doFilter(CompositeFilter.java:113) ~[spring-web-6.2.18.jar:6.2.18]
	at org.springframework.web.servlet.handler.HandlerMappingIntrospector.lambda$createCacheFilter$4(HandlerMappingIntrospector.java:267) ~[spring-webmvc-6.2.18.jar:6.2.18]
	at org.springframework.web.filter.CompositeFilter$VirtualFilterChain.doFilter(CompositeFilter.java:113) ~[spring-web-6.2.18.jar:6.2.18]
	at org.springframework.web.filter.CompositeFilter.doFilter(CompositeFilter.java:74) ~[spring-web-6.2.18.jar:6.2.18]
	at org.springframework.security.config.annotation.web.configuration.WebMvcSecurityConfiguration$CompositeFilterChainProxy.doFilter(WebMvcSecurityConfiguration.java:240) ~[spring-security-config-6.5.10.jar:6.5.10]
	at org.springframework.web.filter.DelegatingFilterProxy.invokeDelegate(DelegatingFilterProxy.java:362) ~[spring-web-6.2.18.jar:6.2.18]
	at org.springframework.web.filter.DelegatingFilterProxy.doFilter(DelegatingFilterProxy.java:278) ~[spring-web-6.2.18.jar:6.2.18]
	at org.apache.catalina.core.ApplicationFilterChain.internalDoFilter(ApplicationFilterChain.java:162) ~[tomcat-embed-core-10.1.54.jar:10.1.54]
	at org.apache.catalina.core.ApplicationFilterChain.doFilter(ApplicationFilterChain.java:138) ~[tomcat-embed-core-10.1.54.jar:10.1.54]
	at org.springframework.web.filter.RequestContextFilter.doFilterInternal(RequestContextFilter.java:100) ~[spring-web-6.2.18.jar:6.2.18]
	at org.springframework.web.filter.OncePerRequestFilter.doFilter(OncePerRequestFilter.java:116) ~[spring-web-6.2.18.jar:6.2.18]
	at org.apache.catalina.core.ApplicationFilterChain.internalDoFilter(ApplicationFilterChain.java:162) ~[tomcat-embed-core-10.1.54.jar:10.1.54]
	at org.apache.catalina.core.ApplicationFilterChain.doFilter(ApplicationFilterChain.java:138) ~[tomcat-embed-core-10.1.54.jar:10.1.54]
	at org.springframework.web.filter.FormContentFilter.doFilterInternal(FormContentFilter.java:93) ~[spring-web-6.2.18.jar:6.2.18]
	at org.springframework.web.filter.OncePerRequestFilter.doFilter(OncePerRequestFilter.java:116) ~[spring-web-6.2.18.jar:6.2.18]
	at org.apache.catalina.core.ApplicationFilterChain.internalDoFilter(ApplicationFilterChain.java:162) ~[tomcat-embed-core-10.1.54.jar:10.1.54]
	at org.apache.catalina.core.ApplicationFilterChain.doFilter(ApplicationFilterChain.java:138) ~[tomcat-embed-core-10.1.54.jar:10.1.54]
	at org.springframework.web.filter.ServerHttpObservationFilter.doFilterInternal(ServerHttpObservationFilter.java:110) ~[spring-web-6.2.18.jar:6.2.18]
	at org.springframework.web.filter.OncePerRequestFilter.doFilter(OncePerRequestFilter.java:116) ~[spring-web-6.2.18.jar:6.2.18]
	at org.apache.catalina.core.ApplicationFilterChain.internalDoFilter(ApplicationFilterChain.java:162) ~[tomcat-embed-core-10.1.54.jar:10.1.54]
	at org.apache.catalina.core.ApplicationFilterChain.doFilter(ApplicationFilterChain.java:138) ~[tomcat-embed-core-10.1.54.jar:10.1.54]
	at org.springframework.web.filter.CharacterEncodingFilter.doFilterInternal(CharacterEncodingFilter.java:201) ~[spring-web-6.2.18.jar:6.2.18]
	at org.springframework.web.filter.OncePerRequestFilter.doFilter(OncePerRequestFilter.java:116) ~[spring-web-6.2.18.jar:6.2.18]
	at org.apache.catalina.core.ApplicationFilterChain.internalDoFilter(ApplicationFilterChain.java:162) ~[tomcat-embed-core-10.1.54.jar:10.1.54]
	at org.apache.catalina.core.ApplicationFilterChain.doFilter(ApplicationFilterChain.java:138) ~[tomcat-embed-core-10.1.54.jar:10.1.54]
	at org.apache.catalina.core.StandardWrapperValve.invoke(StandardWrapperValve.java:165) ~[tomcat-embed-core-10.1.54.jar:10.1.54]
	at org.apache.catalina.core.StandardContextValve.invoke(StandardContextValve.java:88) ~[tomcat-embed-core-10.1.54.jar:10.1.54]
	at org.apache.catalina.authenticator.AuthenticatorBase.invoke(AuthenticatorBase.java:492) ~[tomcat-embed-core-10.1.54.jar:10.1.54]
	at org.apache.catalina.core.StandardHostValve.invoke(StandardHostValve.java:113) ~[tomcat-embed-core-10.1.54.jar:10.1.54]
	at org.apache.catalina.valves.ErrorReportValve.invoke(ErrorReportValve.java:83) ~[tomcat-embed-core-10.1.54.jar:10.1.54]
	at org.apache.catalina.core.StandardEngineValve.invoke(StandardEngineValve.java:72) ~[tomcat-embed-core-10.1.54.jar:10.1.54]
	at org.apache.catalina.connector.CoyoteAdapter.service(CoyoteAdapter.java:342) ~[tomcat-embed-core-10.1.54.jar:10.1.54]
	at org.apache.coyote.http11.Http11Processor.service(Http11Processor.java:399) ~[tomcat-embed-core-10.1.54.jar:10.1.54]
	at org.apache.coyote.AbstractProcessorLight.process(AbstractProcessorLight.java:63) ~[tomcat-embed-core-10.1.54.jar:10.1.54]
	at org.apache.coyote.AbstractProtocol$ConnectionHandler.process(AbstractProtocol.java:903) ~[tomcat-embed-core-10.1.54.jar:10.1.54]
	at org.apache.tomcat.util.net.NioEndpoint$SocketProcessor.doRun(NioEndpoint.java:1797) ~[tomcat-embed-core-10.1.54.jar:10.1.54]
	at org.apache.tomcat.util.net.SocketProcessorBase.run(SocketProcessorBase.java:52) ~[tomcat-embed-core-10.1.54.jar:10.1.54]
	at org.apache.tomcat.util.threads.ThreadPoolExecutor.runWorker(ThreadPoolExecutor.java:973) ~[tomcat-embed-core-10.1.54.jar:10.1.54]
	at org.apache.tomcat.util.threads.ThreadPoolExecutor$Worker.run(ThreadPoolExecutor.java:491) ~[tomcat-embed-core-10.1.54.jar:10.1.54]
	at org.apache.tomcat.util.threads.TaskThread$WrappingRunnable.run(TaskThread.java:63) ~[tomcat-embed-core-10.1.54.jar:10.1.54]
	at java.base/java.lang.Thread.run(Thread.java:840) ~[na:na]

2026-06-11T23:16:10.790+08:00 DEBUG 2808070 --- [TaskBountyPlatform] [http-nio-8080-exec-9] c.f.t.c.e.GlobalExceptionHandler         : SPA fallback: /admin/reviews -> /index.html
2026-06-11T23:16:42.753+08:00 DEBUG 2808070 --- [TaskBountyPlatform] [http-nio-8080-exec-10] c.f.t.n.service.NotificationService      : Notification created: id=295, receiverId=3, type=ANNOUNCEMENT_REJECTED
2026-06-11T23:16:42.755+08:00 DEBUG 2808070 --- [TaskBountyPlatform] [http-nio-8080-exec-10] c.f.t.audit.service.AuditLogService      : Audit log created: id=55, operatorId=14, actionType=ADMIN_REJECT_ANNOUNCEMENT, targetType=REVIEW_AUDIT, targetId=3
2026-06-11T23:16:51.918+08:00 DEBUG 2808070 --- [TaskBountyPlatform] [http-nio-8080-exec-7] c.f.t.audit.service.AuditLogService      : Audit log created: id=56, operatorId=14, actionType=ADMIN_UPDATE_CONFIG, targetType=SYSTEM_CONFIG, targetId=1
2026-06-11T23:20:00.001+08:00  INFO 2808070 --- [TaskBountyPlatform] [scheduling-1] c.f.t.s.ReviewAuditTimeoutScheduler      : Starting checkReviewAuditTimeout...
2026-06-11T23:20:00.009+08:00 DEBUG 2808070 --- [TaskBountyPlatform] [scheduling-1] c.f.t.s.ReviewAuditTimeoutScheduler      : No expired review audits found
2026-06-11T23:20:00.011+08:00  INFO 2808070 --- [TaskBountyPlatform] [scheduling-1] c.f.t.scheduler.TaskTimeoutScheduler     : Starting checkUnclaimedTaskTimeout...
2026-06-11T23:20:00.014+08:00  INFO 2808070 --- [TaskBountyPlatform] [scheduling-1] c.f.t.scheduler.TaskTimeoutScheduler     : Found 0 published tasks past auto-cancel deadline
2026-06-11T23:20:00.014+08:00  INFO 2808070 --- [TaskBountyPlatform] [scheduling-1] c.f.t.scheduler.TaskTimeoutScheduler     : checkUnclaimedTaskTimeout completed. Processed 0 tasks
2026-06-11T23:20:00.014+08:00  INFO 2808070 --- [TaskBountyPlatform] [scheduling-1] c.f.t.scheduler.TaskTimeoutScheduler     : Starting checkPendingConfirmationTimeout...
2026-06-11T23:20:00.015+08:00  INFO 2808070 --- [TaskBountyPlatform] [scheduling-1] c.f.t.scheduler.TaskTimeoutScheduler     : Found 0 PENDING_CONFIRMATION tasks
2026-06-11T23:20:00.015+08:00  INFO 2808070 --- [TaskBountyPlatform] [scheduling-1] c.f.t.scheduler.TaskTimeoutScheduler     : checkPendingConfirmationTimeout completed. Processed 0 tasks
2026-06-11T23:20:00.015+08:00  INFO 2808070 --- [TaskBountyPlatform] [scheduling-1] c.f.t.scheduler.TaskTimeoutScheduler     : Starting checkDeliveryTimeout...
2026-06-11T23:20:00.016+08:00  INFO 2808070 --- [TaskBountyPlatform] [scheduling-1] c.f.t.scheduler.TaskTimeoutScheduler     : Found 1 overdue IN_PROGRESS tasks
2026-06-11T23:20:00.019+08:00 DEBUG 2808070 --- [TaskBountyPlatform] [scheduling-1] c.f.t.n.service.NotificationService      : Notification created: id=296, receiverId=1, type=TASK_UPDATE
2026-06-11T23:20:00.022+08:00 DEBUG 2808070 --- [TaskBountyPlatform] [scheduling-1] c.f.t.n.service.NotificationService      : Notification created: id=297, receiverId=13, type=TASK_UPDATE
2026-06-11T23:20:00.024+08:00  INFO 2808070 --- [TaskBountyPlatform] [scheduling-1] c.f.t.scheduler.TaskTimeoutScheduler     : checkDeliveryTimeout completed. Processed 1 tasks
2026-06-11T23:25:00.000+08:00  INFO 2808070 --- [TaskBountyPlatform] [scheduling-1] c.f.t.scheduler.TaskTimeoutScheduler     : Starting checkPendingConfirmationTimeout...
2026-06-11T23:25:00.002+08:00  INFO 2808070 --- [TaskBountyPlatform] [scheduling-1] c.f.t.scheduler.TaskTimeoutScheduler     : Found 0 PENDING_CONFIRMATION tasks
2026-06-11T23:25:00.002+08:00  INFO 2808070 --- [TaskBountyPlatform] [scheduling-1] c.f.t.scheduler.TaskTimeoutScheduler     : checkPendingConfirmationTimeout completed. Processed 0 tasks
2026-06-11T23:25:00.003+08:00  INFO 2808070 --- [TaskBountyPlatform] [scheduling-1] c.f.t.scheduler.TaskTimeoutScheduler     : Starting checkUnclaimedTaskTimeout...
2026-06-11T23:25:00.004+08:00  INFO 2808070 --- [TaskBountyPlatform] [scheduling-1] c.f.t.scheduler.TaskTimeoutScheduler     : Found 0 published tasks past auto-cancel deadline
2026-06-11T23:25:00.004+08:00  INFO 2808070 --- [TaskBountyPlatform] [scheduling-1] c.f.t.scheduler.TaskTimeoutScheduler     : checkUnclaimedTaskTimeout completed. Processed 0 tasks
2026-06-11T23:25:00.004+08:00  INFO 2808070 --- [TaskBountyPlatform] [scheduling-1] c.f.t.scheduler.TaskTimeoutScheduler     : Starting checkDeliveryTimeout...
2026-06-11T23:25:00.005+08:00  INFO 2808070 --- [TaskBountyPlatform] [scheduling-1] c.f.t.scheduler.TaskTimeoutScheduler     : Found 1 overdue IN_PROGRESS tasks
2026-06-11T23:25:00.007+08:00 DEBUG 2808070 --- [TaskBountyPlatform] [scheduling-1] c.f.t.n.service.NotificationService      : Notification created: id=298, receiverId=1, type=TASK_UPDATE
2026-06-11T23:25:00.011+08:00 DEBUG 2808070 --- [TaskBountyPlatform] [scheduling-1] c.f.t.n.service.NotificationService      : Notification created: id=299, receiverId=13, type=TASK_UPDATE
2026-06-11T23:25:00.012+08:00  INFO 2808070 --- [TaskBountyPlatform] [scheduling-1] c.f.t.scheduler.TaskTimeoutScheduler     : checkDeliveryTimeout completed. Processed 1 tasks
2026-06-11T23:25:10.773+08:00  INFO 2808070 --- [TaskBountyPlatform] [SpringApplicationShutdownHook] o.s.b.w.e.tomcat.GracefulShutdown        : Commencing graceful shutdown. Waiting for active requests to complete
2026-06-11T23:25:10.776+08:00  INFO 2808070 --- [TaskBountyPlatform] [tomcat-shutdown] o.s.b.w.e.tomcat.GracefulShutdown        : Graceful shutdown complete
2026-06-11T23:25:10.790+08:00  INFO 2808070 --- [TaskBountyPlatform] [SpringApplicationShutdownHook] j.LocalContainerEntityManagerFactoryBean : Closing JPA EntityManagerFactory for persistence unit 'default'
2026-06-11T23:25:10.793+08:00  INFO 2808070 --- [TaskBountyPlatform] [SpringApplicationShutdownHook] com.zaxxer.hikari.HikariDataSource       : HikariPool-1 - Shutdown initiated...
2026-06-11T23:25:10.798+08:00  INFO 2808070 --- [TaskBountyPlatform] [SpringApplicationShutdownHook] com.zaxxer.hikari.HikariDataSource       : HikariPool-1 - Shutdown completed.
2026-06-11T23:25:19.584+08:00  INFO 2815652 --- [TaskBountyPlatform] [main] c.f.t.TaskBountyPlatformApplication      : Starting TaskBountyPlatformApplication using Java 17.0.15 with PID 2815652 (/home/gr/cxy/code/Micro-task-Bounty-Platform/backend/target/classes started by gr in /home/gr/cxy/code/Micro-task-Bounty-Platform/backend)
2026-06-11T23:25:19.586+08:00 DEBUG 2815652 --- [TaskBountyPlatform] [main] c.f.t.TaskBountyPlatformApplication      : Running with Spring Boot v3.5.14, Spring v6.2.18
2026-06-11T23:25:19.586+08:00  INFO 2815652 --- [TaskBountyPlatform] [main] c.f.t.TaskBountyPlatformApplication      : No active profile set, falling back to 1 default profile: "default"
2026-06-11T23:25:20.415+08:00  INFO 2815652 --- [TaskBountyPlatform] [main] .s.d.r.c.RepositoryConfigurationDelegate : Bootstrapping Spring Data JPA repositories in DEFAULT mode.
2026-06-11T23:25:20.490+08:00  INFO 2815652 --- [TaskBountyPlatform] [main] .s.d.r.c.RepositoryConfigurationDelegate : Finished Spring Data repository scanning in 68 ms. Found 18 JPA repository interfaces.
2026-06-11T23:25:20.927+08:00  INFO 2815652 --- [TaskBountyPlatform] [main] o.s.b.w.embedded.tomcat.TomcatWebServer  : Tomcat initialized with port 8080 (http)
2026-06-11T23:25:20.935+08:00  INFO 2815652 --- [TaskBountyPlatform] [main] o.apache.catalina.core.StandardService   : Starting service [Tomcat]
2026-06-11T23:25:20.935+08:00  INFO 2815652 --- [TaskBountyPlatform] [main] o.apache.catalina.core.StandardEngine    : Starting Servlet engine: [Apache Tomcat/10.1.54]
2026-06-11T23:25:20.964+08:00  INFO 2815652 --- [TaskBountyPlatform] [main] o.a.c.c.C.[Tomcat].[localhost].[/]       : Initializing Spring embedded WebApplicationContext
2026-06-11T23:25:20.964+08:00  INFO 2815652 --- [TaskBountyPlatform] [main] w.s.c.ServletWebServerApplicationContext : Root WebApplicationContext: initialization completed in 1349 ms
2026-06-11T23:25:21.135+08:00  INFO 2815652 --- [TaskBountyPlatform] [main] o.hibernate.jpa.internal.util.LogHelper  : HHH000204: Processing PersistenceUnitInfo [name: default]
2026-06-11T23:25:21.170+08:00  INFO 2815652 --- [TaskBountyPlatform] [main] org.hibernate.Version                    : HHH000412: Hibernate ORM core version 6.6.49.Final
2026-06-11T23:25:21.196+08:00  INFO 2815652 --- [TaskBountyPlatform] [main] o.h.c.internal.RegionFactoryInitiator    : HHH000026: Second-level cache disabled
2026-06-11T23:25:21.342+08:00  INFO 2815652 --- [TaskBountyPlatform] [main] o.s.o.j.p.SpringPersistenceUnitInfo      : No LoadTimeWeaver setup: ignoring JPA class transformer
2026-06-11T23:25:21.360+08:00  INFO 2815652 --- [TaskBountyPlatform] [main] com.zaxxer.hikari.HikariDataSource       : HikariPool-1 - Starting...
2026-06-11T23:25:21.562+08:00  INFO 2815652 --- [TaskBountyPlatform] [main] com.zaxxer.hikari.pool.HikariPool        : HikariPool-1 - Added connection com.mysql.cj.jdbc.ConnectionImpl@27b7204
2026-06-11T23:25:21.563+08:00  INFO 2815652 --- [TaskBountyPlatform] [main] com.zaxxer.hikari.HikariDataSource       : HikariPool-1 - Start completed.
2026-06-11T23:25:21.598+08:00  WARN 2815652 --- [TaskBountyPlatform] [main] org.hibernate.orm.deprecation            : HHH90000025: MySQLDialect does not need to be specified explicitly using 'hibernate.dialect' (remove the property setting and it will be selected by default)
2026-06-11T23:25:21.610+08:00  INFO 2815652 --- [TaskBountyPlatform] [main] org.hibernate.orm.connections.pooling    : HHH10001005: Database info:
	Database JDBC URL [Connecting through datasource 'HikariDataSource (HikariPool-1)']
	Database driver: undefined/unknown
	Database version: 8.0.42
	Autocommit mode: undefined/unknown
	Isolation level: undefined/unknown
	Minimum pool size: undefined/unknown
	Maximum pool size: undefined/unknown
2026-06-11T23:25:22.441+08:00  INFO 2815652 --- [TaskBountyPlatform] [main] o.h.e.t.j.p.i.JtaPlatformInitiator       : HHH000489: No JTA platform available (set 'hibernate.transaction.jta.platform' to enable JTA platform integration)
2026-06-11T23:25:22.615+08:00  WARN 2815652 --- [TaskBountyPlatform] [main] o.h.t.s.i.ExceptionHandlerLoggedImpl     : GenerationTarget encountered exception accepting command : Error executing DDL "
    alter table system_configs 
       modify column config_value varchar(500) not null" via JDBC [Data truncation: Data too long for column 'config_value' at row 1]

org.hibernate.tool.schema.spi.CommandAcceptanceException: Error executing DDL "
    alter table system_configs 
       modify column config_value varchar(500) not null" via JDBC [Data truncation: Data too long for column 'config_value' at row 1]
	at org.hibernate.tool.schema.internal.exec.GenerationTargetToDatabase.accept(GenerationTargetToDatabase.java:94) ~[hibernate-core-6.6.49.Final.jar:6.6.49.Final]
	at org.hibernate.tool.schema.internal.AbstractSchemaMigrator.applySqlString(AbstractSchemaMigrator.java:576) ~[hibernate-core-6.6.49.Final.jar:6.6.49.Final]
	at org.hibernate.tool.schema.internal.AbstractSchemaMigrator.applySqlStrings(AbstractSchemaMigrator.java:516) ~[hibernate-core-6.6.49.Final.jar:6.6.49.Final]
	at org.hibernate.tool.schema.internal.AbstractSchemaMigrator.migrateTable(AbstractSchemaMigrator.java:334) ~[hibernate-core-6.6.49.Final.jar:6.6.49.Final]
	at org.hibernate.tool.schema.internal.GroupedSchemaMigratorImpl.performTablesMigration(GroupedSchemaMigratorImpl.java:84) ~[hibernate-core-6.6.49.Final.jar:6.6.49.Final]
	at org.hibernate.tool.schema.internal.AbstractSchemaMigrator.performMigration(AbstractSchemaMigrator.java:233) ~[hibernate-core-6.6.49.Final.jar:6.6.49.Final]
	at org.hibernate.tool.schema.internal.AbstractSchemaMigrator.doMigration(AbstractSchemaMigrator.java:112) ~[hibernate-core-6.6.49.Final.jar:6.6.49.Final]
	at org.hibernate.tool.schema.spi.SchemaManagementToolCoordinator.performDatabaseAction(SchemaManagementToolCoordinator.java:280) ~[hibernate-core-6.6.49.Final.jar:6.6.49.Final]
	at org.hibernate.tool.schema.spi.SchemaManagementToolCoordinator.lambda$process$5(SchemaManagementToolCoordinator.java:144) ~[hibernate-core-6.6.49.Final.jar:6.6.49.Final]
	at java.base/java.util.HashMap.forEach(HashMap.java:1421) ~[na:na]
	at org.hibernate.tool.schema.spi.SchemaManagementToolCoordinator.process(SchemaManagementToolCoordinator.java:141) ~[hibernate-core-6.6.49.Final.jar:6.6.49.Final]
	at org.hibernate.boot.internal.SessionFactoryObserverForSchemaExport.sessionFactoryCreated(SessionFactoryObserverForSchemaExport.java:37) ~[hibernate-core-6.6.49.Final.jar:6.6.49.Final]
	at org.hibernate.internal.SessionFactoryObserverChain.sessionFactoryCreated(SessionFactoryObserverChain.java:35) ~[hibernate-core-6.6.49.Final.jar:6.6.49.Final]
	at org.hibernate.internal.SessionFactoryImpl.<init>(SessionFactoryImpl.java:324) ~[hibernate-core-6.6.49.Final.jar:6.6.49.Final]
	at org.hibernate.boot.internal.SessionFactoryBuilderImpl.build(SessionFactoryBuilderImpl.java:463) ~[hibernate-core-6.6.49.Final.jar:6.6.49.Final]
	at org.hibernate.jpa.boot.internal.EntityManagerFactoryBuilderImpl.build(EntityManagerFactoryBuilderImpl.java:1517) ~[hibernate-core-6.6.49.Final.jar:6.6.49.Final]
	at org.springframework.orm.jpa.vendor.SpringHibernateJpaPersistenceProvider.createContainerEntityManagerFactory(SpringHibernateJpaPersistenceProvider.java:66) ~[spring-orm-6.2.18.jar:6.2.18]
	at org.springframework.orm.jpa.LocalContainerEntityManagerFactoryBean.createNativeEntityManagerFactory(LocalContainerEntityManagerFactoryBean.java:388) ~[spring-orm-6.2.18.jar:6.2.18]
	at org.springframework.orm.jpa.AbstractEntityManagerFactoryBean.buildNativeEntityManagerFactory(AbstractEntityManagerFactoryBean.java:419) ~[spring-orm-6.2.18.jar:6.2.18]
	at org.springframework.orm.jpa.AbstractEntityManagerFactoryBean.afterPropertiesSet(AbstractEntityManagerFactoryBean.java:400) ~[spring-orm-6.2.18.jar:6.2.18]
	at org.springframework.orm.jpa.LocalContainerEntityManagerFactoryBean.afterPropertiesSet(LocalContainerEntityManagerFactoryBean.java:364) ~[spring-orm-6.2.18.jar:6.2.18]
	at org.springframework.beans.factory.support.AbstractAutowireCapableBeanFactory.invokeInitMethods(AbstractAutowireCapableBeanFactory.java:1873) ~[spring-beans-6.2.18.jar:6.2.18]
	at org.springframework.beans.factory.support.AbstractAutowireCapableBeanFactory.initializeBean(AbstractAutowireCapableBeanFactory.java:1822) ~[spring-beans-6.2.18.jar:6.2.18]
	at org.springframework.beans.factory.support.AbstractAutowireCapableBeanFactory.doCreateBean(AbstractAutowireCapableBeanFactory.java:607) ~[spring-beans-6.2.18.jar:6.2.18]
	at org.springframework.beans.factory.support.AbstractAutowireCapableBeanFactory.createBean(AbstractAutowireCapableBeanFactory.java:529) ~[spring-beans-6.2.18.jar:6.2.18]
	at org.springframework.beans.factory.support.AbstractBeanFactory.lambda$doGetBean$0(AbstractBeanFactory.java:339) ~[spring-beans-6.2.18.jar:6.2.18]
	at org.springframework.beans.factory.support.DefaultSingletonBeanRegistry.getSingleton(DefaultSingletonBeanRegistry.java:373) ~[spring-beans-6.2.18.jar:6.2.18]
	at org.springframework.beans.factory.support.AbstractBeanFactory.doGetBean(AbstractBeanFactory.java:337) ~[spring-beans-6.2.18.jar:6.2.18]
	at org.springframework.beans.factory.support.AbstractBeanFactory.getBean(AbstractBeanFactory.java:202) ~[spring-beans-6.2.18.jar:6.2.18]
	at org.springframework.beans.factory.support.BeanDefinitionValueResolver.resolveReference(BeanDefinitionValueResolver.java:365) ~[spring-beans-6.2.18.jar:6.2.18]
	at org.springframework.beans.factory.support.BeanDefinitionValueResolver.resolveValueIfNecessary(BeanDefinitionValueResolver.java:135) ~[spring-beans-6.2.18.jar:6.2.18]
	at org.springframework.beans.factory.support.ConstructorResolver.resolveConstructorArguments(ConstructorResolver.java:691) ~[spring-beans-6.2.18.jar:6.2.18]
	at org.springframework.beans.factory.support.ConstructorResolver.instantiateUsingFactoryMethod(ConstructorResolver.java:513) ~[spring-beans-6.2.18.jar:6.2.18]
	at org.springframework.beans.factory.support.AbstractAutowireCapableBeanFactory.instantiateUsingFactoryMethod(AbstractAutowireCapableBeanFactory.java:1375) ~[spring-beans-6.2.18.jar:6.2.18]
	at org.springframework.beans.factory.support.AbstractAutowireCapableBeanFactory.createBeanInstance(AbstractAutowireCapableBeanFactory.java:1205) ~[spring-beans-6.2.18.jar:6.2.18]
	at org.springframework.beans.factory.support.AbstractAutowireCapableBeanFactory.doCreateBean(AbstractAutowireCapableBeanFactory.java:569) ~[spring-beans-6.2.18.jar:6.2.18]
	at org.springframework.beans.factory.support.AbstractAutowireCapableBeanFactory.createBean(AbstractAutowireCapableBeanFactory.java:529) ~[spring-beans-6.2.18.jar:6.2.18]
	at org.springframework.beans.factory.support.AbstractBeanFactory.lambda$doGetBean$0(AbstractBeanFactory.java:339) ~[spring-beans-6.2.18.jar:6.2.18]
	at org.springframework.beans.factory.support.DefaultSingletonBeanRegistry.getSingleton(DefaultSingletonBeanRegistry.java:373) ~[spring-beans-6.2.18.jar:6.2.18]
	at org.springframework.beans.factory.support.AbstractBeanFactory.doGetBean(AbstractBeanFactory.java:337) ~[spring-beans-6.2.18.jar:6.2.18]
	at org.springframework.beans.factory.support.AbstractBeanFactory.getBean(AbstractBeanFactory.java:202) ~[spring-beans-6.2.18.jar:6.2.18]
	at org.springframework.beans.factory.support.BeanDefinitionValueResolver.resolveReference(BeanDefinitionValueResolver.java:365) ~[spring-beans-6.2.18.jar:6.2.18]
	at org.springframework.beans.factory.support.BeanDefinitionValueResolver.resolveValueIfNecessary(BeanDefinitionValueResolver.java:135) ~[spring-beans-6.2.18.jar:6.2.18]
	at org.springframework.beans.factory.support.AbstractAutowireCapableBeanFactory.applyPropertyValues(AbstractAutowireCapableBeanFactory.java:1725) ~[spring-beans-6.2.18.jar:6.2.18]
	at org.springframework.beans.factory.support.AbstractAutowireCapableBeanFactory.populateBean(AbstractAutowireCapableBeanFactory.java:1474) ~[spring-beans-6.2.18.jar:6.2.18]
	at org.springframework.beans.factory.support.AbstractAutowireCapableBeanFactory.doCreateBean(AbstractAutowireCapableBeanFactory.java:606) ~[spring-beans-6.2.18.jar:6.2.18]
	at org.springframework.beans.factory.support.AbstractAutowireCapableBeanFactory.createBean(AbstractAutowireCapableBeanFactory.java:529) ~[spring-beans-6.2.18.jar:6.2.18]
	at org.springframework.beans.factory.support.AbstractBeanFactory.lambda$doGetBean$0(AbstractBeanFactory.java:339) ~[spring-beans-6.2.18.jar:6.2.18]
	at org.springframework.beans.factory.support.DefaultSingletonBeanRegistry.getSingleton(DefaultSingletonBeanRegistry.java:373) ~[spring-beans-6.2.18.jar:6.2.18]
	at org.springframework.beans.factory.support.AbstractBeanFactory.doGetBean(AbstractBeanFactory.java:337) ~[spring-beans-6.2.18.jar:6.2.18]
	at org.springframework.beans.factory.support.AbstractBeanFactory.getBean(AbstractBeanFactory.java:202) ~[spring-beans-6.2.18.jar:6.2.18]
	at org.springframework.beans.factory.support.DefaultListableBeanFactory.doResolveDependency(DefaultListableBeanFactory.java:1708) ~[spring-beans-6.2.18.jar:6.2.18]
	at org.springframework.beans.factory.support.DefaultListableBeanFactory.resolveDependency(DefaultListableBeanFactory.java:1653) ~[spring-beans-6.2.18.jar:6.2.18]
	at org.springframework.beans.factory.support.ConstructorResolver.resolveAutowiredArgument(ConstructorResolver.java:913) ~[spring-beans-6.2.18.jar:6.2.18]
	at org.springframework.beans.factory.support.ConstructorResolver.createArgumentArray(ConstructorResolver.java:791) ~[spring-beans-6.2.18.jar:6.2.18]
	at org.springframework.beans.factory.support.ConstructorResolver.autowireConstructor(ConstructorResolver.java:240) ~[spring-beans-6.2.18.jar:6.2.18]
	at org.springframework.beans.factory.support.AbstractAutowireCapableBeanFactory.autowireConstructor(AbstractAutowireCapableBeanFactory.java:1395) ~[spring-beans-6.2.18.jar:6.2.18]
	at org.springframework.beans.factory.support.AbstractAutowireCapableBeanFactory.createBeanInstance(AbstractAutowireCapableBeanFactory.java:1232) ~[spring-beans-6.2.18.jar:6.2.18]
	at org.springframework.beans.factory.support.AbstractAutowireCapableBeanFactory.doCreateBean(AbstractAutowireCapableBeanFactory.java:569) ~[spring-beans-6.2.18.jar:6.2.18]
	at org.springframework.beans.factory.support.AbstractAutowireCapableBeanFactory.createBean(AbstractAutowireCapableBeanFactory.java:529) ~[spring-beans-6.2.18.jar:6.2.18]
	at org.springframework.beans.factory.support.AbstractBeanFactory.lambda$doGetBean$0(AbstractBeanFactory.java:339) ~[spring-beans-6.2.18.jar:6.2.18]
	at org.springframework.beans.factory.support.DefaultSingletonBeanRegistry.getSingleton(DefaultSingletonBeanRegistry.java:373) ~[spring-beans-6.2.18.jar:6.2.18]
	at org.springframework.beans.factory.support.AbstractBeanFactory.doGetBean(AbstractBeanFactory.java:337) ~[spring-beans-6.2.18.jar:6.2.18]
	at org.springframework.beans.factory.support.AbstractBeanFactory.getBean(AbstractBeanFactory.java:207) ~[spring-beans-6.2.18.jar:6.2.18]
	at org.springframework.boot.web.servlet.ServletContextInitializerBeans.getOrderedBeansOfType(ServletContextInitializerBeans.java:230) ~[spring-boot-3.5.14.jar:3.5.14]
	at org.springframework.boot.web.servlet.ServletContextInitializerBeans.addAsRegistrationBean(ServletContextInitializerBeans.java:184) ~[spring-boot-3.5.14.jar:3.5.14]
	at org.springframework.boot.web.servlet.ServletContextInitializerBeans.addAsRegistrationBean(ServletContextInitializerBeans.java:179) ~[spring-boot-3.5.14.jar:3.5.14]
	at org.springframework.boot.web.servlet.ServletContextInitializerBeans.addAdaptableBeans(ServletContextInitializerBeans.java:164) ~[spring-boot-3.5.14.jar:3.5.14]
	at org.springframework.boot.web.servlet.ServletContextInitializerBeans.<init>(ServletContextInitializerBeans.java:96) ~[spring-boot-3.5.14.jar:3.5.14]
	at org.springframework.boot.web.servlet.context.ServletWebServerApplicationContext.getServletContextInitializerBeans(ServletWebServerApplicationContext.java:271) ~[spring-boot-3.5.14.jar:3.5.14]
	at org.springframework.boot.web.servlet.context.ServletWebServerApplicationContext.selfInitialize(ServletWebServerApplicationContext.java:245) ~[spring-boot-3.5.14.jar:3.5.14]
	at org.springframework.boot.web.embedded.tomcat.TomcatStarter.onStartup(TomcatStarter.java:52) ~[spring-boot-3.5.14.jar:3.5.14]
	at org.apache.catalina.core.StandardContext.startInternal(StandardContext.java:4452) ~[tomcat-embed-core-10.1.54.jar:10.1.54]
	at org.apache.catalina.util.LifecycleBase.start(LifecycleBase.java:164) ~[tomcat-embed-core-10.1.54.jar:10.1.54]
	at org.apache.catalina.core.ContainerBase$StartChild.call(ContainerBase.java:1201) ~[tomcat-embed-core-10.1.54.jar:10.1.54]
	at org.apache.catalina.core.ContainerBase$StartChild.call(ContainerBase.java:1191) ~[tomcat-embed-core-10.1.54.jar:10.1.54]
	at java.base/java.util.concurrent.FutureTask.run(FutureTask.java:264) ~[na:na]
	at org.apache.tomcat.util.threads.InlineExecutorService.execute(InlineExecutorService.java:81) ~[tomcat-embed-core-10.1.54.jar:10.1.54]
	at java.base/java.util.concurrent.AbstractExecutorService.submit(AbstractExecutorService.java:145) ~[na:na]
	at org.apache.catalina.core.ContainerBase.startInternal(ContainerBase.java:747) ~[tomcat-embed-core-10.1.54.jar:10.1.54]
	at org.apache.catalina.core.StandardHost.startInternal(StandardHost.java:783) ~[tomcat-embed-core-10.1.54.jar:10.1.54]
	at org.apache.catalina.util.LifecycleBase.start(LifecycleBase.java:164) ~[tomcat-embed-core-10.1.54.jar:10.1.54]
	at org.apache.catalina.core.ContainerBase$StartChild.call(ContainerBase.java:1201) ~[tomcat-embed-core-10.1.54.jar:10.1.54]
	at org.apache.catalina.core.ContainerBase$StartChild.call(ContainerBase.java:1191) ~[tomcat-embed-core-10.1.54.jar:10.1.54]
	at java.base/java.util.concurrent.FutureTask.run(FutureTask.java:264) ~[na:na]
	at org.apache.tomcat.util.threads.InlineExecutorService.execute(InlineExecutorService.java:81) ~[tomcat-embed-core-10.1.54.jar:10.1.54]
	at java.base/java.util.concurrent.AbstractExecutorService.submit(AbstractExecutorService.java:145) ~[na:na]
	at org.apache.catalina.core.ContainerBase.startInternal(ContainerBase.java:747) ~[tomcat-embed-core-10.1.54.jar:10.1.54]
	at org.apache.catalina.core.StandardEngine.startInternal(StandardEngine.java:201) ~[tomcat-embed-core-10.1.54.jar:10.1.54]
	at org.apache.catalina.util.LifecycleBase.start(LifecycleBase.java:164) ~[tomcat-embed-core-10.1.54.jar:10.1.54]
	at org.apache.catalina.core.StandardService.startInternal(StandardService.java:410) ~[tomcat-embed-core-10.1.54.jar:10.1.54]
	at org.apache.catalina.util.LifecycleBase.start(LifecycleBase.java:164) ~[tomcat-embed-core-10.1.54.jar:10.1.54]
	at org.apache.catalina.core.StandardServer.startInternal(StandardServer.java:868) ~[tomcat-embed-core-10.1.54.jar:10.1.54]
	at org.apache.catalina.util.LifecycleBase.start(LifecycleBase.java:164) ~[tomcat-embed-core-10.1.54.jar:10.1.54]
	at org.apache.catalina.startup.Tomcat.start(Tomcat.java:436) ~[tomcat-embed-core-10.1.54.jar:10.1.54]
	at org.springframework.boot.web.embedded.tomcat.TomcatWebServer.initialize(TomcatWebServer.java:128) ~[spring-boot-3.5.14.jar:3.5.14]
	at org.springframework.boot.web.embedded.tomcat.TomcatWebServer.<init>(TomcatWebServer.java:107) ~[spring-boot-3.5.14.jar:3.5.14]
	at org.springframework.boot.web.embedded.tomcat.TomcatServletWebServerFactory.getTomcatWebServer(TomcatServletWebServerFactory.java:517) ~[spring-boot-3.5.14.jar:3.5.14]
	at org.springframework.boot.web.embedded.tomcat.TomcatServletWebServerFactory.getWebServer(TomcatServletWebServerFactory.java:219) ~[spring-boot-3.5.14.jar:3.5.14]
	at org.springframework.boot.web.servlet.context.ServletWebServerApplicationContext.createWebServer(ServletWebServerApplicationContext.java:193) ~[spring-boot-3.5.14.jar:3.5.14]
	at org.springframework.boot.web.servlet.context.ServletWebServerApplicationContext.onRefresh(ServletWebServerApplicationContext.java:167) ~[spring-boot-3.5.14.jar:3.5.14]
	at org.springframework.context.support.AbstractApplicationContext.refresh(AbstractApplicationContext.java:622) ~[spring-context-6.2.18.jar:6.2.18]
	at org.springframework.boot.web.servlet.context.ServletWebServerApplicationContext.refresh(ServletWebServerApplicationContext.java:146) ~[spring-boot-3.5.14.jar:3.5.14]
	at org.springframework.boot.SpringApplication.refresh(SpringApplication.java:752) ~[spring-boot-3.5.14.jar:3.5.14]
	at org.springframework.boot.SpringApplication.refreshContext(SpringApplication.java:439) ~[spring-boot-3.5.14.jar:3.5.14]
	at org.springframework.boot.SpringApplication.run(SpringApplication.java:318) ~[spring-boot-3.5.14.jar:3.5.14]
	at org.springframework.boot.SpringApplication.run(SpringApplication.java:1361) ~[spring-boot-3.5.14.jar:3.5.14]
	at org.springframework.boot.SpringApplication.run(SpringApplication.java:1350) ~[spring-boot-3.5.14.jar:3.5.14]
	at com.firstteam.taskbountyplatform.TaskBountyPlatformApplication.main(TaskBountyPlatformApplication.java:14) ~[classes/:na]
Caused by: com.mysql.cj.jdbc.exceptions.MysqlDataTruncation: Data truncation: Data too long for column 'config_value' at row 1
	at com.mysql.cj.jdbc.exceptions.SQLExceptionsMapping.translateException(SQLExceptionsMapping.java:96) ~[mysql-connector-j-9.7.0.jar:9.7.0]
	at com.mysql.cj.jdbc.StatementImpl.executeInternal(StatementImpl.java:839) ~[mysql-connector-j-9.7.0.jar:9.7.0]
	at com.mysql.cj.jdbc.StatementImpl.execute(StatementImpl.java:687) ~[mysql-connector-j-9.7.0.jar:9.7.0]
	at com.zaxxer.hikari.pool.ProxyStatement.execute(ProxyStatement.java:95) ~[HikariCP-6.3.3.jar:na]
	at com.zaxxer.hikari.pool.HikariProxyStatement.execute(HikariProxyStatement.java) ~[HikariCP-6.3.3.jar:na]
	at org.hibernate.tool.schema.internal.exec.GenerationTargetToDatabase.accept(GenerationTargetToDatabase.java:80) ~[hibernate-core-6.6.49.Final.jar:6.6.49.Final]
	... 108 common frames omitted

2026-06-11T23:25:22.659+08:00  INFO 2815652 --- [TaskBountyPlatform] [main] j.LocalContainerEntityManagerFactoryBean : Initialized JPA EntityManagerFactory for persistence unit 'default'
2026-06-11T23:25:22.892+08:00  INFO 2815652 --- [TaskBountyPlatform] [main] o.s.d.j.r.query.QueryEnhancerFactory     : Hibernate is in classpath; If applicable, HQL parser will be used.
2026-06-11T23:25:23.265+08:00 DEBUG 2815652 --- [TaskBountyPlatform] [main] c.f.t.a.s.JwtAuthenticationFilter        : Filter 'jwtAuthenticationFilter' configured for use
2026-06-11T23:25:24.233+08:00  WARN 2815652 --- [TaskBountyPlatform] [main] JpaBaseConfiguration$JpaWebConfiguration : spring.jpa.open-in-view is enabled by default. Therefore, database queries may be performed during view rendering. Explicitly configure spring.jpa.open-in-view to disable this warning
2026-06-11T23:25:24.261+08:00  INFO 2815652 --- [TaskBountyPlatform] [main] o.s.b.a.w.s.WelcomePageHandlerMapping    : Adding welcome page: class path resource [static/index.html]
2026-06-11T23:25:24.537+08:00  INFO 2815652 --- [TaskBountyPlatform] [main] o.s.b.a.e.web.EndpointLinksResolver      : Exposing 4 endpoints beneath base path '/actuator'
2026-06-11T23:25:24.577+08:00  WARN 2815652 --- [TaskBountyPlatform] [main] .s.s.UserDetailsServiceAutoConfiguration : 

Using generated security password: f47284ac-7689-401e-86fc-18ca67ddf2f3

This generated password is for development use only. Your security configuration must be updated before running your application in production.

2026-06-11T23:25:24.583+08:00  INFO 2815652 --- [TaskBountyPlatform] [main] r$InitializeUserDetailsManagerConfigurer : Global AuthenticationManager configured with UserDetailsService bean with name inMemoryUserDetailsManager
2026-06-11T23:25:25.022+08:00  INFO 2815652 --- [TaskBountyPlatform] [main] o.s.b.w.embedded.tomcat.TomcatWebServer  : Tomcat started on port 8080 (http) with context path '/'
2026-06-11T23:25:25.042+08:00  INFO 2815652 --- [TaskBountyPlatform] [main] c.f.t.TaskBountyPlatformApplication      : Started TaskBountyPlatformApplication in 5.834 seconds (process running for 6.069)
2026-06-11T23:25:32.183+08:00  INFO 2815652 --- [TaskBountyPlatform] [http-nio-8080-exec-1] o.a.c.c.C.[Tomcat].[localhost].[/]       : Initializing Spring DispatcherServlet 'dispatcherServlet'
2026-06-11T23:25:32.184+08:00  INFO 2815652 --- [TaskBountyPlatform] [http-nio-8080-exec-1] o.s.web.servlet.DispatcherServlet        : Initializing Servlet 'dispatcherServlet'
2026-06-11T23:25:32.186+08:00  INFO 2815652 --- [TaskBountyPlatform] [http-nio-8080-exec-1] o.s.web.servlet.DispatcherServlet        : Completed initialization in 1 ms
2026-06-11T23:30:00.004+08:00  INFO 2815652 --- [TaskBountyPlatform] [scheduling-1] c.f.t.scheduler.TaskTimeoutScheduler     : Starting checkPendingConfirmationTimeout...
2026-06-11T23:30:00.035+08:00  INFO 2815652 --- [TaskBountyPlatform] [scheduling-1] c.f.t.scheduler.TaskTimeoutScheduler     : Found 0 PENDING_CONFIRMATION tasks
2026-06-11T23:30:00.035+08:00  INFO 2815652 --- [TaskBountyPlatform] [scheduling-1] c.f.t.scheduler.TaskTimeoutScheduler     : checkPendingConfirmationTimeout completed. Processed 0 tasks
2026-06-11T23:30:00.036+08:00  INFO 2815652 --- [TaskBountyPlatform] [scheduling-1] c.f.t.scheduler.TaskTimeoutScheduler     : Starting checkDeliveryTimeout...
2026-06-11T23:30:00.038+08:00  INFO 2815652 --- [TaskBountyPlatform] [scheduling-1] c.f.t.scheduler.TaskTimeoutScheduler     : Found 1 overdue IN_PROGRESS tasks
2026-06-11T23:30:00.053+08:00 DEBUG 2815652 --- [TaskBountyPlatform] [scheduling-1] c.f.t.n.service.NotificationService      : Notification created: id=300, receiverId=1, type=TASK_UPDATE
2026-06-11T23:30:00.060+08:00 DEBUG 2815652 --- [TaskBountyPlatform] [scheduling-1] c.f.t.n.service.NotificationService      : Notification created: id=301, receiverId=13, type=TASK_UPDATE
2026-06-11T23:30:00.062+08:00  INFO 2815652 --- [TaskBountyPlatform] [scheduling-1] c.f.t.scheduler.TaskTimeoutScheduler     : checkDeliveryTimeout completed. Processed 1 tasks
2026-06-11T23:30:00.063+08:00  INFO 2815652 --- [TaskBountyPlatform] [scheduling-1] c.f.t.scheduler.TaskTimeoutScheduler     : Starting checkUnclaimedTaskTimeout...
2026-06-11T23:30:00.067+08:00  INFO 2815652 --- [TaskBountyPlatform] [scheduling-1] c.f.t.scheduler.TaskTimeoutScheduler     : Found 0 published tasks past auto-cancel deadline
2026-06-11T23:30:00.067+08:00  INFO 2815652 --- [TaskBountyPlatform] [scheduling-1] c.f.t.scheduler.TaskTimeoutScheduler     : checkUnclaimedTaskTimeout completed. Processed 0 tasks
2026-06-11T23:30:00.068+08:00  INFO 2815652 --- [TaskBountyPlatform] [scheduling-1] c.f.t.scheduler.ReviewTimeoutScheduler   : Starting createDefaultReviews...
2026-06-11T23:30:00.075+08:00  INFO 2815652 --- [TaskBountyPlatform] [scheduling-1] c.f.t.scheduler.ReviewTimeoutScheduler   : Found 0 COMPLETED tasks older than 24 hours
2026-06-11T23:30:00.075+08:00  INFO 2815652 --- [TaskBountyPlatform] [scheduling-1] c.f.t.scheduler.ReviewTimeoutScheduler   : createDefaultReviews completed. Created 0 default reviews
2026-06-11T23:30:00.076+08:00  INFO 2815652 --- [TaskBountyPlatform] [scheduling-1] c.f.t.s.ReviewAuditTimeoutScheduler      : Starting checkReviewAuditTimeout...
2026-06-11T23:30:00.082+08:00 DEBUG 2815652 --- [TaskBountyPlatform] [scheduling-1] c.f.t.s.ReviewAuditTimeoutScheduler      : No expired review audits found
2026-06-11T23:30:58.514+08:00  INFO 2815652 --- [TaskBountyPlatform] [SpringApplicationShutdownHook] o.s.b.w.e.tomcat.GracefulShutdown        : Commencing graceful shutdown. Waiting for active requests to complete
2026-06-11T23:30:58.517+08:00  INFO 2815652 --- [TaskBountyPlatform] [tomcat-shutdown] o.s.b.w.e.tomcat.GracefulShutdown        : Graceful shutdown complete
2026-06-11T23:30:58.530+08:00  INFO 2815652 --- [TaskBountyPlatform] [SpringApplicationShutdownHook] j.LocalContainerEntityManagerFactoryBean : Closing JPA EntityManagerFactory for persistence unit 'default'
2026-06-11T23:30:58.532+08:00  INFO 2815652 --- [TaskBountyPlatform] [SpringApplicationShutdownHook] com.zaxxer.hikari.HikariDataSource       : HikariPool-1 - Shutdown initiated...
2026-06-11T23:30:58.539+08:00  INFO 2815652 --- [TaskBountyPlatform] [SpringApplicationShutdownHook] com.zaxxer.hikari.HikariDataSource       : HikariPool-1 - Shutdown completed.
2026-06-11T23:31:07.530+08:00  INFO 2818618 --- [TaskBountyPlatform] [main] c.f.t.TaskBountyPlatformApplication      : Starting TaskBountyPlatformApplication using Java 17.0.15 with PID 2818618 (/home/gr/cxy/code/Micro-task-Bounty-Platform/backend/target/classes started by gr in /home/gr/cxy/code/Micro-task-Bounty-Platform/backend)
2026-06-11T23:31:07.532+08:00 DEBUG 2818618 --- [TaskBountyPlatform] [main] c.f.t.TaskBountyPlatformApplication      : Running with Spring Boot v3.5.14, Spring v6.2.18
2026-06-11T23:31:07.532+08:00  INFO 2818618 --- [TaskBountyPlatform] [main] c.f.t.TaskBountyPlatformApplication      : No active profile set, falling back to 1 default profile: "default"
2026-06-11T23:31:08.399+08:00  INFO 2818618 --- [TaskBountyPlatform] [main] .s.d.r.c.RepositoryConfigurationDelegate : Bootstrapping Spring Data JPA repositories in DEFAULT mode.
2026-06-11T23:31:08.479+08:00  INFO 2818618 --- [TaskBountyPlatform] [main] .s.d.r.c.RepositoryConfigurationDelegate : Finished Spring Data repository scanning in 72 ms. Found 18 JPA repository interfaces.
2026-06-11T23:31:08.942+08:00  INFO 2818618 --- [TaskBountyPlatform] [main] o.s.b.w.embedded.tomcat.TomcatWebServer  : Tomcat initialized with port 8080 (http)
2026-06-11T23:31:08.955+08:00  INFO 2818618 --- [TaskBountyPlatform] [main] o.apache.catalina.core.StandardService   : Starting service [Tomcat]
2026-06-11T23:31:08.956+08:00  INFO 2818618 --- [TaskBountyPlatform] [main] o.apache.catalina.core.StandardEngine    : Starting Servlet engine: [Apache Tomcat/10.1.54]
2026-06-11T23:31:09.014+08:00  INFO 2818618 --- [TaskBountyPlatform] [main] o.a.c.c.C.[Tomcat].[localhost].[/]       : Initializing Spring embedded WebApplicationContext
2026-06-11T23:31:09.016+08:00  INFO 2818618 --- [TaskBountyPlatform] [main] w.s.c.ServletWebServerApplicationContext : Root WebApplicationContext: initialization completed in 1454 ms
2026-06-11T23:31:09.215+08:00  INFO 2818618 --- [TaskBountyPlatform] [main] o.hibernate.jpa.internal.util.LogHelper  : HHH000204: Processing PersistenceUnitInfo [name: default]
2026-06-11T23:31:09.258+08:00  INFO 2818618 --- [TaskBountyPlatform] [main] org.hibernate.Version                    : HHH000412: Hibernate ORM core version 6.6.49.Final
2026-06-11T23:31:09.284+08:00  INFO 2818618 --- [TaskBountyPlatform] [main] o.h.c.internal.RegionFactoryInitiator    : HHH000026: Second-level cache disabled
2026-06-11T23:31:09.436+08:00  INFO 2818618 --- [TaskBountyPlatform] [main] o.s.o.j.p.SpringPersistenceUnitInfo      : No LoadTimeWeaver setup: ignoring JPA class transformer
2026-06-11T23:31:09.457+08:00  INFO 2818618 --- [TaskBountyPlatform] [main] com.zaxxer.hikari.HikariDataSource       : HikariPool-1 - Starting...
2026-06-11T23:31:09.677+08:00  INFO 2818618 --- [TaskBountyPlatform] [main] com.zaxxer.hikari.pool.HikariPool        : HikariPool-1 - Added connection com.mysql.cj.jdbc.ConnectionImpl@bc4a9b0
2026-06-11T23:31:09.679+08:00  INFO 2818618 --- [TaskBountyPlatform] [main] com.zaxxer.hikari.HikariDataSource       : HikariPool-1 - Start completed.
2026-06-11T23:31:09.729+08:00  WARN 2818618 --- [TaskBountyPlatform] [main] org.hibernate.orm.deprecation            : HHH90000025: MySQLDialect does not need to be specified explicitly using 'hibernate.dialect' (remove the property setting and it will be selected by default)
2026-06-11T23:31:09.742+08:00  INFO 2818618 --- [TaskBountyPlatform] [main] org.hibernate.orm.connections.pooling    : HHH10001005: Database info:
	Database JDBC URL [Connecting through datasource 'HikariDataSource (HikariPool-1)']
	Database driver: undefined/unknown
	Database version: 8.0.42
	Autocommit mode: undefined/unknown
	Isolation level: undefined/unknown
	Minimum pool size: undefined/unknown
	Maximum pool size: undefined/unknown
2026-06-11T23:31:10.543+08:00  INFO 2818618 --- [TaskBountyPlatform] [main] o.h.e.t.j.p.i.JtaPlatformInitiator       : HHH000489: No JTA platform available (set 'hibernate.transaction.jta.platform' to enable JTA platform integration)
2026-06-11T23:31:10.711+08:00  WARN 2818618 --- [TaskBountyPlatform] [main] o.h.t.s.i.ExceptionHandlerLoggedImpl     : GenerationTarget encountered exception accepting command : Error executing DDL "
    alter table system_configs 
       modify column config_value varchar(500) not null" via JDBC [Data truncation: Data too long for column 'config_value' at row 1]

org.hibernate.tool.schema.spi.CommandAcceptanceException: Error executing DDL "
    alter table system_configs 
       modify column config_value varchar(500) not null" via JDBC [Data truncation: Data too long for column 'config_value' at row 1]
	at org.hibernate.tool.schema.internal.exec.GenerationTargetToDatabase.accept(GenerationTargetToDatabase.java:94) ~[hibernate-core-6.6.49.Final.jar:6.6.49.Final]
	at org.hibernate.tool.schema.internal.AbstractSchemaMigrator.applySqlString(AbstractSchemaMigrator.java:576) ~[hibernate-core-6.6.49.Final.jar:6.6.49.Final]
	at org.hibernate.tool.schema.internal.AbstractSchemaMigrator.applySqlStrings(AbstractSchemaMigrator.java:516) ~[hibernate-core-6.6.49.Final.jar:6.6.49.Final]
	at org.hibernate.tool.schema.internal.AbstractSchemaMigrator.migrateTable(AbstractSchemaMigrator.java:334) ~[hibernate-core-6.6.49.Final.jar:6.6.49.Final]
	at org.hibernate.tool.schema.internal.GroupedSchemaMigratorImpl.performTablesMigration(GroupedSchemaMigratorImpl.java:84) ~[hibernate-core-6.6.49.Final.jar:6.6.49.Final]
	at org.hibernate.tool.schema.internal.AbstractSchemaMigrator.performMigration(AbstractSchemaMigrator.java:233) ~[hibernate-core-6.6.49.Final.jar:6.6.49.Final]
	at org.hibernate.tool.schema.internal.AbstractSchemaMigrator.doMigration(AbstractSchemaMigrator.java:112) ~[hibernate-core-6.6.49.Final.jar:6.6.49.Final]
	at org.hibernate.tool.schema.spi.SchemaManagementToolCoordinator.performDatabaseAction(SchemaManagementToolCoordinator.java:280) ~[hibernate-core-6.6.49.Final.jar:6.6.49.Final]
	at org.hibernate.tool.schema.spi.SchemaManagementToolCoordinator.lambda$process$5(SchemaManagementToolCoordinator.java:144) ~[hibernate-core-6.6.49.Final.jar:6.6.49.Final]
	at java.base/java.util.HashMap.forEach(HashMap.java:1421) ~[na:na]
	at org.hibernate.tool.schema.spi.SchemaManagementToolCoordinator.process(SchemaManagementToolCoordinator.java:141) ~[hibernate-core-6.6.49.Final.jar:6.6.49.Final]
	at org.hibernate.boot.internal.SessionFactoryObserverForSchemaExport.sessionFactoryCreated(SessionFactoryObserverForSchemaExport.java:37) ~[hibernate-core-6.6.49.Final.jar:6.6.49.Final]
	at org.hibernate.internal.SessionFactoryObserverChain.sessionFactoryCreated(SessionFactoryObserverChain.java:35) ~[hibernate-core-6.6.49.Final.jar:6.6.49.Final]
	at org.hibernate.internal.SessionFactoryImpl.<init>(SessionFactoryImpl.java:324) ~[hibernate-core-6.6.49.Final.jar:6.6.49.Final]
	at org.hibernate.boot.internal.SessionFactoryBuilderImpl.build(SessionFactoryBuilderImpl.java:463) ~[hibernate-core-6.6.49.Final.jar:6.6.49.Final]
	at org.hibernate.jpa.boot.internal.EntityManagerFactoryBuilderImpl.build(EntityManagerFactoryBuilderImpl.java:1517) ~[hibernate-core-6.6.49.Final.jar:6.6.49.Final]
	at org.springframework.orm.jpa.vendor.SpringHibernateJpaPersistenceProvider.createContainerEntityManagerFactory(SpringHibernateJpaPersistenceProvider.java:66) ~[spring-orm-6.2.18.jar:6.2.18]
	at org.springframework.orm.jpa.LocalContainerEntityManagerFactoryBean.createNativeEntityManagerFactory(LocalContainerEntityManagerFactoryBean.java:388) ~[spring-orm-6.2.18.jar:6.2.18]
	at org.springframework.orm.jpa.AbstractEntityManagerFactoryBean.buildNativeEntityManagerFactory(AbstractEntityManagerFactoryBean.java:419) ~[spring-orm-6.2.18.jar:6.2.18]
	at org.springframework.orm.jpa.AbstractEntityManagerFactoryBean.afterPropertiesSet(AbstractEntityManagerFactoryBean.java:400) ~[spring-orm-6.2.18.jar:6.2.18]
	at org.springframework.orm.jpa.LocalContainerEntityManagerFactoryBean.afterPropertiesSet(LocalContainerEntityManagerFactoryBean.java:364) ~[spring-orm-6.2.18.jar:6.2.18]
	at org.springframework.beans.factory.support.AbstractAutowireCapableBeanFactory.invokeInitMethods(AbstractAutowireCapableBeanFactory.java:1873) ~[spring-beans-6.2.18.jar:6.2.18]
	at org.springframework.beans.factory.support.AbstractAutowireCapableBeanFactory.initializeBean(AbstractAutowireCapableBeanFactory.java:1822) ~[spring-beans-6.2.18.jar:6.2.18]
	at org.springframework.beans.factory.support.AbstractAutowireCapableBeanFactory.doCreateBean(AbstractAutowireCapableBeanFactory.java:607) ~[spring-beans-6.2.18.jar:6.2.18]
	at org.springframework.beans.factory.support.AbstractAutowireCapableBeanFactory.createBean(AbstractAutowireCapableBeanFactory.java:529) ~[spring-beans-6.2.18.jar:6.2.18]
	at org.springframework.beans.factory.support.AbstractBeanFactory.lambda$doGetBean$0(AbstractBeanFactory.java:339) ~[spring-beans-6.2.18.jar:6.2.18]
	at org.springframework.beans.factory.support.DefaultSingletonBeanRegistry.getSingleton(DefaultSingletonBeanRegistry.java:373) ~[spring-beans-6.2.18.jar:6.2.18]
	at org.springframework.beans.factory.support.AbstractBeanFactory.doGetBean(AbstractBeanFactory.java:337) ~[spring-beans-6.2.18.jar:6.2.18]
	at org.springframework.beans.factory.support.AbstractBeanFactory.getBean(AbstractBeanFactory.java:202) ~[spring-beans-6.2.18.jar:6.2.18]
	at org.springframework.beans.factory.support.BeanDefinitionValueResolver.resolveReference(BeanDefinitionValueResolver.java:365) ~[spring-beans-6.2.18.jar:6.2.18]
	at org.springframework.beans.factory.support.BeanDefinitionValueResolver.resolveValueIfNecessary(BeanDefinitionValueResolver.java:135) ~[spring-beans-6.2.18.jar:6.2.18]
	at org.springframework.beans.factory.support.ConstructorResolver.resolveConstructorArguments(ConstructorResolver.java:691) ~[spring-beans-6.2.18.jar:6.2.18]
	at org.springframework.beans.factory.support.ConstructorResolver.instantiateUsingFactoryMethod(ConstructorResolver.java:513) ~[spring-beans-6.2.18.jar:6.2.18]
	at org.springframework.beans.factory.support.AbstractAutowireCapableBeanFactory.instantiateUsingFactoryMethod(AbstractAutowireCapableBeanFactory.java:1375) ~[spring-beans-6.2.18.jar:6.2.18]
	at org.springframework.beans.factory.support.AbstractAutowireCapableBeanFactory.createBeanInstance(AbstractAutowireCapableBeanFactory.java:1205) ~[spring-beans-6.2.18.jar:6.2.18]
	at org.springframework.beans.factory.support.AbstractAutowireCapableBeanFactory.doCreateBean(AbstractAutowireCapableBeanFactory.java:569) ~[spring-beans-6.2.18.jar:6.2.18]
	at org.springframework.beans.factory.support.AbstractAutowireCapableBeanFactory.createBean(AbstractAutowireCapableBeanFactory.java:529) ~[spring-beans-6.2.18.jar:6.2.18]
	at org.springframework.beans.factory.support.AbstractBeanFactory.lambda$doGetBean$0(AbstractBeanFactory.java:339) ~[spring-beans-6.2.18.jar:6.2.18]
	at org.springframework.beans.factory.support.DefaultSingletonBeanRegistry.getSingleton(DefaultSingletonBeanRegistry.java:373) ~[spring-beans-6.2.18.jar:6.2.18]
	at org.springframework.beans.factory.support.AbstractBeanFactory.doGetBean(AbstractBeanFactory.java:337) ~[spring-beans-6.2.18.jar:6.2.18]
	at org.springframework.beans.factory.support.AbstractBeanFactory.getBean(AbstractBeanFactory.java:202) ~[spring-beans-6.2.18.jar:6.2.18]
	at org.springframework.beans.factory.support.BeanDefinitionValueResolver.resolveReference(BeanDefinitionValueResolver.java:365) ~[spring-beans-6.2.18.jar:6.2.18]
	at org.springframework.beans.factory.support.BeanDefinitionValueResolver.resolveValueIfNecessary(BeanDefinitionValueResolver.java:135) ~[spring-beans-6.2.18.jar:6.2.18]
	at org.springframework.beans.factory.support.AbstractAutowireCapableBeanFactory.applyPropertyValues(AbstractAutowireCapableBeanFactory.java:1725) ~[spring-beans-6.2.18.jar:6.2.18]
	at org.springframework.beans.factory.support.AbstractAutowireCapableBeanFactory.populateBean(AbstractAutowireCapableBeanFactory.java:1474) ~[spring-beans-6.2.18.jar:6.2.18]
	at org.springframework.beans.factory.support.AbstractAutowireCapableBeanFactory.doCreateBean(AbstractAutowireCapableBeanFactory.java:606) ~[spring-beans-6.2.18.jar:6.2.18]
	at org.springframework.beans.factory.support.AbstractAutowireCapableBeanFactory.createBean(AbstractAutowireCapableBeanFactory.java:529) ~[spring-beans-6.2.18.jar:6.2.18]
	at org.springframework.beans.factory.support.AbstractBeanFactory.lambda$doGetBean$0(AbstractBeanFactory.java:339) ~[spring-beans-6.2.18.jar:6.2.18]
	at org.springframework.beans.factory.support.DefaultSingletonBeanRegistry.getSingleton(DefaultSingletonBeanRegistry.java:373) ~[spring-beans-6.2.18.jar:6.2.18]
	at org.springframework.beans.factory.support.AbstractBeanFactory.doGetBean(AbstractBeanFactory.java:337) ~[spring-beans-6.2.18.jar:6.2.18]
	at org.springframework.beans.factory.support.AbstractBeanFactory.getBean(AbstractBeanFactory.java:202) ~[spring-beans-6.2.18.jar:6.2.18]
	at org.springframework.beans.factory.support.DefaultListableBeanFactory.doResolveDependency(DefaultListableBeanFactory.java:1708) ~[spring-beans-6.2.18.jar:6.2.18]
	at org.springframework.beans.factory.support.DefaultListableBeanFactory.resolveDependency(DefaultListableBeanFactory.java:1653) ~[spring-beans-6.2.18.jar:6.2.18]
	at org.springframework.beans.factory.support.ConstructorResolver.resolveAutowiredArgument(ConstructorResolver.java:913) ~[spring-beans-6.2.18.jar:6.2.18]
	at org.springframework.beans.factory.support.ConstructorResolver.createArgumentArray(ConstructorResolver.java:791) ~[spring-beans-6.2.18.jar:6.2.18]
	at org.springframework.beans.factory.support.ConstructorResolver.autowireConstructor(ConstructorResolver.java:240) ~[spring-beans-6.2.18.jar:6.2.18]
	at org.springframework.beans.factory.support.AbstractAutowireCapableBeanFactory.autowireConstructor(AbstractAutowireCapableBeanFactory.java:1395) ~[spring-beans-6.2.18.jar:6.2.18]
	at org.springframework.beans.factory.support.AbstractAutowireCapableBeanFactory.createBeanInstance(AbstractAutowireCapableBeanFactory.java:1232) ~[spring-beans-6.2.18.jar:6.2.18]
	at org.springframework.beans.factory.support.AbstractAutowireCapableBeanFactory.doCreateBean(AbstractAutowireCapableBeanFactory.java:569) ~[spring-beans-6.2.18.jar:6.2.18]
	at org.springframework.beans.factory.support.AbstractAutowireCapableBeanFactory.createBean(AbstractAutowireCapableBeanFactory.java:529) ~[spring-beans-6.2.18.jar:6.2.18]
	at org.springframework.beans.factory.support.AbstractBeanFactory.lambda$doGetBean$0(AbstractBeanFactory.java:339) ~[spring-beans-6.2.18.jar:6.2.18]
	at org.springframework.beans.factory.support.DefaultSingletonBeanRegistry.getSingleton(DefaultSingletonBeanRegistry.java:373) ~[spring-beans-6.2.18.jar:6.2.18]
	at org.springframework.beans.factory.support.AbstractBeanFactory.doGetBean(AbstractBeanFactory.java:337) ~[spring-beans-6.2.18.jar:6.2.18]
	at org.springframework.beans.factory.support.AbstractBeanFactory.getBean(AbstractBeanFactory.java:207) ~[spring-beans-6.2.18.jar:6.2.18]
	at org.springframework.boot.web.servlet.ServletContextInitializerBeans.getOrderedBeansOfType(ServletContextInitializerBeans.java:230) ~[spring-boot-3.5.14.jar:3.5.14]
	at org.springframework.boot.web.servlet.ServletContextInitializerBeans.addAsRegistrationBean(ServletContextInitializerBeans.java:184) ~[spring-boot-3.5.14.jar:3.5.14]
	at org.springframework.boot.web.servlet.ServletContextInitializerBeans.addAsRegistrationBean(ServletContextInitializerBeans.java:179) ~[spring-boot-3.5.14.jar:3.5.14]
	at org.springframework.boot.web.servlet.ServletContextInitializerBeans.addAdaptableBeans(ServletContextInitializerBeans.java:164) ~[spring-boot-3.5.14.jar:3.5.14]
	at org.springframework.boot.web.servlet.ServletContextInitializerBeans.<init>(ServletContextInitializerBeans.java:96) ~[spring-boot-3.5.14.jar:3.5.14]
	at org.springframework.boot.web.servlet.context.ServletWebServerApplicationContext.getServletContextInitializerBeans(ServletWebServerApplicationContext.java:271) ~[spring-boot-3.5.14.jar:3.5.14]
	at org.springframework.boot.web.servlet.context.ServletWebServerApplicationContext.selfInitialize(ServletWebServerApplicationContext.java:245) ~[spring-boot-3.5.14.jar:3.5.14]
	at org.springframework.boot.web.embedded.tomcat.TomcatStarter.onStartup(TomcatStarter.java:52) ~[spring-boot-3.5.14.jar:3.5.14]
	at org.apache.catalina.core.StandardContext.startInternal(StandardContext.java:4452) ~[tomcat-embed-core-10.1.54.jar:10.1.54]
	at org.apache.catalina.util.LifecycleBase.start(LifecycleBase.java:164) ~[tomcat-embed-core-10.1.54.jar:10.1.54]
	at org.apache.catalina.core.ContainerBase$StartChild.call(ContainerBase.java:1201) ~[tomcat-embed-core-10.1.54.jar:10.1.54]
	at org.apache.catalina.core.ContainerBase$StartChild.call(ContainerBase.java:1191) ~[tomcat-embed-core-10.1.54.jar:10.1.54]
	at java.base/java.util.concurrent.FutureTask.run(FutureTask.java:264) ~[na:na]
	at org.apache.tomcat.util.threads.InlineExecutorService.execute(InlineExecutorService.java:81) ~[tomcat-embed-core-10.1.54.jar:10.1.54]
	at java.base/java.util.concurrent.AbstractExecutorService.submit(AbstractExecutorService.java:145) ~[na:na]
	at org.apache.catalina.core.ContainerBase.startInternal(ContainerBase.java:747) ~[tomcat-embed-core-10.1.54.jar:10.1.54]
	at org.apache.catalina.core.StandardHost.startInternal(StandardHost.java:783) ~[tomcat-embed-core-10.1.54.jar:10.1.54]
	at org.apache.catalina.util.LifecycleBase.start(LifecycleBase.java:164) ~[tomcat-embed-core-10.1.54.jar:10.1.54]
	at org.apache.catalina.core.ContainerBase$StartChild.call(ContainerBase.java:1201) ~[tomcat-embed-core-10.1.54.jar:10.1.54]
	at org.apache.catalina.core.ContainerBase$StartChild.call(ContainerBase.java:1191) ~[tomcat-embed-core-10.1.54.jar:10.1.54]
	at java.base/java.util.concurrent.FutureTask.run(FutureTask.java:264) ~[na:na]
	at org.apache.tomcat.util.threads.InlineExecutorService.execute(InlineExecutorService.java:81) ~[tomcat-embed-core-10.1.54.jar:10.1.54]
	at java.base/java.util.concurrent.AbstractExecutorService.submit(AbstractExecutorService.java:145) ~[na:na]
	at org.apache.catalina.core.ContainerBase.startInternal(ContainerBase.java:747) ~[tomcat-embed-core-10.1.54.jar:10.1.54]
	at org.apache.catalina.core.StandardEngine.startInternal(StandardEngine.java:201) ~[tomcat-embed-core-10.1.54.jar:10.1.54]
	at org.apache.catalina.util.LifecycleBase.start(LifecycleBase.java:164) ~[tomcat-embed-core-10.1.54.jar:10.1.54]
	at org.apache.catalina.core.StandardService.startInternal(StandardService.java:410) ~[tomcat-embed-core-10.1.54.jar:10.1.54]
	at org.apache.catalina.util.LifecycleBase.start(LifecycleBase.java:164) ~[tomcat-embed-core-10.1.54.jar:10.1.54]
	at org.apache.catalina.core.StandardServer.startInternal(StandardServer.java:868) ~[tomcat-embed-core-10.1.54.jar:10.1.54]
	at org.apache.catalina.util.LifecycleBase.start(LifecycleBase.java:164) ~[tomcat-embed-core-10.1.54.jar:10.1.54]
	at org.apache.catalina.startup.Tomcat.start(Tomcat.java:436) ~[tomcat-embed-core-10.1.54.jar:10.1.54]
	at org.springframework.boot.web.embedded.tomcat.TomcatWebServer.initialize(TomcatWebServer.java:128) ~[spring-boot-3.5.14.jar:3.5.14]
	at org.springframework.boot.web.embedded.tomcat.TomcatWebServer.<init>(TomcatWebServer.java:107) ~[spring-boot-3.5.14.jar:3.5.14]
	at org.springframework.boot.web.embedded.tomcat.TomcatServletWebServerFactory.getTomcatWebServer(TomcatServletWebServerFactory.java:517) ~[spring-boot-3.5.14.jar:3.5.14]
	at org.springframework.boot.web.embedded.tomcat.TomcatServletWebServerFactory.getWebServer(TomcatServletWebServerFactory.java:219) ~[spring-boot-3.5.14.jar:3.5.14]
	at org.springframework.boot.web.servlet.context.ServletWebServerApplicationContext.createWebServer(ServletWebServerApplicationContext.java:193) ~[spring-boot-3.5.14.jar:3.5.14]
	at org.springframework.boot.web.servlet.context.ServletWebServerApplicationContext.onRefresh(ServletWebServerApplicationContext.java:167) ~[spring-boot-3.5.14.jar:3.5.14]
	at org.springframework.context.support.AbstractApplicationContext.refresh(AbstractApplicationContext.java:622) ~[spring-context-6.2.18.jar:6.2.18]
	at org.springframework.boot.web.servlet.context.ServletWebServerApplicationContext.refresh(ServletWebServerApplicationContext.java:146) ~[spring-boot-3.5.14.jar:3.5.14]
	at org.springframework.boot.SpringApplication.refresh(SpringApplication.java:752) ~[spring-boot-3.5.14.jar:3.5.14]
	at org.springframework.boot.SpringApplication.refreshContext(SpringApplication.java:439) ~[spring-boot-3.5.14.jar:3.5.14]
	at org.springframework.boot.SpringApplication.run(SpringApplication.java:318) ~[spring-boot-3.5.14.jar:3.5.14]
	at org.springframework.boot.SpringApplication.run(SpringApplication.java:1361) ~[spring-boot-3.5.14.jar:3.5.14]
	at org.springframework.boot.SpringApplication.run(SpringApplication.java:1350) ~[spring-boot-3.5.14.jar:3.5.14]
	at com.firstteam.taskbountyplatform.TaskBountyPlatformApplication.main(TaskBountyPlatformApplication.java:14) ~[classes/:na]
Caused by: com.mysql.cj.jdbc.exceptions.MysqlDataTruncation: Data truncation: Data too long for column 'config_value' at row 1
	at com.mysql.cj.jdbc.exceptions.SQLExceptionsMapping.translateException(SQLExceptionsMapping.java:96) ~[mysql-connector-j-9.7.0.jar:9.7.0]
	at com.mysql.cj.jdbc.StatementImpl.executeInternal(StatementImpl.java:839) ~[mysql-connector-j-9.7.0.jar:9.7.0]
	at com.mysql.cj.jdbc.StatementImpl.execute(StatementImpl.java:687) ~[mysql-connector-j-9.7.0.jar:9.7.0]
	at com.zaxxer.hikari.pool.ProxyStatement.execute(ProxyStatement.java:95) ~[HikariCP-6.3.3.jar:na]
	at com.zaxxer.hikari.pool.HikariProxyStatement.execute(HikariProxyStatement.java) ~[HikariCP-6.3.3.jar:na]
	at org.hibernate.tool.schema.internal.exec.GenerationTargetToDatabase.accept(GenerationTargetToDatabase.java:80) ~[hibernate-core-6.6.49.Final.jar:6.6.49.Final]
	... 108 common frames omitted

2026-06-11T23:31:10.754+08:00  INFO 2818618 --- [TaskBountyPlatform] [main] j.LocalContainerEntityManagerFactoryBean : Initialized JPA EntityManagerFactory for persistence unit 'default'
2026-06-11T23:31:10.990+08:00  INFO 2818618 --- [TaskBountyPlatform] [main] o.s.d.j.r.query.QueryEnhancerFactory     : Hibernate is in classpath; If applicable, HQL parser will be used.
2026-06-11T23:31:11.376+08:00 DEBUG 2818618 --- [TaskBountyPlatform] [main] c.f.t.a.s.JwtAuthenticationFilter        : Filter 'jwtAuthenticationFilter' configured for use
2026-06-11T23:31:12.142+08:00  WARN 2818618 --- [TaskBountyPlatform] [main] JpaBaseConfiguration$JpaWebConfiguration : spring.jpa.open-in-view is enabled by default. Therefore, database queries may be performed during view rendering. Explicitly configure spring.jpa.open-in-view to disable this warning
2026-06-11T23:31:12.170+08:00  INFO 2818618 --- [TaskBountyPlatform] [main] o.s.b.a.w.s.WelcomePageHandlerMapping    : Adding welcome page: class path resource [static/index.html]
2026-06-11T23:31:12.433+08:00  INFO 2818618 --- [TaskBountyPlatform] [main] o.s.b.a.e.web.EndpointLinksResolver      : Exposing 4 endpoints beneath base path '/actuator'
2026-06-11T23:31:12.473+08:00  WARN 2818618 --- [TaskBountyPlatform] [main] .s.s.UserDetailsServiceAutoConfiguration : 

Using generated security password: 9708bede-8d8a-42b6-b6a1-909b4e61400d

This generated password is for development use only. Your security configuration must be updated before running your application in production.

2026-06-11T23:31:12.479+08:00  INFO 2818618 --- [TaskBountyPlatform] [main] r$InitializeUserDetailsManagerConfigurer : Global AuthenticationManager configured with UserDetailsService bean with name inMemoryUserDetailsManager
2026-06-11T23:31:12.924+08:00  INFO 2818618 --- [TaskBountyPlatform] [main] o.s.b.w.embedded.tomcat.TomcatWebServer  : Tomcat started on port 8080 (http) with context path '/'
2026-06-11T23:31:12.944+08:00  INFO 2818618 --- [TaskBountyPlatform] [main] c.f.t.TaskBountyPlatformApplication      : Started TaskBountyPlatformApplication in 5.811 seconds (process running for 6.071)
2026-06-11T23:31:37.681+08:00  INFO 2818618 --- [TaskBountyPlatform] [http-nio-8080-exec-1] o.a.c.c.C.[Tomcat].[localhost].[/]       : Initializing Spring DispatcherServlet 'dispatcherServlet'
2026-06-11T23:31:37.681+08:00  INFO 2818618 --- [TaskBountyPlatform] [http-nio-8080-exec-1] o.s.web.servlet.DispatcherServlet        : Initializing Servlet 'dispatcherServlet'
2026-06-11T23:31:37.683+08:00  INFO 2818618 --- [TaskBountyPlatform] [http-nio-8080-exec-1] o.s.web.servlet.DispatcherServlet        : Completed initialization in 2 ms
2026-06-11T23:32:35.456+08:00  INFO 2818618 --- [TaskBountyPlatform] [SpringApplicationShutdownHook] o.s.b.w.e.tomcat.GracefulShutdown        : Commencing graceful shutdown. Waiting for active requests to complete
2026-06-11T23:32:35.460+08:00  INFO 2818618 --- [TaskBountyPlatform] [tomcat-shutdown] o.s.b.w.e.tomcat.GracefulShutdown        : Graceful shutdown complete
2026-06-11T23:32:35.473+08:00  INFO 2818618 --- [TaskBountyPlatform] [SpringApplicationShutdownHook] j.LocalContainerEntityManagerFactoryBean : Closing JPA EntityManagerFactory for persistence unit 'default'
2026-06-11T23:32:35.475+08:00  INFO 2818618 --- [TaskBountyPlatform] [SpringApplicationShutdownHook] com.zaxxer.hikari.HikariDataSource       : HikariPool-1 - Shutdown initiated...
2026-06-11T23:32:35.482+08:00  INFO 2818618 --- [TaskBountyPlatform] [SpringApplicationShutdownHook] com.zaxxer.hikari.HikariDataSource       : HikariPool-1 - Shutdown completed.
2026-06-11T23:32:44.421+08:00  INFO 2820061 --- [TaskBountyPlatform] [main] c.f.t.TaskBountyPlatformApplication      : Starting TaskBountyPlatformApplication using Java 17.0.15 with PID 2820061 (/home/gr/cxy/code/Micro-task-Bounty-Platform/backend/target/classes started by gr in /home/gr/cxy/code/Micro-task-Bounty-Platform/backend)
2026-06-11T23:32:44.423+08:00 DEBUG 2820061 --- [TaskBountyPlatform] [main] c.f.t.TaskBountyPlatformApplication      : Running with Spring Boot v3.5.14, Spring v6.2.18
2026-06-11T23:32:44.424+08:00  INFO 2820061 --- [TaskBountyPlatform] [main] c.f.t.TaskBountyPlatformApplication      : No active profile set, falling back to 1 default profile: "default"
2026-06-11T23:32:45.230+08:00  INFO 2820061 --- [TaskBountyPlatform] [main] .s.d.r.c.RepositoryConfigurationDelegate : Bootstrapping Spring Data JPA repositories in DEFAULT mode.
2026-06-11T23:32:45.317+08:00  INFO 2820061 --- [TaskBountyPlatform] [main] .s.d.r.c.RepositoryConfigurationDelegate : Finished Spring Data repository scanning in 79 ms. Found 18 JPA repository interfaces.
2026-06-11T23:32:45.828+08:00  INFO 2820061 --- [TaskBountyPlatform] [main] o.s.b.w.embedded.tomcat.TomcatWebServer  : Tomcat initialized with port 8080 (http)
2026-06-11T23:32:45.840+08:00  INFO 2820061 --- [TaskBountyPlatform] [main] o.apache.catalina.core.StandardService   : Starting service [Tomcat]
2026-06-11T23:32:45.840+08:00  INFO 2820061 --- [TaskBountyPlatform] [main] o.apache.catalina.core.StandardEngine    : Starting Servlet engine: [Apache Tomcat/10.1.54]
2026-06-11T23:32:45.879+08:00  INFO 2820061 --- [TaskBountyPlatform] [main] o.a.c.c.C.[Tomcat].[localhost].[/]       : Initializing Spring embedded WebApplicationContext
2026-06-11T23:32:45.879+08:00  INFO 2820061 --- [TaskBountyPlatform] [main] w.s.c.ServletWebServerApplicationContext : Root WebApplicationContext: initialization completed in 1426 ms
2026-06-11T23:32:46.138+08:00  INFO 2820061 --- [TaskBountyPlatform] [main] o.hibernate.jpa.internal.util.LogHelper  : HHH000204: Processing PersistenceUnitInfo [name: default]
2026-06-11T23:32:46.193+08:00  INFO 2820061 --- [TaskBountyPlatform] [main] org.hibernate.Version                    : HHH000412: Hibernate ORM core version 6.6.49.Final
2026-06-11T23:32:46.220+08:00  INFO 2820061 --- [TaskBountyPlatform] [main] o.h.c.internal.RegionFactoryInitiator    : HHH000026: Second-level cache disabled
2026-06-11T23:32:46.402+08:00  INFO 2820061 --- [TaskBountyPlatform] [main] o.s.o.j.p.SpringPersistenceUnitInfo      : No LoadTimeWeaver setup: ignoring JPA class transformer
2026-06-11T23:32:46.419+08:00  INFO 2820061 --- [TaskBountyPlatform] [main] com.zaxxer.hikari.HikariDataSource       : HikariPool-1 - Starting...
2026-06-11T23:32:46.615+08:00  INFO 2820061 --- [TaskBountyPlatform] [main] com.zaxxer.hikari.pool.HikariPool        : HikariPool-1 - Added connection com.mysql.cj.jdbc.ConnectionImpl@1aca6dc3
2026-06-11T23:32:46.617+08:00  INFO 2820061 --- [TaskBountyPlatform] [main] com.zaxxer.hikari.HikariDataSource       : HikariPool-1 - Start completed.
2026-06-11T23:32:46.654+08:00  WARN 2820061 --- [TaskBountyPlatform] [main] org.hibernate.orm.deprecation            : HHH90000025: MySQLDialect does not need to be specified explicitly using 'hibernate.dialect' (remove the property setting and it will be selected by default)
2026-06-11T23:32:46.667+08:00  INFO 2820061 --- [TaskBountyPlatform] [main] org.hibernate.orm.connections.pooling    : HHH10001005: Database info:
	Database JDBC URL [Connecting through datasource 'HikariDataSource (HikariPool-1)']
	Database driver: undefined/unknown
	Database version: 8.0.42
	Autocommit mode: undefined/unknown
	Isolation level: undefined/unknown
	Minimum pool size: undefined/unknown
	Maximum pool size: undefined/unknown
2026-06-11T23:32:47.452+08:00  INFO 2820061 --- [TaskBountyPlatform] [main] o.h.e.t.j.p.i.JtaPlatformInitiator       : HHH000489: No JTA platform available (set 'hibernate.transaction.jta.platform' to enable JTA platform integration)
2026-06-11T23:32:47.618+08:00  WARN 2820061 --- [TaskBountyPlatform] [main] o.h.t.s.i.ExceptionHandlerLoggedImpl     : GenerationTarget encountered exception accepting command : Error executing DDL "
    alter table system_configs 
       modify column config_value varchar(500) not null" via JDBC [Data truncation: Data too long for column 'config_value' at row 1]

org.hibernate.tool.schema.spi.CommandAcceptanceException: Error executing DDL "
    alter table system_configs 
       modify column config_value varchar(500) not null" via JDBC [Data truncation: Data too long for column 'config_value' at row 1]
	at org.hibernate.tool.schema.internal.exec.GenerationTargetToDatabase.accept(GenerationTargetToDatabase.java:94) ~[hibernate-core-6.6.49.Final.jar:6.6.49.Final]
	at org.hibernate.tool.schema.internal.AbstractSchemaMigrator.applySqlString(AbstractSchemaMigrator.java:576) ~[hibernate-core-6.6.49.Final.jar:6.6.49.Final]
	at org.hibernate.tool.schema.internal.AbstractSchemaMigrator.applySqlStrings(AbstractSchemaMigrator.java:516) ~[hibernate-core-6.6.49.Final.jar:6.6.49.Final]
	at org.hibernate.tool.schema.internal.AbstractSchemaMigrator.migrateTable(AbstractSchemaMigrator.java:334) ~[hibernate-core-6.6.49.Final.jar:6.6.49.Final]
	at org.hibernate.tool.schema.internal.GroupedSchemaMigratorImpl.performTablesMigration(GroupedSchemaMigratorImpl.java:84) ~[hibernate-core-6.6.49.Final.jar:6.6.49.Final]
	at org.hibernate.tool.schema.internal.AbstractSchemaMigrator.performMigration(AbstractSchemaMigrator.java:233) ~[hibernate-core-6.6.49.Final.jar:6.6.49.Final]
	at org.hibernate.tool.schema.internal.AbstractSchemaMigrator.doMigration(AbstractSchemaMigrator.java:112) ~[hibernate-core-6.6.49.Final.jar:6.6.49.Final]
	at org.hibernate.tool.schema.spi.SchemaManagementToolCoordinator.performDatabaseAction(SchemaManagementToolCoordinator.java:280) ~[hibernate-core-6.6.49.Final.jar:6.6.49.Final]
	at org.hibernate.tool.schema.spi.SchemaManagementToolCoordinator.lambda$process$5(SchemaManagementToolCoordinator.java:144) ~[hibernate-core-6.6.49.Final.jar:6.6.49.Final]
	at java.base/java.util.HashMap.forEach(HashMap.java:1421) ~[na:na]
	at org.hibernate.tool.schema.spi.SchemaManagementToolCoordinator.process(SchemaManagementToolCoordinator.java:141) ~[hibernate-core-6.6.49.Final.jar:6.6.49.Final]
	at org.hibernate.boot.internal.SessionFactoryObserverForSchemaExport.sessionFactoryCreated(SessionFactoryObserverForSchemaExport.java:37) ~[hibernate-core-6.6.49.Final.jar:6.6.49.Final]
	at org.hibernate.internal.SessionFactoryObserverChain.sessionFactoryCreated(SessionFactoryObserverChain.java:35) ~[hibernate-core-6.6.49.Final.jar:6.6.49.Final]
	at org.hibernate.internal.SessionFactoryImpl.<init>(SessionFactoryImpl.java:324) ~[hibernate-core-6.6.49.Final.jar:6.6.49.Final]
	at org.hibernate.boot.internal.SessionFactoryBuilderImpl.build(SessionFactoryBuilderImpl.java:463) ~[hibernate-core-6.6.49.Final.jar:6.6.49.Final]
	at org.hibernate.jpa.boot.internal.EntityManagerFactoryBuilderImpl.build(EntityManagerFactoryBuilderImpl.java:1517) ~[hibernate-core-6.6.49.Final.jar:6.6.49.Final]
	at org.springframework.orm.jpa.vendor.SpringHibernateJpaPersistenceProvider.createContainerEntityManagerFactory(SpringHibernateJpaPersistenceProvider.java:66) ~[spring-orm-6.2.18.jar:6.2.18]
	at org.springframework.orm.jpa.LocalContainerEntityManagerFactoryBean.createNativeEntityManagerFactory(LocalContainerEntityManagerFactoryBean.java:388) ~[spring-orm-6.2.18.jar:6.2.18]
	at org.springframework.orm.jpa.AbstractEntityManagerFactoryBean.buildNativeEntityManagerFactory(AbstractEntityManagerFactoryBean.java:419) ~[spring-orm-6.2.18.jar:6.2.18]
	at org.springframework.orm.jpa.AbstractEntityManagerFactoryBean.afterPropertiesSet(AbstractEntityManagerFactoryBean.java:400) ~[spring-orm-6.2.18.jar:6.2.18]
	at org.springframework.orm.jpa.LocalContainerEntityManagerFactoryBean.afterPropertiesSet(LocalContainerEntityManagerFactoryBean.java:364) ~[spring-orm-6.2.18.jar:6.2.18]
	at org.springframework.beans.factory.support.AbstractAutowireCapableBeanFactory.invokeInitMethods(AbstractAutowireCapableBeanFactory.java:1873) ~[spring-beans-6.2.18.jar:6.2.18]
	at org.springframework.beans.factory.support.AbstractAutowireCapableBeanFactory.initializeBean(AbstractAutowireCapableBeanFactory.java:1822) ~[spring-beans-6.2.18.jar:6.2.18]
	at org.springframework.beans.factory.support.AbstractAutowireCapableBeanFactory.doCreateBean(AbstractAutowireCapableBeanFactory.java:607) ~[spring-beans-6.2.18.jar:6.2.18]
	at org.springframework.beans.factory.support.AbstractAutowireCapableBeanFactory.createBean(AbstractAutowireCapableBeanFactory.java:529) ~[spring-beans-6.2.18.jar:6.2.18]
	at org.springframework.beans.factory.support.AbstractBeanFactory.lambda$doGetBean$0(AbstractBeanFactory.java:339) ~[spring-beans-6.2.18.jar:6.2.18]
	at org.springframework.beans.factory.support.DefaultSingletonBeanRegistry.getSingleton(DefaultSingletonBeanRegistry.java:373) ~[spring-beans-6.2.18.jar:6.2.18]
	at org.springframework.beans.factory.support.AbstractBeanFactory.doGetBean(AbstractBeanFactory.java:337) ~[spring-beans-6.2.18.jar:6.2.18]
	at org.springframework.beans.factory.support.AbstractBeanFactory.getBean(AbstractBeanFactory.java:202) ~[spring-beans-6.2.18.jar:6.2.18]
	at org.springframework.beans.factory.support.BeanDefinitionValueResolver.resolveReference(BeanDefinitionValueResolver.java:365) ~[spring-beans-6.2.18.jar:6.2.18]
	at org.springframework.beans.factory.support.BeanDefinitionValueResolver.resolveValueIfNecessary(BeanDefinitionValueResolver.java:135) ~[spring-beans-6.2.18.jar:6.2.18]
	at org.springframework.beans.factory.support.ConstructorResolver.resolveConstructorArguments(ConstructorResolver.java:691) ~[spring-beans-6.2.18.jar:6.2.18]
	at org.springframework.beans.factory.support.ConstructorResolver.instantiateUsingFactoryMethod(ConstructorResolver.java:513) ~[spring-beans-6.2.18.jar:6.2.18]
	at org.springframework.beans.factory.support.AbstractAutowireCapableBeanFactory.instantiateUsingFactoryMethod(AbstractAutowireCapableBeanFactory.java:1375) ~[spring-beans-6.2.18.jar:6.2.18]
	at org.springframework.beans.factory.support.AbstractAutowireCapableBeanFactory.createBeanInstance(AbstractAutowireCapableBeanFactory.java:1205) ~[spring-beans-6.2.18.jar:6.2.18]
	at org.springframework.beans.factory.support.AbstractAutowireCapableBeanFactory.doCreateBean(AbstractAutowireCapableBeanFactory.java:569) ~[spring-beans-6.2.18.jar:6.2.18]
	at org.springframework.beans.factory.support.AbstractAutowireCapableBeanFactory.createBean(AbstractAutowireCapableBeanFactory.java:529) ~[spring-beans-6.2.18.jar:6.2.18]
	at org.springframework.beans.factory.support.AbstractBeanFactory.lambda$doGetBean$0(AbstractBeanFactory.java:339) ~[spring-beans-6.2.18.jar:6.2.18]
	at org.springframework.beans.factory.support.DefaultSingletonBeanRegistry.getSingleton(DefaultSingletonBeanRegistry.java:373) ~[spring-beans-6.2.18.jar:6.2.18]
	at org.springframework.beans.factory.support.AbstractBeanFactory.doGetBean(AbstractBeanFactory.java:337) ~[spring-beans-6.2.18.jar:6.2.18]
	at org.springframework.beans.factory.support.AbstractBeanFactory.getBean(AbstractBeanFactory.java:202) ~[spring-beans-6.2.18.jar:6.2.18]
	at org.springframework.beans.factory.support.BeanDefinitionValueResolver.resolveReference(BeanDefinitionValueResolver.java:365) ~[spring-beans-6.2.18.jar:6.2.18]
	at org.springframework.beans.factory.support.BeanDefinitionValueResolver.resolveValueIfNecessary(BeanDefinitionValueResolver.java:135) ~[spring-beans-6.2.18.jar:6.2.18]
	at org.springframework.beans.factory.support.AbstractAutowireCapableBeanFactory.applyPropertyValues(AbstractAutowireCapableBeanFactory.java:1725) ~[spring-beans-6.2.18.jar:6.2.18]
	at org.springframework.beans.factory.support.AbstractAutowireCapableBeanFactory.populateBean(AbstractAutowireCapableBeanFactory.java:1474) ~[spring-beans-6.2.18.jar:6.2.18]
	at org.springframework.beans.factory.support.AbstractAutowireCapableBeanFactory.doCreateBean(AbstractAutowireCapableBeanFactory.java:606) ~[spring-beans-6.2.18.jar:6.2.18]
	at org.springframework.beans.factory.support.AbstractAutowireCapableBeanFactory.createBean(AbstractAutowireCapableBeanFactory.java:529) ~[spring-beans-6.2.18.jar:6.2.18]
	at org.springframework.beans.factory.support.AbstractBeanFactory.lambda$doGetBean$0(AbstractBeanFactory.java:339) ~[spring-beans-6.2.18.jar:6.2.18]
	at org.springframework.beans.factory.support.DefaultSingletonBeanRegistry.getSingleton(DefaultSingletonBeanRegistry.java:373) ~[spring-beans-6.2.18.jar:6.2.18]
	at org.springframework.beans.factory.support.AbstractBeanFactory.doGetBean(AbstractBeanFactory.java:337) ~[spring-beans-6.2.18.jar:6.2.18]
	at org.springframework.beans.factory.support.AbstractBeanFactory.getBean(AbstractBeanFactory.java:202) ~[spring-beans-6.2.18.jar:6.2.18]
	at org.springframework.beans.factory.support.DefaultListableBeanFactory.doResolveDependency(DefaultListableBeanFactory.java:1708) ~[spring-beans-6.2.18.jar:6.2.18]
	at org.springframework.beans.factory.support.DefaultListableBeanFactory.resolveDependency(DefaultListableBeanFactory.java:1653) ~[spring-beans-6.2.18.jar:6.2.18]
	at org.springframework.beans.factory.support.ConstructorResolver.resolveAutowiredArgument(ConstructorResolver.java:913) ~[spring-beans-6.2.18.jar:6.2.18]
	at org.springframework.beans.factory.support.ConstructorResolver.createArgumentArray(ConstructorResolver.java:791) ~[spring-beans-6.2.18.jar:6.2.18]
	at org.springframework.beans.factory.support.ConstructorResolver.autowireConstructor(ConstructorResolver.java:240) ~[spring-beans-6.2.18.jar:6.2.18]
	at org.springframework.beans.factory.support.AbstractAutowireCapableBeanFactory.autowireConstructor(AbstractAutowireCapableBeanFactory.java:1395) ~[spring-beans-6.2.18.jar:6.2.18]
	at org.springframework.beans.factory.support.AbstractAutowireCapableBeanFactory.createBeanInstance(AbstractAutowireCapableBeanFactory.java:1232) ~[spring-beans-6.2.18.jar:6.2.18]
	at org.springframework.beans.factory.support.AbstractAutowireCapableBeanFactory.doCreateBean(AbstractAutowireCapableBeanFactory.java:569) ~[spring-beans-6.2.18.jar:6.2.18]
	at org.springframework.beans.factory.support.AbstractAutowireCapableBeanFactory.createBean(AbstractAutowireCapableBeanFactory.java:529) ~[spring-beans-6.2.18.jar:6.2.18]
	at org.springframework.beans.factory.support.AbstractBeanFactory.lambda$doGetBean$0(AbstractBeanFactory.java:339) ~[spring-beans-6.2.18.jar:6.2.18]
	at org.springframework.beans.factory.support.DefaultSingletonBeanRegistry.getSingleton(DefaultSingletonBeanRegistry.java:373) ~[spring-beans-6.2.18.jar:6.2.18]
	at org.springframework.beans.factory.support.AbstractBeanFactory.doGetBean(AbstractBeanFactory.java:337) ~[spring-beans-6.2.18.jar:6.2.18]
	at org.springframework.beans.factory.support.AbstractBeanFactory.getBean(AbstractBeanFactory.java:207) ~[spring-beans-6.2.18.jar:6.2.18]
	at org.springframework.boot.web.servlet.ServletContextInitializerBeans.getOrderedBeansOfType(ServletContextInitializerBeans.java:230) ~[spring-boot-3.5.14.jar:3.5.14]
	at org.springframework.boot.web.servlet.ServletContextInitializerBeans.addAsRegistrationBean(ServletContextInitializerBeans.java:184) ~[spring-boot-3.5.14.jar:3.5.14]
	at org.springframework.boot.web.servlet.ServletContextInitializerBeans.addAsRegistrationBean(ServletContextInitializerBeans.java:179) ~[spring-boot-3.5.14.jar:3.5.14]
	at org.springframework.boot.web.servlet.ServletContextInitializerBeans.addAdaptableBeans(ServletContextInitializerBeans.java:164) ~[spring-boot-3.5.14.jar:3.5.14]
	at org.springframework.boot.web.servlet.ServletContextInitializerBeans.<init>(ServletContextInitializerBeans.java:96) ~[spring-boot-3.5.14.jar:3.5.14]
	at org.springframework.boot.web.servlet.context.ServletWebServerApplicationContext.getServletContextInitializerBeans(ServletWebServerApplicationContext.java:271) ~[spring-boot-3.5.14.jar:3.5.14]
	at org.springframework.boot.web.servlet.context.ServletWebServerApplicationContext.selfInitialize(ServletWebServerApplicationContext.java:245) ~[spring-boot-3.5.14.jar:3.5.14]
	at org.springframework.boot.web.embedded.tomcat.TomcatStarter.onStartup(TomcatStarter.java:52) ~[spring-boot-3.5.14.jar:3.5.14]
	at org.apache.catalina.core.StandardContext.startInternal(StandardContext.java:4452) ~[tomcat-embed-core-10.1.54.jar:10.1.54]
	at org.apache.catalina.util.LifecycleBase.start(LifecycleBase.java:164) ~[tomcat-embed-core-10.1.54.jar:10.1.54]
	at org.apache.catalina.core.ContainerBase$StartChild.call(ContainerBase.java:1201) ~[tomcat-embed-core-10.1.54.jar:10.1.54]
	at org.apache.catalina.core.ContainerBase$StartChild.call(ContainerBase.java:1191) ~[tomcat-embed-core-10.1.54.jar:10.1.54]
	at java.base/java.util.concurrent.FutureTask.run(FutureTask.java:264) ~[na:na]
	at org.apache.tomcat.util.threads.InlineExecutorService.execute(InlineExecutorService.java:81) ~[tomcat-embed-core-10.1.54.jar:10.1.54]
	at java.base/java.util.concurrent.AbstractExecutorService.submit(AbstractExecutorService.java:145) ~[na:na]
	at org.apache.catalina.core.ContainerBase.startInternal(ContainerBase.java:747) ~[tomcat-embed-core-10.1.54.jar:10.1.54]
	at org.apache.catalina.core.StandardHost.startInternal(StandardHost.java:783) ~[tomcat-embed-core-10.1.54.jar:10.1.54]
	at org.apache.catalina.util.LifecycleBase.start(LifecycleBase.java:164) ~[tomcat-embed-core-10.1.54.jar:10.1.54]
	at org.apache.catalina.core.ContainerBase$StartChild.call(ContainerBase.java:1201) ~[tomcat-embed-core-10.1.54.jar:10.1.54]
	at org.apache.catalina.core.ContainerBase$StartChild.call(ContainerBase.java:1191) ~[tomcat-embed-core-10.1.54.jar:10.1.54]
	at java.base/java.util.concurrent.FutureTask.run(FutureTask.java:264) ~[na:na]
	at org.apache.tomcat.util.threads.InlineExecutorService.execute(InlineExecutorService.java:81) ~[tomcat-embed-core-10.1.54.jar:10.1.54]
	at java.base/java.util.concurrent.AbstractExecutorService.submit(AbstractExecutorService.java:145) ~[na:na]
	at org.apache.catalina.core.ContainerBase.startInternal(ContainerBase.java:747) ~[tomcat-embed-core-10.1.54.jar:10.1.54]
	at org.apache.catalina.core.StandardEngine.startInternal(StandardEngine.java:201) ~[tomcat-embed-core-10.1.54.jar:10.1.54]
	at org.apache.catalina.util.LifecycleBase.start(LifecycleBase.java:164) ~[tomcat-embed-core-10.1.54.jar:10.1.54]
	at org.apache.catalina.core.StandardService.startInternal(StandardService.java:410) ~[tomcat-embed-core-10.1.54.jar:10.1.54]
	at org.apache.catalina.util.LifecycleBase.start(LifecycleBase.java:164) ~[tomcat-embed-core-10.1.54.jar:10.1.54]
	at org.apache.catalina.core.StandardServer.startInternal(StandardServer.java:868) ~[tomcat-embed-core-10.1.54.jar:10.1.54]
	at org.apache.catalina.util.LifecycleBase.start(LifecycleBase.java:164) ~[tomcat-embed-core-10.1.54.jar:10.1.54]
	at org.apache.catalina.startup.Tomcat.start(Tomcat.java:436) ~[tomcat-embed-core-10.1.54.jar:10.1.54]
	at org.springframework.boot.web.embedded.tomcat.TomcatWebServer.initialize(TomcatWebServer.java:128) ~[spring-boot-3.5.14.jar:3.5.14]
	at org.springframework.boot.web.embedded.tomcat.TomcatWebServer.<init>(TomcatWebServer.java:107) ~[spring-boot-3.5.14.jar:3.5.14]
	at org.springframework.boot.web.embedded.tomcat.TomcatServletWebServerFactory.getTomcatWebServer(TomcatServletWebServerFactory.java:517) ~[spring-boot-3.5.14.jar:3.5.14]
	at org.springframework.boot.web.embedded.tomcat.TomcatServletWebServerFactory.getWebServer(TomcatServletWebServerFactory.java:219) ~[spring-boot-3.5.14.jar:3.5.14]
	at org.springframework.boot.web.servlet.context.ServletWebServerApplicationContext.createWebServer(ServletWebServerApplicationContext.java:193) ~[spring-boot-3.5.14.jar:3.5.14]
	at org.springframework.boot.web.servlet.context.ServletWebServerApplicationContext.onRefresh(ServletWebServerApplicationContext.java:167) ~[spring-boot-3.5.14.jar:3.5.14]
	at org.springframework.context.support.AbstractApplicationContext.refresh(AbstractApplicationContext.java:622) ~[spring-context-6.2.18.jar:6.2.18]
	at org.springframework.boot.web.servlet.context.ServletWebServerApplicationContext.refresh(ServletWebServerApplicationContext.java:146) ~[spring-boot-3.5.14.jar:3.5.14]
	at org.springframework.boot.SpringApplication.refresh(SpringApplication.java:752) ~[spring-boot-3.5.14.jar:3.5.14]
	at org.springframework.boot.SpringApplication.refreshContext(SpringApplication.java:439) ~[spring-boot-3.5.14.jar:3.5.14]
	at org.springframework.boot.SpringApplication.run(SpringApplication.java:318) ~[spring-boot-3.5.14.jar:3.5.14]
	at org.springframework.boot.SpringApplication.run(SpringApplication.java:1361) ~[spring-boot-3.5.14.jar:3.5.14]
	at org.springframework.boot.SpringApplication.run(SpringApplication.java:1350) ~[spring-boot-3.5.14.jar:3.5.14]
	at com.firstteam.taskbountyplatform.TaskBountyPlatformApplication.main(TaskBountyPlatformApplication.java:14) ~[classes/:na]
Caused by: com.mysql.cj.jdbc.exceptions.MysqlDataTruncation: Data truncation: Data too long for column 'config_value' at row 1
	at com.mysql.cj.jdbc.exceptions.SQLExceptionsMapping.translateException(SQLExceptionsMapping.java:96) ~[mysql-connector-j-9.7.0.jar:9.7.0]
	at com.mysql.cj.jdbc.StatementImpl.executeInternal(StatementImpl.java:839) ~[mysql-connector-j-9.7.0.jar:9.7.0]
	at com.mysql.cj.jdbc.StatementImpl.execute(StatementImpl.java:687) ~[mysql-connector-j-9.7.0.jar:9.7.0]
	at com.zaxxer.hikari.pool.ProxyStatement.execute(ProxyStatement.java:95) ~[HikariCP-6.3.3.jar:na]
	at com.zaxxer.hikari.pool.HikariProxyStatement.execute(HikariProxyStatement.java) ~[HikariCP-6.3.3.jar:na]
	at org.hibernate.tool.schema.internal.exec.GenerationTargetToDatabase.accept(GenerationTargetToDatabase.java:80) ~[hibernate-core-6.6.49.Final.jar:6.6.49.Final]
	... 108 common frames omitted

2026-06-11T23:32:47.660+08:00  INFO 2820061 --- [TaskBountyPlatform] [main] j.LocalContainerEntityManagerFactoryBean : Initialized JPA EntityManagerFactory for persistence unit 'default'
2026-06-11T23:32:47.852+08:00  INFO 2820061 --- [TaskBountyPlatform] [main] o.s.d.j.r.query.QueryEnhancerFactory     : Hibernate is in classpath; If applicable, HQL parser will be used.
2026-06-11T23:32:48.255+08:00 DEBUG 2820061 --- [TaskBountyPlatform] [main] c.f.t.a.s.JwtAuthenticationFilter        : Filter 'jwtAuthenticationFilter' configured for use
2026-06-11T23:32:49.113+08:00  WARN 2820061 --- [TaskBountyPlatform] [main] JpaBaseConfiguration$JpaWebConfiguration : spring.jpa.open-in-view is enabled by default. Therefore, database queries may be performed during view rendering. Explicitly configure spring.jpa.open-in-view to disable this warning
2026-06-11T23:32:49.140+08:00  INFO 2820061 --- [TaskBountyPlatform] [main] o.s.b.a.w.s.WelcomePageHandlerMapping    : Adding welcome page: class path resource [static/index.html]
2026-06-11T23:32:49.394+08:00  INFO 2820061 --- [TaskBountyPlatform] [main] o.s.b.a.e.web.EndpointLinksResolver      : Exposing 4 endpoints beneath base path '/actuator'
2026-06-11T23:32:49.432+08:00  WARN 2820061 --- [TaskBountyPlatform] [main] .s.s.UserDetailsServiceAutoConfiguration : 

Using generated security password: 947ecee6-718a-4cab-86dc-46322fb0b0f3

This generated password is for development use only. Your security configuration must be updated before running your application in production.

2026-06-11T23:32:49.437+08:00  INFO 2820061 --- [TaskBountyPlatform] [main] r$InitializeUserDetailsManagerConfigurer : Global AuthenticationManager configured with UserDetailsService bean with name inMemoryUserDetailsManager
2026-06-11T23:32:49.851+08:00  INFO 2820061 --- [TaskBountyPlatform] [main] o.s.b.w.embedded.tomcat.TomcatWebServer  : Tomcat started on port 8080 (http) with context path '/'
2026-06-11T23:32:49.871+08:00  INFO 2820061 --- [TaskBountyPlatform] [main] c.f.t.TaskBountyPlatformApplication      : Started TaskBountyPlatformApplication in 5.847 seconds (process running for 6.052)
2026-06-11T23:33:14.918+08:00  INFO 2820061 --- [TaskBountyPlatform] [http-nio-8080-exec-2] o.a.c.c.C.[Tomcat].[localhost].[/]       : Initializing Spring DispatcherServlet 'dispatcherServlet'
2026-06-11T23:33:14.918+08:00  INFO 2820061 --- [TaskBountyPlatform] [http-nio-8080-exec-2] o.s.web.servlet.DispatcherServlet        : Initializing Servlet 'dispatcherServlet'
2026-06-11T23:33:14.919+08:00  INFO 2820061 --- [TaskBountyPlatform] [http-nio-8080-exec-2] o.s.web.servlet.DispatcherServlet        : Completed initialization in 1 ms
2026-06-11T23:33:16.245+08:00 DEBUG 2820061 --- [TaskBountyPlatform] [http-nio-8080-exec-1] c.f.t.c.e.GlobalExceptionHandler         : SPA fallback: /profile -> /index.html
2026-06-11T23:33:25.382+08:00 DEBUG 2820061 --- [TaskBountyPlatform] [http-nio-8080-exec-8] c.f.t.c.e.GlobalExceptionHandler         : SPA fallback: /admin/dashboard -> /index.html
2026-06-11T23:33:27.244+08:00 DEBUG 2820061 --- [TaskBountyPlatform] [http-nio-8080-exec-4] c.f.t.c.e.GlobalExceptionHandler         : SPA fallback: /avatars/default.png -> /index.html
2026-06-11T23:33:53.938+08:00 DEBUG 2820061 --- [TaskBountyPlatform] [http-nio-8080-exec-4] c.f.t.audit.service.AuditLogService      : Audit log created: id=57, operatorId=3, actionType=TASK_PUBLISH, targetType=TASK, targetId=21
2026-06-11T23:33:53.938+08:00  INFO 2820061 --- [TaskBountyPlatform] [http-nio-8080-exec-4] c.f.t.task.service.TaskService           : Task published: id=21, publisherId=3, title=文件传送测试, reward=50
2026-06-11T23:33:53.955+08:00  INFO 2820061 --- [TaskBountyPlatform] [http-nio-8080-exec-4] c.f.t.file.service.FileService           : File saved to disk: /home/gr/cxy/code/Micro-task-Bounty-Platform/backend/./uploads/TASK_ATTACHMENT/21/e2237470-a977-4ed3-8d62-b1c3eb8fae99.pdf
2026-06-11T23:33:53.958+08:00  INFO 2820061 --- [TaskBountyPlatform] [http-nio-8080-exec-4] c.f.t.file.service.FileService           : FileObject created: id=2, bizType=TASK_ATTACHMENT, bizId=21, name=Chapter 6 Assignments.pdf
2026-06-11T23:33:55.994+08:00 DEBUG 2820061 --- [TaskBountyPlatform] [http-nio-8080-exec-10] c.f.t.c.e.GlobalExceptionHandler         : SPA fallback: /avatars/default.png -> /index.html
2026-06-11T23:34:05.560+08:00 DEBUG 2820061 --- [TaskBountyPlatform] [http-nio-8080-exec-1] c.f.t.c.e.GlobalExceptionHandler         : SPA fallback: /favicon.ico -> /index.html
2026-06-11T23:35:00.002+08:00  INFO 2820061 --- [TaskBountyPlatform] [scheduling-1] c.f.t.scheduler.TaskTimeoutScheduler     : Starting checkPendingConfirmationTimeout...
2026-06-11T23:35:00.038+08:00  INFO 2820061 --- [TaskBountyPlatform] [scheduling-1] c.f.t.scheduler.TaskTimeoutScheduler     : Found 0 PENDING_CONFIRMATION tasks
2026-06-11T23:35:00.038+08:00  INFO 2820061 --- [TaskBountyPlatform] [scheduling-1] c.f.t.scheduler.TaskTimeoutScheduler     : checkPendingConfirmationTimeout completed. Processed 0 tasks
2026-06-11T23:35:00.039+08:00  INFO 2820061 --- [TaskBountyPlatform] [scheduling-1] c.f.t.scheduler.TaskTimeoutScheduler     : Starting checkDeliveryTimeout...
2026-06-11T23:35:00.042+08:00  INFO 2820061 --- [TaskBountyPlatform] [scheduling-1] c.f.t.scheduler.TaskTimeoutScheduler     : Found 1 overdue IN_PROGRESS tasks
2026-06-11T23:35:00.049+08:00 DEBUG 2820061 --- [TaskBountyPlatform] [scheduling-1] c.f.t.n.service.NotificationService      : Notification created: id=302, receiverId=1, type=TASK_UPDATE
2026-06-11T23:35:00.055+08:00 DEBUG 2820061 --- [TaskBountyPlatform] [scheduling-1] c.f.t.n.service.NotificationService      : Notification created: id=303, receiverId=13, type=TASK_UPDATE
2026-06-11T23:35:00.056+08:00  INFO 2820061 --- [TaskBountyPlatform] [scheduling-1] c.f.t.scheduler.TaskTimeoutScheduler     : checkDeliveryTimeout completed. Processed 1 tasks
2026-06-11T23:35:00.057+08:00  INFO 2820061 --- [TaskBountyPlatform] [scheduling-1] c.f.t.scheduler.TaskTimeoutScheduler     : Starting checkUnclaimedTaskTimeout...
2026-06-11T23:35:00.060+08:00  INFO 2820061 --- [TaskBountyPlatform] [scheduling-1] c.f.t.scheduler.TaskTimeoutScheduler     : Found 0 published tasks past auto-cancel deadline
2026-06-11T23:35:00.060+08:00  INFO 2820061 --- [TaskBountyPlatform] [scheduling-1] c.f.t.scheduler.TaskTimeoutScheduler     : checkUnclaimedTaskTimeout completed. Processed 0 tasks
